event_id,japones,es_oficial
10010001,%s\nが%2F仲間になった！,¡%s se te ha unido!
10010001,0%1F彼なら\n%2F駅前に　%1F呼んでいるわ。,Le he dicho que te espere\npor la estación.
10010001,8ぼやぼやしていると\nどこかへ%1F行ってしまうわよ。,"Como pierdas mucho el tiempo,\nse acabará yendo a otro sitio."
10010001,dまさかオレが%2F雷門サッカー%1F部に\n%1F入ることになるとはな…。\nまあ　よろしくたのむぜ…。,Quién me iba a decir que acabaría\njugando al fútbol en el Raimon.\n¿Crees que nos llevaremos bien?
10010001,もしもし？\n%2F円堂くん？,¡Hola! ¿Mark?
10010002,%s\nが%2F仲間になった！,¡%s se te ha unido!
10010002,0%1F彼なら\n%2F駅前に　%1F呼んでいるわ。,Le he dicho que te espere\npor la estación.
10010002,Lどこかへ%1F行ってしまう%1F前に\n%1F早く　%1F引き%1F抜いてきなさい。,"Fíchale rápido, antes de\nque se vaya a otra parte."
10010002,\%2F雷門には\n%2F美人マネージャーが　いるらしいな。\nしかたないから　%1F入ってやるよ。,Dicen que la gerente del Raimon es\nmuy guapa. Qué le vamos a hacer...\nMe uniré al equipo si quieres.
10010002,もしもし？\n%2F円堂くん？,¡Hola! ¿Mark?
10010003,%s\nが%2F仲間になった！,¡%s se te ha unido!
10010003,0%1F彼なら\n%2F駅前に　%1F呼んでいるわ。,Le he dicho que te espere\npor la estación.
10010003,Pわざわざ　%1F呼んであげたんだから\nちゃんと　%1F引き%1F抜いてくることね。,"Ya que me has hecho llamarle a\nposta, tienes que ficharle, ¿eh?"
10010003,`よう！　この%1F前は　%1F負けたぜ。\nせっかくさそわれたんだし\n%2F転校して%1F来てやるよ。,"El otro día jugasteis bien. Ya\nque te has tomado la molestia de\ninvitarme, me uniré a tu equipo."
10010003,もしもし？\n%2F円堂くん？,¡Hola! ¿Mark?
10010004,%s\nが%2F仲間になった！,¡%s se te ha unido!
10010004,D%1F彼なら\n%3F河川敷グラウンドの%2F道路に\n%1F呼んでいるわ。,Le he dicho que vaya a la\ncarretera que hay en el río.
10010004,Xふん！　このオレが　おまえたちの\nサッカー%1F部に%1F入ってやるよ。\n%2F感謝しな！,¡Je! Os haré el favor de entrar\nen vuestro club. ¿A que soy como\nun regalo caído del cielo?
10010004,\べ　%1F別にあなたのために\nやっているわけじゃないのだから！\nかんちがいしないでよね！,¡Que sepas que no lo hago por ti!\nNo te pienses cosas que no son.
10010004,もしもし？\n%2F円堂くん？,¡Hola! ¿Mark?
10010005,%s\nが%2F仲間になった！,¡%s se te ha unido!
10010005,D%1F彼なら\n%3F河川敷グラウンドの%2F道路に\n%1F呼んでいるわ。,Le he dicho que vaya a la\ncarretera que hay en el río.
10010005,Lどこかへ%1F行ってしまう%1F前に\n%1F早く　%1F引き%1F抜いてきなさい。,"Fíchale rápido, antes de\nque se vaya a otra parte."
10010005,T%2F雷門サッカー%1F部　%1F入りに%1F来た…\n%1F道にまよった…\n%2F案内しろ…。,"He venido a unirme al club de\nfútbol del Raimon, pero me he\nperdido. Enséñame el camino, anda."
10010005,もしもし？\n%2F円堂くん？,¡Hola! ¿Mark?
10010006,%s\nが%2F仲間になった！,¡%s se te ha unido!
10010006,D%1F彼なら\n%3F河川敷グラウンドの%2F道路に\n%1F呼んでいるわ。,Le he dicho que vaya a la\ncarretera que hay en el río.
10010006,Pわざわざ　%1F呼んであげたんだから\nちゃんと　%1F引き%1F抜いてくることね。,"Ya que me has hecho llamarle a\nposta, tienes que ficharle, ¿eh?"
10010006,Tあんたたち　なかなか%1F強かったな。\n%2F雷門に%2F転校したいのだが…\nいいか？,El otro día demostrasteis que sois\nbastante buenos. ¿Te parece bien\nsi me vengo a jugar al Raimon?
10010006,もしもし？\n%2F円堂くん？,¡Hola! ¿Mark?
10010007,%s\nが%2F仲間になった！,¡%s se te ha unido!
10010007,4もうわかっているよね？\nこれから　よろしく！,Te aseguro que no te defraudaré.\n¿Confías en mí?
10010007,8ぼやぼやしていると\nどこかへ%1F行ってしまうわよ。,"Como pierdas mucho el tiempo,\nse acabará yendo a otro sitio."
10010007,D%1F彼なら\n%3F河川敷グラウンドの%2F道路に\n%1F呼んでいるわ。,Le he dicho que vaya a la\ncarretera que hay en el río.
10010007,もしもし？\n%2F円堂くん？,¡Hola! ¿Mark?
10010008,%s\nが%2F仲間になった！,¡%s se te ha unido!
10010008,8%1F彼なら\n%3F河川敷の%2F道路に\n%1F呼んでいるわ。,Te está esperando en la\ncarretera que hay cerca del\ncampo de fútbol del río.
10010008,Lどこかへ%1F行ってしまう%1F前に\n%1F早く　%1F引き%1F抜いてきなさい。,"Fíchale rápido, antes de\nque se vaya a otra parte."
10010008,Lまさか　こんなことになるとはな…。\nまあ　ちゃんと%2F入部してやるよ。,"Esto sí que no me lo esperaba,\npero... Venga, vale. Me uniré\na vuestro equipo."
10010008,もしもし？\n%2F円堂くん？,¡Hola! ¿Mark?
10010009,%s\nが%2F仲間になった！,¡%s se te ha unido!
10010009,8%1F彼なら\n%3F河川敷の%2F道路に\n%1F呼んでいるわ。,Te está esperando en la\ncarretera que hay cerca del\ncampo de fútbol del río.
10010009,Lこのボクが%1F入りに%1F来てやったよ。\nさあ　%2F入部させてもらおうか。,"Quiero unirme a tu equipo.\nTe parece bien, ¿verdad?"
10010009,Pわざわざ　%1F呼んであげたんだから\nちゃんと　%1F引き%1F抜いてくることね。,"Ya que me has hecho llamarle a\nposta, tienes que ficharle, ¿eh?"
10010009,もしもし？\n%2F円堂くん？,¡Hola! ¿Mark?
10010010,%s\nが%2F仲間になった！,¡%s se te ha unido!
10010010,8%1F彼なら\n%3F河川敷の%2F道路に\n%1F呼んでいるわ。,Te está esperando en la\ncarretera que hay cerca del\ncampo de fútbol del río.
10010010,8ぼやぼやしていると\nどこかへ%1F行ってしまうわよ。,"Como pierdas mucho el tiempo,\nse acabará yendo a otro sitio."
10010010,Pもうオレたちが%1F戦う%2F理由はない。\nおまえの%2F勝利に　%2F協力しよう！,"Nosotros ya no tenemos nada por\nlo que luchar. Por eso, os ayudaré\na lograr vuestro propósito."
10010010,もしもし？\n%2F円堂くん？,¡Hola! ¿Mark?
10010011,%s\nが%2F仲間になった！,¡%s se te ha unido!
10010011,4%1F彼なら\n%2F正門の%1F近くに%1F呼んでいるわ。,Está esperándote cerca\nde la puerta principal.
10010011,Lどこかへ%1F行ってしまう%1F前に\n%1F早く　%1F引き%1F抜いてきなさい。,"Fíchale rápido, antes de\nque se vaya a otra parte."
10010011,d%2F雷門サッカー%1F部\nあんたたちの%2F実力はホンモノだった。\nいっしょにサッカーさせてくれ！,Me habéis demostrado vuestra\nvalía como equipo de fútbol.\n¡Dejad que me una a vosotros!
10010011,もしもし？\n%2F円堂くん？,¡Hola! ¿Mark?
10010012,%s\nが%2F仲間になった！,¡%s se te ha unido!
10010012,D%1F彼なら\n%3F正門前グラウンドの%1F近くに\n%1F呼んでいるわ。,Le he dicho que te espere por\nel campo de fútbol que hay en\nla entrada principal.
10010012,\べ　%1F別にあなたのために\nやっているわけじゃないのだから！\nかんちがいしないでよね！,¡Que sepas que no lo hago por ti!\nNo te pienses cosas que no son.
10010012,…%1F入れろ。,¡Apuntadme en el equipo!
10010012,もしもし？\n%2F円堂くん？,¡Hola! ¿Mark?
10010013,%s\nが%2F仲間になった！,¡%s se te ha unido!
10010013,8ぼやぼやしていると\nどこかへ%1F行ってしまうわよ。,"Como pierdas mucho el tiempo,\nse acabará yendo a otro sitio."
10010013,<%2F雷門サッカー%1F部に%1F入りに%1F来た！\nよろしく！,¡He venido para unirme al club de\nfútbol del Raimon! ¿Te parece bien?
10010013,D%1F彼なら\n%3F正門前グラウンドの%1F近くに\n%1F呼んでいるわ。,Le he dicho que te espere por\nel campo de fútbol que hay en\nla entrada principal.
10010013,もしもし？\n%2F円堂くん？,¡Hola! ¿Mark?
10010014,%s\nが%2F仲間になった！,¡%s se te ha unido!
10010014,D%1F彼なら\n%3F正門前グラウンドの%1F近くに\n%1F呼んでいるわ。,Le he dicho que te espere por\nel campo de fútbol que hay en\nla entrada principal.
10010014,Lどこかへ%1F行ってしまう%1F前に\n%1F早く　%1F引き%1F抜いてきなさい。,"Fíchale rápido, antes de\nque se vaya a otra parte."
10010014,T%2F雷門サッカー%1F部に\nさそわれたから%1F来てやったぞ。\nさあ　%1F入れてくれ。,"He venido porque me han pedido \nque juegue en el equipo del Raimon.\nVenga, hacedme un hueco."
10010014,もしもし？\n%2F円堂くん？,¡Hola! ¿Mark?
10010015,%s\nが%2F仲間になった！,¡%s se te ha unido!
10010015,<%1F彼なら\nテニスコートの%1F近くに\n%1F呼んでいるわ。,Te está esperando por\nlas pistas de tenis.
10010015,Pわざわざ　%1F呼んであげたんだから\nちゃんと　%1F引き%1F抜いてくることね。,"Ya que me has hecho llamarle a\nposta, tienes que ficharle, ¿eh?"
10010015,`ちゃんと　ここまで%1F来てやったぞ。\nさあ　オレを%2F雷門サッカー%1F部に\n%1F入れてくれよ！,"Ya que has llegado hasta aquí,\nahora tendrás que aceptarme en\nel Raimon."
10010015,もしもし？\n%2F円堂くん？,¡Hola! ¿Mark?
10010016,%s\nが%2F仲間になった！,¡%s se te ha unido!
10010016,8ぼやぼやしていると\nどこかへ%1F行ってしまうわよ。,"Como pierdas mucho el tiempo,\nse acabará yendo a otro sitio."
10010016,<%1F彼なら\nテニスコートの%1F近くに\n%1F呼んでいるわ。,Te está esperando por\nlas pistas de tenis.
10010016,Hオレがここにいるってことは\nどういうことか\nわかっているんだろう？,¿Sabes por qué estoy aquí?
10010016,もしもし？\n%2F円堂くん？,¡Hola! ¿Mark?
10010017,%s\nが%2F仲間になった！,¡%s se te ha unido!
10010017,<%1F彼なら\nテニスコートの%1F近くに\n%1F呼んでいるわ。,Te está esperando por\nlas pistas de tenis.
10010017,L%2F雷門サッカー%1F部へ%1F入りに%1F来た。\nこれから　よろしくたのむ。,Quiero jugar en el Raimon. Me siento\nmotivado. ¿Te parece bien?
10010017,Lどこかへ%1F行ってしまう%1F前に\n%1F早く　%1F引き%1F抜いてきなさい。,"Fíchale rápido, antes de\nque se vaya a otra parte."
10010017,もしもし？\n%2F円堂くん？,¡Hola! ¿Mark?
10010018,%s\nが%2F仲間になった！,¡%s se te ha unido!
10010018,0%1F彼なら\n%3F野球場に　%1F呼んでいるわ。,Le he dicho que te espere\nen el campo de béisbol.
10010018,Pわざわざ　%1F呼んであげたんだから\nちゃんと　%1F引き%1F抜いてくることね。,"Ya que me has hecho llamarle a\nposta, tienes que ficharle, ¿eh?"
10010018,\おう　%2F雷門キャプテンさんよ。\nわざわざ　%1F来てやったぜ。\nそれじゃあ　たのむよ。,"¡Hola, capitán! He venido\nexpresamente, así que...\nhazme el favor, anda."
10010018,もしもし？\n%2F円堂くん？,¡Hola! ¿Mark?
10010019,%s\nが%2F仲間になった！,¡%s se te ha unido!
10010019,0%1F彼なら\n%3F野球場に　%1F呼んでいるわ。,Le he dicho que te espere\nen el campo de béisbol.
10010019,8ぼやぼやしていると\nどこかへ%1F行ってしまうわよ。,"Como pierdas mucho el tiempo,\nse acabará yendo a otro sitio."
10010019,`やあ　%2F雷門キャプテンさん。\nサッカー%1F部に%1F入りに%1F来たよ。\nこれから　よろしく！,"Hola, capitán. He venido porque\nquiero unirme al Raimon.\n¡Déjame jugar contigo!"
10010019,もしもし？\n%2F円堂くん？,¡Hola! ¿Mark?
10010020,%s\nが%2F仲間になった！,¡%s se te ha unido!
10010020,8%1F彼なら\n%3F野球場の%1F近くに\n%1F呼んでいるわ。,Te está esperando cerca\ndel campo de béisbol.
10010020,\べ　%1F別にあなたのために\nやっているわけじゃないのだから！\nかんちがいしないでよね！,¡Que sepas que no lo hago por ti!\nNo te pienses cosas que no son.
10010020,`オレを%1F引き%1F抜くとは\nおまえ　%1F見る%1F目があるな。\nさあ　オレを%2F入部させなよ。,"Veo que tienes buen ojo, como\nhas demostrado al venir a por mí.\nVenga, fíchame para tu equipo."
10010020,もしもし？\n%2F円堂くん？,¡Hola! ¿Mark?
10010021,%s\nが%2F仲間になった！,¡%s se te ha unido!
10010021,8%1F彼なら\n%2F裏門の%1F近くに\n%1F呼んでいるわ。,Le he dicho que se quede\ncerca de la puerta trasera\ndel instituto.
10010021,Pわざわざ　%1F呼んであげたんだから\nちゃんと　%1F引き%1F抜いてくることね。,"Ya que me has hecho llamarle a\nposta, tienes que ficharle, ¿eh?"
10010021,Tオレを%1F引き%1F抜く…\nおまえ　%1F見る%1F目ある。\nオレ　%2F入部してやる。,"¡Tú sí que sabes!\nQuieres ficharme, ¿verdad?"
10010021,もしもし？\n%2F円堂くん？,¡Hola! ¿Mark?
10010022,%s\nが%2F仲間になった！,¡%s se te ha unido!
10010022,8%1F彼なら\n%2F裏門の%1F近くに\n%1F呼んでいるわ。,Le he dicho que se quede\ncerca de la puerta trasera\ndel instituto.
10010022,8ぼやぼやしていると\nどこかへ%1F行ってしまうわよ。,"Como pierdas mucho el tiempo,\nse acabará yendo a otro sitio."
10010022,Dまさか　ここに%2F転校するとはな。\nまあ　%2F入部してやるよ。,"Mira que acabar en este\ninstituto... Bueno, ya que\nestoy aquí, ¿quieres jugar?"
10010022,もしもし？\n%2F円堂くん？,¡Hola! ¿Mark?
10010023,%s\nが%2F仲間になった！,¡%s se te ha unido!
10010023,8%1F彼なら\n%3F駐車場の%1F近くに\n%1F呼んでいるわ。,Le he dicho que te espere\npor el aparcamiento.
10010023,Lどこかへ%1F行ってしまう%1F前に\n%1F早く　%1F引き%1F抜いてきなさい。,"Fíchale rápido, antes de\nque se vaya a otra parte."
10010023,dおい　サッカー%1F部ってここだろ？\nちゃんと　%1F来てやったぜ。\nさあ　オレを%2F入部させな。,¿Es este el club de fútbol?\nAquí me tenéis. Dejadme jugar\ncon vosotros.
10010023,もしもし？\n%2F円堂くん？,¡Hola! ¿Mark?
10010024,%s\nが%2F仲間になった！,¡%s se te ha unido!
10010024,8%1F彼なら\nプールの%1F近くに\n%1F呼んでいるわ。,Le he dicho que te espere\ncerca de la piscina.
10010024,Pわざわざ　%1F呼んであげたんだから\nちゃんと　%1F引き%1F抜いてくることね。,"Ya que me has hecho llamarle a\nposta, tienes que ficharle, ¿eh?"
10010024,\%1F負けた%2F学校に　%1F入るのはイヤだけど\n%2F今回は　トクベツに\n%1F入ってやるよ。,"No me hace gracia tener que jugar\nen un equipo de perdedores, pero...\nsi insistes, me uniré a vosotros."
10010024,もしもし？\n%2F円堂くん？,¡Hola! ¿Mark?
10010025,%s\nが%2F仲間になった！,¡%s se te ha unido!
10010025,8%1F彼なら\n%3F焼却炉の%1F近くに\n%1F呼んでいるわ。,Le he dicho que se quede\npor donde está la incineradora.
10010025,8ぼやぼやしていると\nどこかへ%1F行ってしまうわよ。,"Como pierdas mucho el tiempo,\nse acabará yendo a otro sitio."
10010025,Pサッカーより%2F大事なことがあるけど\n%2F仕方ない！\n%1F力をかしましょう！,"Tengo que hacer cosas más importantes\nque jugar al fútbol, pero bueno...\n¿Quieres que te eche un cable?"
10010025,もしもし？\n%2F円堂くん？,¡Hola! ¿Mark?
10010026,%s\nが%2F仲間になった！,¡%s se te ha unido!
10010026,<%1F彼なら\nウサギ%2F小屋の%1F近くに\n%1F呼んでいるわ。,Le he dicho que se quede cerca\ndel corral de las gallinas.
10010026,Lどこかへ%1F行ってしまう%1F前に\n%1F早く　%1F引き%1F抜いてきなさい。,"Fíchale rápido, antes de\nque se vaya a otra parte."
10010026,T%2F転校するのは　めんどくさいけど\nせっかくさそわれたし\n%1F入ってあげようか？,"Me da palo tener que cambiarme\nde instituto, pero ya que me lo\nhabéis pedido, aceptaré, ¿vale?"
10010026,もしもし？\n%2F円堂くん？,¡Hola! ¿Mark?
10010027,%s\nが%2F仲間になった！,¡%s se te ha unido!
10010027,4%1F彼なら\nプールサイドに　%1F呼んでいるわ。,Está esperándote junto\na la piscina.
10010027,Pわざわざ　%1F呼んであげたんだから\nちゃんと　%1F引き%1F抜いてくることね。,"Ya que me has hecho llamarle a\nposta, tienes que ficharle, ¿eh?"
10010027,Pオレは%2F優勝したくて%1F来たんだ。\nここなら　%2F優勝させてくれるんだろ？,¡Hola! ¿Mark?
10010028,%s\nが%2F仲間になった！,¡%s se te ha unido!
10010028,8%1F彼なら\n%3F体育館の%1F近くに\n%1F呼んでいるわ。,Le he dicho que no se mueva\nde la zona del gimnasio.
10010028,8ぼやぼやしていると\nどこかへ%1F行ってしまうわよ。,"Como pierdas mucho el tiempo,\nse acabará yendo a otro sitio."
10010028,Xオレの%1F技は　%1F弱い%2F学校にはいらない。\nだから　%2F雷門に%1F入ってやるよ。,He venido al Raimon porque mi\njuego solo encaja en vuestro\nequipo. ¿Te parece bien?
10010028,もしもし？\n%2F円堂くん？,¡Hola! ¿Mark?
10010029,%s\nが%2F仲間になった！,¡%s se te ha unido!
10010029,8%1F彼なら\n%3F体育館の%1F近くに\n%1F呼んでいるわ。,Le he dicho que no se mueva\nde la zona del gimnasio.
10010029,Lどこかへ%1F行ってしまう%1F前に\n%1F早く　%1F引き%1F抜いてきなさい。,"Fíchale rápido, antes de\nque se vaya a otra parte."
10010029,Pオレの%1F強さは　この%1F前%1F見ただろ？\nさあ　オレを%1F引き%1F抜きな！,"Ya has visto lo que valgo, ¿no?\n¿A qué esperas para ficharme?"
10010029,もしもし？\n%2F円堂くん？,¡Hola! ¿Mark?
10010030,%s\nが%2F仲間になった！,¡%s se te ha unido!
10010030,<%1F彼なら\n%4F体育倉庫の%1F近くに\n%1F呼んでいるわ。,Está cerca del almacén del\ngimnasio.\n
10010030,Pわざわざ　%1F呼んであげたんだから\nちゃんと　%1F引き%1F抜いてくることね。,"Ya que me has hecho llamarle a\nposta, tienes que ficharle, ¿eh?"
10010030,\オレを%1F引き%1F抜きたいのか？\nオレは　%1F前がよく%1F見えないが\nそれでもいいのか？,"Que sepas que no veo muy bien,\npero si eso no te importa...\n¿Aun así quieres ficharme?"
10010030,もしもし？\n%2F円堂くん？,¡Hola! ¿Mark?
10010031,%s\nが%2F仲間になった！,¡%s se te ha unido!
10010031,8ぼやぼやしていると\nどこかへ%1F行ってしまうわよ。,"Como pierdas mucho el tiempo,\nse acabará yendo a otro sitio."
10010031,<%1F彼なら\n%4F体育倉庫の%1F近くに\n%1F呼んでいるわ。,Está cerca del almacén del\ngimnasio.\n
10010031,`オレがこんな%2F学校に%1F来るなんて…\nこうなったら　このチームで\n%2F優勝するしかないな！,"¡Conmigo en el equipo,\nno vamos a perder nunca!\n¿Estás de acuerdo?"
10010031,もしもし？\n%2F円堂くん？,¡Hola! ¿Mark?
10010032,%s\nが%2F仲間になった！,¡%s se te ha unido!
10010032,0%1F彼なら\n%3F住宅街に\n%1F呼んでいるわ。,Le he dicho que quede contigo\nen el barrio residencial.
10010032,Lどこかへ%1F行ってしまう%1F前に\n%1F早く　%1F引き%1F抜いてきなさい。,"Fíchale rápido, antes de\nque se vaya a otra parte."
10010032,\%2F試合にも%1F出ていない\nオレを%1F引き%1F抜いてくれるなんて…\nおまえ　いいヤツだな！,¡Qué majo eres! ¿Seguro que quieres\nfichar a alguien que no sabe lo\nque es jugar un partido?
10010032,もしもし？\n%2F円堂くん？,¡Hola! ¿Mark?
10010033,%s\nが%2F仲間になった！,¡%s se te ha unido!
10010033,0%1F彼なら\n%3F住宅街に\n%1F呼んでいるわ。,Le he dicho que quede contigo\nen el barrio residencial.
10010033,Pわざわざ　%1F呼んであげたんだから\nちゃんと　%1F引き%1F抜いてくることね。,"Ya que me has hecho llamarle a\nposta, tienes que ficharle, ¿eh?"
10010033,dおっす！　%1F久しぶり！\n%1F早くこの%1F町のくらしに　なれるように\nがんばるから　よろしくね！,¡Buenas! ¡Cuánto tiempo!\n¿Me ayudarás a adaptarme\na la vida en esta ciudad?
10010033,もしもし？\n%2F円堂くん？,¡Hola! ¿Mark?
10010034,%s\nが%2F仲間になった！,¡%s se te ha unido!
10010034,8ぼやぼやしていると\nどこかへ%1F行ってしまうわよ。,"Como pierdas mucho el tiempo,\nse acabará yendo a otro sitio."
10010034,@%1F彼なら\n%3F商店街のレンガの%2F広場に\n%1F呼んでいるわ。,Está esperándote por la plaza\nde adoquines que hay en el\nbarrio de tiendas.
10010034,\%1F遅いっ！\nオレがほしいなら　さっさと%1F来い！\nそして　さっさと%1F引き%1F抜けよ！,"¡Llegas tarde! ¡Que sepas que\nno me gusta nada esperar!\nVamos, ¡fíchame rápido!"
10010034,もしもし？\n%2F円堂くん？,¡Hola! ¿Mark?
10010035,%s\nが%2F仲間になった！,¡%s se te ha unido!
10010035,@%1F彼なら\n%3F商店街のレンガの%2F広場に\n%1F呼んでいるわ。,Está esperándote por la plaza\nde adoquines que hay en el\nbarrio de tiendas.
10010035,Lどこかへ%1F行ってしまう%1F前に\n%1F早く　%1F引き%1F抜いてきなさい。,"Fíchale rápido, antes de\nque se vaya a otra parte."
10010035,`オレのこの%1F技…\n%1F次は　おまえたちのために%1F使ってやる。\nさあ　オレを%2F仲間にしろ。,La próxima vez que utilice\nmis técnicas será en vuestro\nfavor. Acéptame en tu equipo.
10010035,もしもし？\n%2F円堂くん？,¡Hola! ¿Mark?
10010036,%s\nが%2F仲間になった！,¡%s se te ha unido!
10010036,@%1F彼なら\n%3F商店街のレンガの%2F広場に\n%1F呼んでいるわ。,Está esperándote por la plaza\nde adoquines que hay en el\nbarrio de tiendas.
10010036,Pわざわざ　%1F呼んであげたんだから\nちゃんと　%1F引き%1F抜いてくることね。,"Ya que me has hecho llamarle a\nposta, tienes que ficharle, ¿eh?"
10010036,\オレを%1F引き%1F抜くとは　いい%2F度胸だな。\nその%2F度胸にめんじて\n%1F入ってやるよ。,"Tienes valor viniendo a por mí.\nMereces que juegue en tu equipo.\nTe parece bien, ¿no?"
10010036,もしもし？\n%2F円堂くん？,¡Hola! ¿Mark?
10010037,%s\nが%2F仲間になった！,¡%s se te ha unido!
10010037,8ぼやぼやしていると\nどこかへ%1F行ってしまうわよ。,"Como pierdas mucho el tiempo,\nse acabará yendo a otro sitio."
10010037,D%1F彼なら\n%3F商店街アーケードのわき%1F道に\n%1F呼んでいるわ。,Le he dicho que te espere en\nel callejón de la calle peatonal.
10010037,d%1F来るのが%1F遅いっ！\nもう　%1F来ないかと%1F思ったよ…。\nさあ　%1F早く%1F引き%1F抜いて！,"¡Has tardado mucho! Pensaba que\nya no vendrías... ¡Vamos,\nfíchame rápido!"
10010037,もしもし？\n%2F円堂くん？,¡Hola! ¿Mark?
10010038,%s\nが%2F仲間になった！,¡%s se te ha unido!
10010038,D%1F彼なら\n%3F商店街アーケードのわき%1F道に\n%1F呼んでいるわ。,Le he dicho que te espere en\nel callejón de la calle peatonal.
10010038,Lどこかへ%1F行ってしまう%1F前に\n%1F早く　%1F引き%1F抜いてきなさい。,"Fíchale rápido, antes de\nque se vaya a otra parte."
10010038,`ふぅー　やっと%1F来たか。\n%1F待ちくたびれたよ。\nじゃあ　%1F早く%1F引き%1F抜いてくれよ。,"¡Por fin has venido! Ya me estaban\nempezando a salir telarañas.\nVenga, fíchame ya."
10010038,もしもし？\n%2F円堂くん？,¡Hola! ¿Mark?
10010039,%s\nが%2F仲間になった！,¡%s se te ha unido!
10010039,8%1F彼なら\n%2F鉄塔の%1F近くに\n%1F呼んでいるわ。,Le he dicho que te espere\ncerca de la torre.
10010039,Pわざわざ　%1F呼んであげたんだから\nちゃんと　%1F引き%1F抜いてくることね。,"Ya que me has hecho llamarle a\nposta, tienes que ficharle, ¿eh?"
10010039,dぐふふっ…　オレがほしいとは\nおまえ　ヘンなヤツだな。\n%1F気にいったから　%1F入ってやるよ。,"Ju, ju... Eres muy raro. No sé\npor qué puedo interesarte...\nPero me caes bien, jugaré contigo."
10010039,もしもし？\n%2F円堂くん？,¡Hola! ¿Mark?
10010040,%s\nが%2F仲間になった！,¡%s se te ha unido!
10010040,8%1F彼なら\n%2F鉄塔の%1F近くに\n%1F呼んでいるわ。,Le he dicho que te espere\ncerca de la torre.
10010040,8ぼやぼやしていると\nどこかへ%1F行ってしまうわよ。,"Como pierdas mucho el tiempo,\nse acabará yendo a otro sitio."
10010040,\………………………………………\n…オレがほしいんだろ？\n%1F早く　%1F引き%1F抜けよ！,"Vamos, ¿a qué esperas?\nQuieres ficharme, ¿verdad?"
10010040,もしもし？\n%2F円堂くん？,¡Hola! ¿Mark?
10010041,%s\nが%2F仲間になった！,¡%s se te ha unido!
10010041,8%1F彼なら\n%2F鉄塔の%1F近くに\n%1F呼んでいるわ。,Le he dicho que te espere\ncerca de la torre.
10010041,Lどこかへ%1F行ってしまう%1F前に\n%1F早く　%1F引き%1F抜いてきなさい。,"Fíchale rápido, antes de\nque se vaya a otra parte."
10010041,\なかなか%1F来ないから\n%2F場所を%2F間違えたかと%1F思ったぜ。\nそれじゃあ　よろしくな！,"Empezaba a pensar que te habías\nequivocado de sitio. ¡Bueno,\naquí me tienes! ¿Me aceptas?"
10010041,もしもし？\n%2F円堂くん？,¡Hola! ¿Mark?
10010042,%s\nが%2F仲間になった！,¡%s se te ha unido!
10010042,8%1F彼なら\n%2F鉄塔の%1F近くに\n%1F呼んでいるわ。,Le he dicho que te espere\ncerca de la torre.
10010042,Hオレが%1F入るからには\n%1F負けは%1F許さないからな。\nわかったな？,Te advierto que no me gusta perder.\n¿Quieres que me una a tu equipo\nde todas formas?
10010042,Pわざわざ　%1F呼んであげたんだから\nちゃんと　%1F引き%1F抜いてくることね。,"Ya que me has hecho llamarle a\nposta, tienes que ficharle, ¿eh?"
10010042,もしもし？\n%2F円堂くん？,¡Hola! ¿Mark?
10010043,%s\nが%2F仲間になった！,¡%s se te ha unido!
10010043,8%1F彼なら\n%3F野球場の%1F近くに\n%1F呼んでいるわ。,Te está esperando cerca\ndel campo de béisbol.
10010043,Pわざわざ　%1F呼んであげたんだから\nちゃんと　%1F引き%1F抜いてくることね。,"Ya que me has hecho llamarle a\nposta, tienes que ficharle, ¿eh?"
10010043,Tオレを%1F引き%1F抜きに%1F来たんだろ？\nだったら　さっさと%1F引き%1F抜けよ。,"Has venido a tentarme para que\nentre en tu equipo, ¿verdad?\nPues ya tardas en ficharme."
10010043,もしもし？\n%2F円堂くん？,¡Hola! ¿Mark?
10010044,%s\nが%2F仲間になった！,¡%s se te ha unido!
10010044,0%1F彼なら\n%2F駅前に　%1F呼んでいるわ。,Le he dicho que te espere\npor la estación.
10010044,8ぼやぼやしていると\nどこかへ%1F行ってしまうわよ。,"Como pierdas mucho el tiempo,\nse acabará yendo a otro sitio."
10010044,Xオレを%1F引き%1F抜くとは\nおまえ　%1F見る%1F目があるぜ。\nこれから　よろしくな。,Venir a por mí demuestra\nel buen gusto que tienes.\n¿Quieres que me una a tu equipo?
10010044,もしもし？\n%2F円堂くん？,¡Hola! ¿Mark?
10010045,%s\nが%2F仲間になった！,¡%s se te ha unido!
10010045,0%1F彼なら\n%2F駅前に　%1F呼んでいるわ。,Le he dicho que te espere\npor la estación.
10010045,Lどこかへ%1F行ってしまう%1F前に\n%1F早く　%1F引き%1F抜いてきなさい。,"Fíchale rápido, antes de\nque se vaya a otra parte."
10010045,Xふんっ！\nオレが　%2F雷門に%1F入るとはな。\nまあ　いいだろう。　%1F入ってやるよ。,"¡Ja! Yo jugando en el Raimon...\nBueno, cosas más raras se han\nvisto. ¿Me hacéis un hueco?"
10010045,もしもし？\n%2F円堂くん？,¡Hola! ¿Mark?
10010046,%s\nが%2F仲間になった！,¡%s se te ha unido!
10010046,8%1F彼なら\n%2F鉄塔の%1F近くに\n%1F呼んでいるわ。,Le he dicho que te espere\ncerca de la torre.
10010046,Pわざわざ　%1F呼んであげたんだから\nちゃんと　%1F引き%1F抜いてくることね。,"Ya que me has hecho llamarle a\nposta, tienes que ficharle, ¿eh?"
10010046,T%1F敵である　このオレを\n%1F引き%1F抜きたいなんて…\nとんでもない%1F悪だね。,Intentar fichar a un enemigo es\nalgo muy retorcido. ¿Estás seguro\nde que me quieres en tu equipo?
10010046,Xでも　キミのことは　%1F気に%1F入ったよ。\nトクベツに　%2F雷門に%1F入ってあげるさ。,"De todos modos, no me caes nada\nmal. Venga, jugaré en el Raimon."
10010046,もしもし？\n%2F円堂くん？,¡Hola! ¿Mark?
10010047,%s\nが%2F仲間になった！,¡%s se te ha unido!
10010047,8%1F彼なら\n%2F鉄塔の%1F近くに\n%1F呼んでいるわ。,Le he dicho que te espere\ncerca de la torre.
10010047,8ぼやぼやしていると\nどこかへ%1F行ってしまうわよ。,"Como pierdas mucho el tiempo,\nse acabará yendo a otro sitio."
10010047,Xせっかく　さそってくれたのを\n%1F断るのも%1F悪いしな。\n%2F雷門に%1F入ってやるよ。,"Como has venido expresamente,\nme sabe mal decirte que no.\nPero tú tienes la última palabra."
10010047,もしもし？\n%2F円堂くん？,¡Hola! ¿Mark?
10010048,%s\nが%2F仲間になった！,¡%s se te ha unido!
10010048,0ふーんだ！\nおにーちゃんの　いじわるっ！,¡Buuuh! ¡Eres malooo!
10010048,8ぼやぼやしていると\nどこかへ%1F行ってしまうわよ。,"Como pierdas mucho el tiempo,\nse acabará yendo a otro sitio."
10010048,<おにーちゃんたちのチームに\nはいってあげてもいいよ。,¡No me importa jugar con vosotros!
10010048,D%2F彼女なら\n%3F河川敷グラウンドの%2F道路に\n%1F呼んでいるわ。,La encontrarás en la carretera\nque hay cerca del campo del río.
10010048,Dおにーちゃん！\nわたし　おにーちゃんたちのこと\nすきだから…,¡Me caéis muy bien!...
10010048,Dわたし　まこっていうの！\nこれからよろしくね　おにーちゃん☆,¡Soy Maddie!\n¡Ahora seremos del mismo equipo!
10010048,もしもし？\n%2F円堂くん？,¡Hola! ¿Mark?
10010049,%s\nが%2F仲間になった！,¡%s se te ha unido!
10010049,D%1F彼なら\n%3F河川敷グラウンドの%2F道路に\n%1F呼んでいるわ。,Le he dicho que vaya a la\ncarretera que hay en el río.
10010049,Lどこかへ%1F行ってしまう%1F前に\n%1F早く　%1F引き%1F抜いてきなさい。,"Fíchale rápido, antes de\nque se vaya a otra parte."
10010049,`あんたたち　サッカーへただからな。\nこのボクが　あんたたちのチームに\nはいってあげるよ。,Sois tan malos que está claro\nque me necesitáis en vuestro\nequipo. ¿Qué os parece si me uno?
10010049,もしもし？\n%2F円堂くん？,¡Hola! ¿Mark?
10010050,%s\nが%2F仲間になった！,¡%s se te ha unido!
10010050,<おにーちゃんたちのチームに\nはいってあげてもいいよ。,¡No me importaría jugar\ncon vosotros!
10010050,<おにーちゃん！\nおにーちゃんたちには\nせわになったし…,¡Mark!\nMe habéis ayudado mucho.
10010050,D%1F彼なら\n%3F河川敷グラウンドの%2F道路に\n%1F呼んでいるわ。,Le he dicho que vaya a la\ncarretera que hay en el río.
10010050,Pわざわざ　%1F呼んであげたんだから\nちゃんと　%1F引き%1F抜いてくることね。,"Ya que me has hecho llamarle a\nposta, tienes que ficharle, ¿eh?"
10010050,もしもし？\n%2F円堂くん？,¡Hola! ¿Mark?
10010051,%s\nが%2F仲間になった！,¡%s se te ha unido!
10010051,8ぼやぼやしていると\nどこかへ%1F行ってしまうわよ。,"Como pierdas mucho el tiempo,\nse acabará yendo a otro sitio."
10010051,D%1F彼なら\n%3F河川敷グラウンドの%2F道路に\n%1F呼んでいるわ。,Le he dicho que vaya a la\ncarretera que hay en el río.
10010051,hボクをひきぬきたいなんて\nおにーちゃんたち　かわってるね。\nでも　はいってほしいなら　はいるよ。,"Sois muy raritos. No entiendo por\nqué os intereso. Bueno, por mí genial.\n¿Queréis que juegue con vosotros?"
10010051,もしもし？\n%2F円堂くん？,¡Hola! ¿Mark?
10010052,%s\nが%2F仲間になった！,¡%s se te ha unido!
10010052,8%1F彼なら\n%3F河川敷の%2F道路に\n%1F呼んでいるわ。,Te está esperando en la\ncarretera que hay cerca del\ncampo de fútbol del río.
10010052,8ぼやぼやしていると\nどこかへ%1F行ってしまうわよ。,"Como pierdas mucho el tiempo,\nse acabará yendo a otro sitio."
10010052,`やっぱり　オレも\n%2F大会に%1F出てみたいんだよ。\nだから　オレを%2F雷門に%1F入れてくれ！,Yo también quiero saber lo que\nes jugar en un campeonato.\n¡Déjame unirme al Raimon!
10010052,もしもし？\n%2F円堂くん？,¡Hola! ¿Mark?
10010053,%s\nが%2F仲間になった！,¡%s se te ha unido!
10010053,8%1F彼なら\n%3F河川敷の%2F道路に\n%1F呼んでいるわ。,Te está esperando en la\ncarretera que hay cerca del\ncampo de fútbol del río.
10010053,Lどこかへ%1F行ってしまう%1F前に\n%1F早く　%1F引き%1F抜いてきなさい。,"Fíchale rápido, antes de\nque se vaya a otra parte."
10010053,hもう　%2F言葉づかいに\n%1F気をつかうのは　つかれたぜ。\nそっちのサッカー%1F部に%1F入れてくれよ。,Ya me he cansado de medir mis\npalabras. Déjame que me una\na tu equipo.
10010053,もしもし？\n%2F円堂くん？,¡Hola! ¿Mark?
10010054,%s\nが%2F仲間になった！,¡%s se te ha unido!
10010054,8%1F彼なら\n%3F河川敷の%2F道路に\n%1F呼んでいるわ。,Te está esperando en la\ncarretera que hay cerca del\ncampo de fútbol del río.
10010054,Lオレを%1F引き%1F抜いてくれてありがとう！\nこれから　よろしくたのむよ！,¡Lo daré todo por el Raimon!\n¿Puedo unirme al equipo?
10010054,Pわざわざ　%1F呼んであげたんだから\nちゃんと　%1F引き%1F抜いてくることね。,"Ya que me has hecho llamarle a\nposta, tienes que ficharle, ¿eh?"
10010054,もしもし？\n%2F円堂くん？,¡Hola! ¿Mark?
10010055,%s\nが%2F仲間になった！,¡%s se te ha unido!
10010055,8%1F彼なら\n%3F河川敷の%2F道路に\n%1F呼んでいるわ。,Te está esperando en la\ncarretera que hay cerca del\ncampo de fútbol del río.
10010055,8ぼやぼやしていると\nどこかへ%1F行ってしまうわよ。,"Como pierdas mucho el tiempo,\nse acabará yendo a otro sitio."
10010055,`もう　%3F同好会じゃなくて\nサッカー%1F部に%1F入りたいんだ。\nだから　オレを%1F入れてよ。,Lo que yo quiero es apuntarme a un\nequipo de fútbol y no a otra cosa.\nDeja que me una a vosotros.
10010055,もしもし？\n%2F円堂くん？,¡Hola! ¿Mark?
10010056,%s\nが%2F仲間になった！,¡%s se te ha unido!
10010056,4うふふ…\nたっぷり　かわいがってあげるわよ。,"Ju, ju, ju...\nOs trataré muy, muy bien."
10010056,8ぼやぼやしていると\nどこかへ%1F行ってしまうわよ。,"Como pierdas mucho el tiempo,\nse acabará yendo a otro sitio."
10010056,D%2F彼女なら\n%3F商店街のレンガの%2F広場に\n%1F呼んでいるわ。,La verás en la plaza de\nadoquines que hay en el barrio\ncomercial.
10010056,Pあらっ　ボクたち　どうしたの？\nあいかわらず　かわいいわね。\nうふふ…。,"¡Hala! ¿Qué os pasa?\nSois tan monos... ¡Uh, ju, ju!"
10010056,`そんなボクたちに　サービスしちゃう！\nわたしが　ボクたちのチームに\n%1F入ってあげるわ。,¡Os voy a hacer un favor!\n¡Me uniré a vuestro equipo!
10010056,どう？　うれしいでしょ？,"Qué bien, ¿eh?"
10010056,もしもし？\n%2F円堂くん？,¡Hola! ¿Mark?
10010057,%s\nが%2F仲間になった！,¡%s se te ha unido!
10010057,D%2F彼女なら\n%3F商店街のレンガの%2F広場に\n%1F呼んでいるわ。,La verás en la plaza de\nadoquines que hay en el barrio\ncomercial.
10010057,Lどこかへ%1F行ってしまう%1F前に\n%1F早く　%1F引き%1F抜いてきなさい。,"Fíchale rápido, antes de\nque se vaya a otra parte."
10010057,\あら　ぼうやじゃない。\n…なんだい？　あたしと　%2F一緒に\nサッカーをしたいのかい？,"Hola, mozuelo. ¿Cómo?\n¿Que quieres jugar conmigo?"
10010057,もしもし？\n%2F円堂くん？,¡Hola! ¿Mark?
10010058,%s\nが%2F仲間になった！,¡%s se te ha unido!
10010058,D%1F彼なら\n%3F商店街アーケードのわき%1F道に\n%1F呼んでいるわ。,Le he dicho que te espere en\nel callejón de la calle peatonal.
10010058,Pわざわざ　%1F呼んであげたんだから\nちゃんと　%1F引き%1F抜いてくることね。,"Ya que me has hecho llamarle a\nposta, tienes que ficharle, ¿eh?"
10010058,もしもし？\n%2F円堂くん？,¡Hola! ¿Mark?
10010059,%s\nが%2F仲間になった！,¡%s se te ha unido!
10010059,8ぼやぼやしていると\nどこかへ%1F行ってしまうわよ。,"Como pierdas mucho el tiempo,\nse acabará yendo a otro sitio."
10010059,D%1F彼なら\n%3F商店街アーケードのわき%1F道に\n%1F呼んでいるわ。,Le he dicho que te espere en\nel callejón de la calle peatonal.
10010059,\ぼうずたちのサッカーチームに\n%1F入って　ほしいかい？\nだったら　%1F引き%1F抜きなよ。,¿Quieres que entre en tu equipo?\nPues... tendrás que ficharme.
10010059,もしもし？\n%2F円堂くん？,¡Hola! ¿Mark?
10010060,%s\nが%2F仲間になった！,¡%s se te ha unido!
10010060,4%1F彼なら\n%2F正門の%1F近くに%1F呼んでいるわ。,Está esperándote cerca\nde la puerta principal.
10010060,8ぼやぼやしていると\nどこかへ%1F行ってしまうわよ。,"Como pierdas mucho el tiempo,\nse acabará yendo a otro sitio."
10010060,Lおう　ボウズ！\nこのワシが　ボウズどもの\nチームに%1F入ってやろうか？,"¡Hola, chaval! ¿De verdad que\nquieres que entre en tu equipo?"
10010060,もしもし？\n%2F円堂くん？,¡Hola! ¿Mark?
10010061,%s\nが%2F仲間になった！,¡%s se te ha unido!
10010061,8%1F彼なら\n%3F駐車場の%1F近くに\n%1F呼んでいるわ。,Le he dicho que te espere\npor el aparcamiento.
10010061,Dおまえたち！\nこのオレと%2F一緒に\nプレイしてみたくないか？,¡Ey! ¿Os molaría jugar conmigo?
10010061,Lどこかへ%1F行ってしまう%1F前に\n%1F早く　%1F引き%1F抜いてきなさい。,"Fíchale rápido, antes de\nque se vaya a otra parte."
10010061,もしもし？\n%2F円堂くん？,¡Hola! ¿Mark?
10010062,%s\nが%2F仲間になった！,¡%s se te ha unido!
10010062,8%1F彼なら\n%3F体育館の%1F近くに\n%1F呼んでいるわ。,Le he dicho que no se mueva\nde la zona del gimnasio.
10010062,Pわざわざ　%1F呼んであげたんだから\nちゃんと　%1F引き%1F抜いてくることね。,"Ya que me has hecho llamarle a\nposta, tienes que ficharle, ¿eh?"
10010062,Tこぞうたちよ。\nわしが　こぞうたちの%1F助っ%1F人として\n%1F入ってやろうか？,"Ey, nenes, me necesitáis en\nvuestro equipo, ¿no?"
10010062,もしもし？\n%2F円堂くん？,¡Hola! ¿Mark?
10010063,%s\nが%2F仲間になった！,¡%s se te ha unido!
10010063,0%1F彼なら\n%3F野球場に　%1F呼んでいるわ。,Le he dicho que te espere\nen el campo de béisbol.
10010063,8ぼやぼやしていると\nどこかへ%1F行ってしまうわよ。,"Como pierdas mucho el tiempo,\nse acabará yendo a otro sitio."
10010063,H%3F雷門中を%2F優勝させるために\nわしの%1F力を%1F貸してあげよう。,¿Quieres que ayude al Instituto\nRaimon a alcanzar la gloria?
10010063,もしもし？\n%2F円堂くん？,¡Hola! ¿Mark?
10020001,$もしもし？\nセンパイですか？,"¡Hola, Mark!"
10020001,%s\nが%2F仲間になった！,¡%s se te ha unido!
10020001,0おまえ…\nオレを%2F仲間にしたいのだろう？,"Quieres tenerme de compañero\nde equipo, ¿verdad?"
10020001,4オレを%2F仲間にしたいのなら\nオレをたおしな！,"Si quieres ficharme, ¡tendrás que\nderrotarme! ¿Aceptas el desafío?"
10020001,8だったら　オレと%2F勝負して\nオレをたおしてみな！,"¡Pues venga, juega contra mí!\n¡A ver si puedes ganarme!"
10020001,Dふん…　いいだろう。\n%2F約束どおり　%2F仲間になってやるよ。,"Venga, vale... Jugaré con\nvosotros. No quiero que se \ndiga que mi palabra no vale nada."
10020001,Hその%1F人は　いつも\n%3F武道館の%1F裏あたりに\nいるみたいですよ！,¡Siempre está en la parte\nde atrás del pabellón de\nartes marciales!
10020001,それじゃあ　いくぜ！！,"¡Venga, vamos!"
10020001,ふん　こしぬけがっ！,¡Eres un cobardica!
10020002,$もしもし？\nセンパイですか？,"¡Hola, Mark!"
10020002,%1F逃げるのかっ！？,¿Te largas?
10020002,%s\nが%2F仲間になった！,¡%s se te ha unido!
10020002,8おまえだな！\nオレを%2F仲間にしたいってヤツは！,¡Aaah! ¡Así que tú eras el que\nquería que jugase en su equipo!
10020002,Hオレより　%1F足が%1F速かったら\n%2F仲間になってやってもいいぞ。,¡Que empiece el duelo!
10020002,Pおまえが　オレより%1F足が%1F速かったら\n%2F仲間になってやってもいいぞ。,"Si demuestras que puedes correr\nmás que yo, me uniré a tu club.\n¿Hecho?"
10020002,Pその%1F人は　いつも\n%3F本校舎の%1F入り%1F口あたりに\nいるみたいですよ！,¡Siempre está cerca de la entrada\ndel edificio principal!
10020002,じゃあ　%2F競争だ！,¡A jugar!
10020002,それじゃあ　%2F競争だ！！,¡Nunca imaginé que hubiera\nalguien más rápido que yo!
10020003,$もしもし？\nセンパイですか？,"¡Hola, Mark!"
10020003,%s\nが%2F仲間になった！,¡%s se te ha unido!
10020003,4うむ…　このオレをたおすとは\nたいしたヤツだ。,Umm... Me has demostrado que\npuedes conmigo.
10020003,8%2F約束どおり\nサッカー%1F部に%1F入ってやろう。,"Me uniré al club de fútbol,\ntal y como habíamos quedado."
10020003,8このオレをたおせたら\n%1F入ってやってもいいぞ。,"Huir también es una opción,\npero... es bastante penoso."
10020003,D%1F逃げるのも　１つの%1F手ではあるが…\nなんとも　なさけない。,"Así me gusta.\n¡Venga, que voy!"
10020003,Dオレをサッカー%1F部に%1F入れたいと\n%1F言うヤツはおまえだな。,Así que eras tú el que quería\nque me apuntara al equipo\nde fútbol...
10020003,Hその%1F人は　いつも\n%3F武道館の%1F裏あたりに\nいるみたいですよ！,¡Siempre está en la parte\nde atrás del pabellón de\nartes marciales!
10020003,dオレは　%1F今　%3F柔道部にいる。\nもし　このオレをたおせたのなら\n%1F入ってやってもいいぞ。,"Estoy en el club de judo. Si me\nganas, tendré que unirme al tuyo."
10020003,では　いくぞ！,"Si me demuestras que puedes\nconmigo, me pensaré lo de\nentrar en tu equipo, ¿vale?"
10020003,どうだ　やってみるか！？,¿Qué me dices?
10020004,$では　%1F教えてもらおうか！,"¡Venga, enséñame lo que vales!"
10020004,$もしもし？\nセンパイですか？,"¡Hola, Mark!"
10020004,%s\nが%2F仲間になった！,¡%s se te ha unido!
10020004,8%2F約束どおり\nサッカー%1F部に%1F入ってやるぞ。,Lo prometido es deuda.\nMe apunto al equipo.
10020004,8できないなら\nサッカー%1F部には　%1F入らないぞ。,"Si no, ya puedes ir buscándote\na otro."
10020004,8なかなか　サッカーというのも\n%2F面白いものだな。,Esto del fútbol no está nada mal.
10020004,Hその%1F人は　いつも\n%3F武道館の%1F裏あたりに\nいるみたいですよ！,¡Siempre está en la parte\nde atrás del pabellón de\nartes marciales!
10020004,Tこんな%1F所まで　オレに%1F会いに%1F来るなんて\nいったい　%1F何の%1F用だい？,Mira que venir hasta aquí para\nhablar conmigo... ¿Tan importante\nes lo que tienes que decirme?
10020004,Xオレにサッカーの%1F楽しさを\nわからせてくれたら\nサッカー%1F部に%1F入ってやるぞ。,"Si me enseñas por qué el fútbol\nes divertido, me uniré a tu equipo.\n¿De acuerdo?"
10020004,\ならば　オレにサッカーの%1F楽しさを\nわからせてみろ！\nもしできたら　%1F入ってやるぞ。,"¡Enséñame qué es lo que te gusta\ntanto del fútbol! Si me convences,\njugaré en tu equipo, ¿vale?"
10020004,d…サッカー%1F部へ%1F入れって！？\nここまで%1F来るくらいだ…\nよっぽど　オレがほしいのだな。,"Tienes ganas de que entre \na jugar en tu equipo, ¿verdad?\nPues te lo tendrás que currar."
10020005,$もしもし？\nセンパイですか？,"¡Hola, Mark!"
10020005,%s\nが%2F仲間になった！,¡%s se te ha unido!
10020005,0ならば　オラのことは\nあきらめてくれだよ。,Ya puedes ir olvidándote de mí.
10020005,Hその%1F人は　いつも\n%3F武道館の%1F裏あたりに\nいるみたいですよ！,¡Siempre está en la parte\nde atrás del pabellón de\nartes marciales!
10020005,Hオラをサッカーとやらで\nたおせたら　%1F入ってやってもいいだよ。,"Si me ganas en un partidete de\nfútbol, quizás entre en tu club.\n¿De acuerdo?"
10020005,T…オラに　サッカー%1F部へ%1F入れってか？\nんー　でもオラ　%3F相撲部にいるし…,"¿Cómo quieres que juegue en\ntu equipo, si estoy apuntado\nal club de sumo?..."
10020005,\あっ　そうだ！\nならば　そのサッカーとやらで\nオラをたおせたら　%1F入ってやるだよ。,"¡Oh, ya sé! Si tan buenos sois,\nganadme y a lo mejor entro en\nvuestro equipo. ¿De acuerdo?"
10020005,\どすこーい！　どすこいどすこーい！\nオラ　%3F相撲部のもんだよ。\nオラに%1F何かようか？,¡Zasca! ¡Soy del club de sumo!\n¿Qué te trae por aquí?
10020005,`オ　オラ%1F負けちまっただよ…。\n%2F約束は%1F守るだ。\nサッカー%1F部に%1F入ってやるだよ。,"De acuerdo, has ganado...\nCumpliré con mi palabra y me\nuniré a tu equipo."
10020005,では　さっそくやるだよ！,¡No perdamos más tiempo!
10020006,$もしもし？\nセンパイですか？,"¡Hola, Mark!"
10020006,%s\nが%2F仲間になった！,¡%s se te ha unido!
10020006,",じゃあ　さっさと　どっか%1F行きなよ。",Vete a darle la murga a otro.
10020006,<…なんだ！？\nまだ　オレに%1F用があると%1F言うのか？,¿Qué quieres? ¿Aún vas a\nmarearme más?
10020006,Dああ！　もうしつこいなぁ！\n%1F力ずくで　おいはらってやる！,¡Qué pesadito eres! ¡Vete a\ntocarle las narices a otro si no\nquieres que acabemos mal!
10020006,Dそれとも　まだオレに\n%1F何か%1F用でもあるって%1F言うのか？,¿O es que me quieres pedir algo?
10020006,Tその%1F人は　いつも\n%3F西校舎の%1F入り%1F口の%1F近くに\nいるみたいですよ！,¡Siempre está cerca de la entrada\ndel edificio oeste!
10020006,X%1F入る%2F理由がないね。\nさあ　もう%1F用はないだろ？\nさっさと　どっか%1F行きな。,"No tengo motivos para jugar con\nvosotros. Qué, ¿has acabado ya?\nPiérdete, anda."
10020006,h…えっ　サッカー%1F部に%1F入らないかって？\nなんで　オレがそこに%1F入らないと\nいけないんだよ。,¿Que entre en tu equipo?\n¿Por qué tengo yo que entrar\nen tu equipo?
10020007,$もしもし？\nセンパイですか？,"¡Hola, Mark!"
10020007,%s\nが%2F仲間になった！,¡%s se te ha unido!
10020007,0じゃあ　この%1F話はなかったってことで！,¡Empecemos con lo nuestro!
10020007,8おう　%2F円堂！\nこんな%1F所で　%1F何やってんだ？,"¡Hola, Mark! ¿Qué haces por aquí?"
10020007,P…なに？　サッカー%1F部へ%1F入れって？\nおいおい　オレは%2F野球%1F部だぜ。,"¿Qué? ¿Que juegue en tu equipo?\nEy, que yo estoy en el club\nde béisbol."
10020007,Pオレを%1F負かすことができたら\nサッカー%1F部へ%1F入ってやってもいいぞ。,"Vale, haré como que nunca hemos\ntenido esta conversación..."
10020007,Tその%1F人は　いつも\n%3F西校舎の%1F入り%1F口の%1F近くに\nいるみたいですよ！,¡Siempre está cerca de la entrada\ndel edificio oeste!
10020007,\まあ　%2F円堂のたのみだし…\nオレを%1F負かすことができたら\n%1F入ってやってもいいぞ。,"Bueno, va. Como te tengo aprecio,\nte daré una oportunidad. Me uniré\nal equipo si me ganas, ¿de acuerdo?"
10020008,$もしもし？\nセンパイですか？,"¡Hola, Mark!"
10020008,%s\nが%2F仲間になった！,¡%s se te ha unido!
10020008,0だから　サッカー%1F部に%1F入れてくれない？,¿Me aceptas en tu equipo?
10020008,4オレ　こう%1F見えても\nけっこうタフなんだよ。,"Aunque no lo aparente, en\nrealidad estoy fuerte como\nun toro."
10020008,8そんなこと%1F言わずに\nオレのプレイを%1F見ろよ。,"Vaya, antes de decidir\ndeberías verme jugar."
10020008,<オレがタフだってことを\nプレイで%2F証明してあげるよ。,¿Quieres que te vuelva a mostrar\nlo duro que soy en el terreno de\njuego?
10020008,@それじゃあ　オレのかれいなプレイを\n%1F見せてあげるよ。,Te voy a maravillar con mi\ntoque de balón.
10020008,@それじゃあオレの　カレイなプレイを\n%1F見せてあげるよ。,Te enseñaré el toque de balón\ntan maravilloso que tengo.
10020008,Hその%1F人は　いつも\n%3F武道館の%1F裏あたりに\nいるみたいですよ！,¡Siempre está en la parte\nde atrás del pabellón de\nartes marciales!
10020008,Pあ　あれっ？　おかしいな…\n%2F今日はちょっと　%2F調子が%1F悪いみたいだ。,¿Eh? Qué raro...\nParece que hoy no estoy muy fino.
10020008,Tオレがタフだってことが\n%1F信じられないのなら\nプレイで%2F証明してあげるよ。,"Si no te crees que tengo un\ncuerpo de hierro, espérate\na verme jugar. ¿Empezamos?"
10020008,\オレ　%2F本番には%1F強いから\n%2F試合のときに　かれいなプレイを\n%1F見せてあげるよ。,A la hora de la verdad soy un\nhacha. Ya verás qué juego tan\nmagnífico despliego.
10020009,$もしもし？\nセンパイですか？,"¡Hola, Mark!"
10020009,%s\nが%2F仲間になった！,¡%s se te ha unido!
10020009,4それを%2F証明してくれたら\n%1F入ってやるよ。,"Demostradme que sabéis jugar bien\ny me uniré a vosotros, ¿de acuerdo?"
10020009,8では　その%1F強さとやらを\n%1F見せてもらおうか！,¡Mostradme de qué pasta\nestáis hechos!
10020009,@%1F強さを%2F証明してくれないと\n%1F入ってやらないからな。,No entraré en el equipo si no\nme demostráis lo que valéis.
10020009,Lその%1F人は　いつも\n%2F正門の%1F近くの%3F花壇前に\nいるみたいですよ！,¡Siempre está por los maceteros\nque hay cerca de la entrada\nprincipal del instituto!
10020009,Pオレに%1F入ってほしかったら\n%1F強い%2F部活ということを\n%2F証明してみな。,"Si quieres que juegue con\nvosotros, demuéstrame lo\nque vale tu equipo."
10020009,Tおっ　%2F円堂！\nおまえ　サッカー%2F部員を\n%1F集めに%1F回ってるんだってな。,¡Mark! ¿Vas buscando jugadores\npara tu equipo de fútbol?
10020009,\なんだったら　オレも\n%1F入ってやってもいいぞ。\nただし…　%1F強い%2F部活だったらな。,"Si tan apurado te ves, entraría\nen tu equipo, pero... tendríais\nque ser muy buenos."
10020010,$もしもし？\nセンパイですか？,"¡Hola, Mark!"
10020010,%s\nが%2F仲間になった！,¡%s se te ha unido!
10020010,4サッカーで%2F大吉になるなら\nラッキーだよな。,Sería genial que jugando al\nfútbol tuviera buena suerte.
10020010,@まあ　どうせ%1F信じてなかったから\n%1F別にいいけどね…。,"Bueno, si no me crees, allá tú..."
10020010,Dその%1F人は　いつも\n%3F武道館の%1F近くに\nいるみたいですよ！,¡Siempre está cerca del pabellón\nde artes marciales!
10020010,Hだけど　%1F占いをそのまま%1F信じるのも\nどうかと%1F思うんだよね。,No sé por qué uno tiene que\ncreerse lo que digan las cartas...
10020010,Tサッカーで%2F大吉になるのか\n%1F試してみたいから\n%1F少しやらせてくれないか？,¿Me dejas probar si la suerte\nme sonríe mientras juego?
10020010,Xこの%1F前　%1F町の%1F占い%1F師に\nサッカーをやると%2F大吉だと\n%1F言われたのさ。,Una adivina me echó las cartas y\nme dijo que tendría mucha suerte\njugando al fútbol.
10020010,\だから　%1F少しサッカーを\nやらせてくれない？\nホントかどうか　%1F試してみたいのさ。,¿No me dejas jugar contigo un\npoquito? Quiero ver si es verdad\no no lo que me han dicho.
10020010,`%2F大吉になるとか　そんなのより\nサッカーって%2F面白いね！\nもっとサッカーやらせてくれよ。,¡Jugar al fútbol es más divertido\nque probar suerte con la quiniela!\nQuiero jugar más con vosotros.
10020011,$もしもし？\nセンパイですか？,"¡Hola, Mark!"
10020011,%s\nが%2F仲間になった！,¡%s se te ha unido!
10020011,",ボクとも\nサッカーバトルをするのかい？",¿Jugamos una pachanga?
10020011,0まあ　こんなボクだけど\nよろしくたのむよ。,"Bueno, no soy ningún crack,\npero tú sabrás lo que haces..."
10020011,0ボクは%2F仲間にしたくないってことかい？,¿Es que no me quieres en\ntu equipo?
10020011,Dその%1F人は　いつも\n%2F鉄塔の%1F近くに\nいるみたいですよ！,¡Siempre se le ve por la zona\nde la torre!
10020011,Pまあ　いいよ。\n%1F星を%1F見るしかすることないし\nつき%1F合ってあげるよ。,"Bueno, dejaré de mirar las estrellas\npara jugar contra ti."
10020011,Tここからだと　%1F星がよく%1F見えるんだよ。\n%1F知ってたかい？　%2F円堂くん。,"Desde aquí se ven muy bien las\nestrellas. ¿Lo sabías, Mark?"
10020011,Xふぅ…　%1F負けちゃったよ。\nということは　%2F仲間にならないと\nいけないんだよな。,"Ay, he perdido... Ahora tengo\nque entrar en tu equipo quiera\no no, ¿verdad?"
10020011,Xボクが%2F名前を%1F知っていたから\n%1F驚いているね。\nキミのウワサを%1F知ってるよ。,Me sorprende que vengas.\nTe conozco de oídas.
10020011,dサッカーバトルをして\nたおした%1F人を%2F仲間にしていくんだろ。\nボクとも　バトルするのかい？,"Estás invitando a tu equipo a\nlos que han perdido contra ti en\npachangas, ¿no? ¡Juega conmigo!"
10020012,$もしもし？\nセンパイですか？,"¡Hola, Mark!"
10020012,%s\nが%2F仲間になった！,¡%s se te ha unido!
10020012,",そんなにオレが　ヘンだというのか！？",¿Tan raro soy?
10020012,8おわびに　%1F何でもしますから\nお%1F許しをー！！,¡Perdóname! ¡Haré lo que\ntú quieras!
10020012,<んっ？　おまえ！\n%1F今　オレを%1F見て%1F笑ったな！？,"¡Oye, tú! Te has reído\nde mí, ¿no?"
10020012,Dやっぱり　おまえか！\n%1F今　オレを%1F見て%1F笑っただろ！？,"Te acabas de reír de mí, ¿verdad?"
10020012,Hひっ　ひいいー\nご　ごめんなさい！\nボクのかんちがいみたいです！,"¡Ay, ayayay! ¡Perdona!\n¡Me he equivocado!"
10020012,L%1F人を%1F見て%1F笑うとは　なんてヤツだ！\nオレが　おしおきしてやる！,¿Qué es eso de reírse de\nlos demás? ¡Te voy a enseñar\nmodales!
10020012,L%1F人を%1F見て%1F笑うとは　なんてヤツだ！\nオレが　せいばいしてやる！,¿Qué es eso de reírse de\nlos demás? ¡Te vas a enterar!
10020012,Pその%1F人は　いつも\n%3F河川敷のグラウンドの%1F近くに\nいるみたいですよ！,¡Siempre está cerca del campo\nde fútbol del río!
10020012,ならば　よし！,"¡Vale, muy bien!"
10020013,$もしもし？\nセンパイですか？,"¡Hola, Mark!"
10020013,%s\nが%2F仲間になった！,¡%s se te ha unido!
10020013,4おまえの%2F勝負なら\nいつでも%1F買ってやるぜ！,"¡Si quieres que te demuestre\nquién es mejor, solo tienes\nque pedírmelo!"
10020013,4だったら　オレが%1F入ってやるよ。\nただし…,"Entonces jugaré contigo, pero..."
10020013,8おまえが　オレより\n%1F強かったらの%1F話だがな！,¡tendrás que demostrarme que\njuegas mejor al fútbol que yo!
10020013,Dその%1F人は　いつも\n%3F駐車場の%1F近くに\nいるみたいですよ！,¡Siempre está cerca del\naparcamiento!
10020013,Hおまえが　オレより%1F強かったら\nサッカー%1F部に%1F入ってやるぜ！,"¡Si demuestras ser mejor que yo,\nme uniré a tu equipo! ¿De acuerdo?"
10020013,Xよう　%2F円堂！\nおまえ　サッカー%1F部に\n%1F入ってくれるヤツをさがしてるんだろ？,"¡Hola, Mark! ¿Estás reclutando\njugadores para tu equipo?"
10020013,`おまえ…　なかなか%1F強いじゃないか！\n%2F約束どおり　サッカー%1F部に\n%1F入ってやるさ。,"¡Juegas muy bien! De acuerdo,\nme uniré a tu equipo."
10020013,さあ　いくぜ！！,"¡Venga, vamos!"
10020014,$もしもし？\nセンパイですか？,"¡Hola, Mark!"
10020014,%s\nが%2F仲間になった！,¡%s se te ha unido!
10020014,8キミには　ボクが%1F言いたいことが\nわかるかい？,Y tú... ¿sabes lo que\nquiero decirte?
10020014,Lボクには　もうわかっているよ。\nキミがなぜ　ここに%1F来たかってさ。,Sé a qué has venido.
10020014,Pその%1F人は　いつも\n%3F河川敷のグラウンドの%1F近くに\nいるみたいですよ！,¡Siempre está cerca del campo\nde fútbol del río!
10020014,\なかなか　やるじゃないか。\nこの%1F後　ボクが%1F言うセリフも\nキミにならわかるだろ？,Así no...
10020014,\ボクをサッカー%1F部に%1F入れたいんだろう？\nキミの%1F顔を%1F見れば　すぐにわかったよ。,"Quieres que juegue en tu equipo,\n¿verdad? Lo he sabido en cuanto\nte he visto la cara."
10020014,そんなんじゃ　ダメだね。,"Muy bien, ¡vamos allá!"
10020015,$もしもし？\nセンパイですか？,"¡Hola, Mark!"
10020015,%s\nが%2F仲間になった！,¡%s se te ha unido!
10020015,",%1F逃げるのか！？\nこのひきょう%1F者！",¿Cómo que te vas? ¡Cobarde!
10020015,",いい%2F覚悟だな！\nでは　いくぞ！！",¡Ese es el espíritu!\n¡Vamos a jugar!
10020015,Hこうなったら　おまえと%2F特訓して\n%1F強さのヒミツをあばいてやる！,¡Me entrenaré contigo para\ndescubrir por qué jugáis\ntan bien!
10020015,Lおい　%2F円堂！\nここで%1F会ったが　%3F百年目！\nオレと%2F勝負しな！！,"¡Ha llegado tu hora, Mark!\n¡Vamos, juega contra mí!"
10020015,Pその%1F人は　いつも\n%1F小さいグラウンドの%1F近くに\nいるみたいですよ！,¡Siempre está cerca del\ncampo pequeño!
10020015,Xうう…　また%1F負けた。\nえっ　%1F覚えていない？\n%1F昔にも　%2F勝負したのに…！,"Uf, he vuelto a perder. ¿Cómo?...\n¿Que no te acuerdas? Ya jugamos\nhace un tiempo..."
10020016,$もしもし？\nセンパイですか？,"¡Hola, Mark!"
10020016,%s\nが%2F仲間になった！,¡%s se te ha unido!
10020016,@おっ　%2F円堂じゃないか。\nこんな%1F所でなにしてんだよ。,"¡Anda, si es Mark!\n¿Qué has venido a hacer aquí?"
10020016,@なんだ　ちがうのか…。\nだったら　いったい%1F何の%1F用だ？,"Ah, ¿no?\nEntonces, ¿a qué has venido?"
10020016,Dその%1F人は　いつも\n%2F正門の%1F近くに\nいるみたいですよ！,¡Siempre está cerca de la entrada\nprincipal del instituto!
10020016,Dまた　サッカー%1F部に%1F入れとか\n%1F言うんじゃないだろうな？,¿No habrás venido otra vez\ncon la misma cantinela?
10020016,Xしょうがねえな…\nだったら　オレをたおしてみなよ。\nそうしたら　%1F入ってやるさ。,"Qué se le va a hacer... Venga,\ngáname y me uniré a tu equipo."
10020016,h…なに？　オレを%1F待っていただと？\nまた　サッカー%1F部に%1F入れとか\n%1F言うんじゃないだろうな？,"¿Eh? ¿Que me estabas buscando?\nNo vendrás a decirme otra vez\neso de que entre en tu equipo, ¿no?"
10020017,$もしもし？\nセンパイですか？,"¡Hola, Mark!"
10020017,%s\nが%2F仲間になった！,¡%s se te ha unido!
10020017,",だったら　それを%1F教えてもらおうか。",Soy todo oídos.
10020017,8そのかわり…\nオレに%1F何かメリットはあるのかい？,¿Pero ganaré yo algo con eso?
10020017,<メリットがないに\nこのボクが　%1F入るわけないだろ。,No jugaré en tu equipo\na menos que saque algo\nde ello.
10020017,<メリットがないのに\nこのボクが　%1F入るわけないだろ。,No gano nada por jugar en\ntu equipo...
10020017,@うん？　なんだいキミは？\nこのボクに　%1F何か%1F用かい？,¿Qué pasa contigo?\n¿Quieres algo?
10020017,Dサッカーをしたら　このボクに\n%1F何かメリットはあるのかい？,¿Me vas a demostrar qué gano\nyo si juego al fútbol?
10020017,Hその%1F人は　いつも\nテニスコートの%1F近くに\nいるみたいですよ！,¡Siempre está cerca de\nlas pistas de tenis!
10020017,Lどうやら　メリットもあるようだし\nサッカー%1F部に%1F入ってあげるよ。,"Venga, entraré en el equipo.\nSus cosas buenas ha de tener."
10020017,\テニスをしているボクも\n%1F美しかったけど\nこれはこれで　%1F新しい%1F美しさがあるね。,"El tenis tenía su encanto,\npero confieso que esto\ntambién tiene el suyo."
10020017,`…このボクに　サッカー%1F部へ%1F入れと？\nふふふっ…　%2F面白そうだし\n%1F入ってあげるよ。,"¿Dices que quieres que juegue en\ntu equipo? Puede ser divertido.\nVenga, te haré caso. Ju, ju..."
10020018,$これから　よろしくたのむぜ。,Puf... He perdido. Seré fiel\na mi palabra y jugaré contigo.
10020018,$もしもし？\nセンパイですか？,"¡Hola, Mark!"
10020018,%s\nが%2F仲間になった！,¡%s se te ha unido!
10020018,8オレをたおせたら\nサッカー%1F部に%1F入ってやるよ。,No vale la pena...
10020018,@おっ　%2F円堂じゃないか！\nこんな%1F所で%1F何してるんだ？,"¿Qué haces por aquí, Mark?"
10020018,Dその%1F人は　いつも\n%2F鉄塔の%1F近くに\nいるみたいですよ！,¡Siempre se le ve por la zona\nde la torre!
10020018,Lくっ…　%1F負けたぜ。\n%2F約束どおり　サッカー%1F部に\n%1F入ってやる。,¡Vamos allá!
10020018,Tだったら　オレをたおしてみなよ。\nもし%1F負けたら　%1F入ってやってもいいぜ。,"Enséñame lo que vales. Gáname\ny me uniré a tu equipo, ¿vale?"
10020018,d…オレをサッカー%1F部へさそいに%1F来た？\nここまで%1F来るなんて\nそんなに　オレがほしいのか？,¿Has venido a invitarme a que me\napunte a tu equipo? Pues sí que\ntienes ganas de que juegue contigo.
10020018,それじゃあ　あきらめな。,¡Gáname si te atreves!
10020018,それじゃあ　いくぞ！,"¡Si me derrotas, jugaré en tu equipo!\n¿Aceptas el desafío?"
10020019,$ちがうのか…\nなら　いいか。,"Ah, ¿no? Tú mismo\ncon tu mecanismo."
10020019,$もしもし？\nセンパイですか？,"¡Hola, Mark!"
10020019,%s\nが%2F仲間になった！,¡%s se te ha unido!
10020019,8やっぱり　そうか…\nだったら　オレをたおすんだな！,"Ya veo... Pues nada, ¡vas\na tener que ganarme!"
10020019,8オレをサッカー%1F部に\nムリヤリ%1F入れるつもりか？,¿vas a hacerme jugar en el club\nde fútbol por la fuerza?
10020019,@え　%2F円堂…！\nおまえが　ここにいるってことは\nまさか…,¡Mark! Si estás aquí... es que...
10020019,Dその%1F人は　いつも\n%2F正門の%1F近くに\nいるみたいですよ！,¡Siempre está cerca de la entrada\nprincipal del instituto!
10020019,\%2F円堂！\nおまえが　ここにいるってことは\nオレをサッカー%1F部に%1F入れる%1F気だな？,¡Mark! Que hayas venido...\n¿significa que quieres que\nentre en el equipo de fútbol?
10020020,$もしもし？\nセンパイですか？,"¡Hola, Mark!"
10020020,%s\nが%2F仲間になった！,¡%s se te ha unido!
10020020,",もちろん　オレとも\nバトルするんだろ？","Supongo que te enfrentarás a mí, ¿no?"
10020020,0オレとも\nサッカーバトルをするんだろう？,¿Echamos una pachanga?
10020020,@まあ　%1F負けたもんはしかたない。\nおまえにしたがうよ。,"En fin, ya no hay nada que\nhacer... Haré lo que me digas."
10020020,Lその%1F人は　いつも\n%2F鉄塔のベンチの%1F近くに\nいるみたいですよ！,¡Siempre está por los bancos\ndel parque de la torre!
10020020,Pくっ…　%1F負けちまったぜ。\nさすがに　サッカーバトルじゃ\n%1F勝てないな。,¡Qué rabia! Ya sabía yo que\nno ganaría esta pachanga.
10020020,dこんな%1F所にも　%1F現れたか…\nおまえは　%1F色んなヤツと\nサッカーバトルをしているらしいな。,Te estás recorriendo toda la\nciudad... Dicen que has jugado\ncontra todo tipo de rivales.
10020020,じゃあ　%1F始めようか。,¿Empezamos o qué?
10020020,なんだ…　しないのか。,¿Cómo que no?
10020021,$もしもし？\nセンパイですか？,"¡Hola, Mark!"
10020021,%s\nが%2F仲間になった！,¡%s se te ha unido!
10020021,0%1F逃げるのか！？\nこのおくびょう%1F者め！,¿Cómo que te vas? ¡Cobardica!
10020021,8よかろう！\nこのオレが　%2F相手をしてくれるわ！,¡Como quieras! ¡Seré tu rival!
10020021,@くっくっく…\nオレをさがし%1F出すとは\nたいしたヤツだな。,"¡Ju, ju, ju!...\nMenudo eres, mira que\nponerte a buscarme..."
10020021,Dほうびとして\nきさまに　このオレの%1F力を\n%1F貸してやろう。,"Ju, ju, ju... Me has dejado\nimpresionado. No te creas que\nes tan sencillo ganarme..."
10020021,Lその%1F人は　いつも\n%2F鉄塔のベンチの%1F近くに\nいるみたいですよ！,¡Siempre está por los bancos\ndel parque de la torre!
10020021,では　まいるぞ！,"¡Venga, que voy!"
10020022,$さっそく　ヤセさせてくれよ！,"¡Hazme adelgazar, rápido!"
10020022,$もしもし？\nセンパイですか？,"¡Hola, Mark!"
10020022,%s\nが%2F仲間になった！,¡%s se te ha unido!
10020022,8もふっ！\nあんたが　サッカー%1F部の%2F円堂だな！,"Tú eres Mark, del club\nde fútbol, ¿no?"
10020022,@あんたに%1F会ったら\nヤセさせてくれる　らしいじゃないか！,¡Seguro que contigo adelgazo!
10020022,@これからも　あんたに%1F会って\nダイエットさせてもらうよ！,¡Puf! ¿Tú me podrías\nhacer adelgazar?
10020022,@もふっ！\nあんたに%1F会ったら\nヤセさせてくれるんだろ？,¡Hay que ponerse a dieta!
10020022,Dこんだけ%2F運動すれば　ヤセるね！\nヤセるよ！　ヤセますよ！,"Ey, que no es eso..."
10020022,Lその%1F人は　いつも\nサッカー%2F部室の%1F近くに\nいるみたいですよ！,¡Siempre está cerca del\nclub de fútbol!
10020023,$もしもし？\nセンパイですか？,"¡Hola, Mark!"
10020023,%s\nが%2F仲間になった！,¡%s se te ha unido!
10020023,",よく%1F見つけれたな。\nほうびとして…","Toma, un premio por\nhaberme encontrado..."
10020023,8おまえに　オレをスカウトする\nチャンスをやろう！,¿Quieres que te dé una oportunidad\npara que me lleves a jugar a tu equipo?
10020023,Hふふふ…\nこんな%1F所にオレがいるなんて\n%1F思いもしなかっただろ？,"¡Ju, ju, ju! No te esperabas\nque estuviera aquí, ¿eh?"
10020023,Lその%1F人は　いつも\n%2F鉄塔の%3F掲示板の%1F近くに\nいるみたいですよ！,¡Siempre está cerca del tablón\nde anuncios que hay en la torre!
10020023,hよくチャンスをものにしたな。\nでは　オレをスカウトさせてやろう！\nちゃんと　%1F使ってくれよな。,"Has aprovechado muy bien tu\noportunidad. ¡Vamos, invítame\na tu equipo y hazme jugar!"
10020023,では　%1F去るのだ！,¿Quieres que te dé otra oportunidad\npara que me lleves a jugar a tu equipo?
10020023,では　いくぞ！,"¡Vamos, date el piro!"
10020024,$おいおい…　%1F試してみろよ。,"Venga, anímate a probar."
10020024,$もしもし？\nセンパイですか？,"¡Hola, Mark!"
10020024,%s\nが%2F仲間になった！,¡%s se te ha unido!
10020024,<なんだったら　オレを\nメンバーに%1F入れてみないか？,"Si tan mal lo tienes, ¿por qué\nno me aceptas en tu equipo?"
10020024,Pその%1F人は　いつも\n%3F河川敷グラウンドの%2F海岸に\nいるみたいですよ！,"¡Siempre está en la orilla del\nrío, cerca del campo de fútbol!"
10020024,T%2F体力には　けっこう%2F自信があるんだぜ。\nなんだったら　%1F試してみるか？,Tengo mucha fuerza y aguante.\n¿Quieres comprobarlo?
10020024,Tよう　%2F円堂！\nおまえ　サッカー%1F部のメンバーを\n%1F集めているんだってな。,"¡Buenas, Mark! Estás buscando\njugadores para tu equipo,\n¿verdad?"
10020024,Xオレは　%2F体力だったら\nダレにも%1F負けないぜ。\nなんだったら　%1F試してみるか？,Nadie me gana en resistencia\nfísica... ¿Quieres verlo?
10020024,hま　%1F負けちまったけど…\nけっこう%2F体力は　あっただろ？\nだから　おまえの%1F力になれるだろ。,"He perdido, pero... ¿a que tengo\nbastante resistencia? Podría ser\nun buen refuerzo para tu equipo."
10020024,ＯＫ！　%1F見せてやるぜ！,¡Muy bien! ¡No pierdas detalle!
10020025,$もしもし？\nセンパイですか？,"¡Hola, Mark!"
10020025,$よーし　かかって%1F来やがれ！,"¡Venga, venid a por mí!"
10020025,%s\nが%2F仲間になった！,¡%s se te ha unido!
10020025,8しょうがねえな\nサッカー%1F部に%1F入ってやるか。,En fin... Jugaré contigo.
10020025,8だったら　オレが%1F入ってやろうか？\nそのかわり…,"Me has dado pena, así que te daré\nuna oportunidad para que reclutes\nal mejor portero del mundo."
10020025,<くっ　くっそー！\nＧＫだったのに　%1F負けちまった…。,"¡Mecachis! ¡Encima que juego\nde portero, voy y pierdo!"
10020025,@おまえ　オレにＧＫとして\n%1F負けるのが　%1F怖いんだな。,Te da miedo perder contra mí.
10020025,Dオレをたおしてみろよ！\nＧＫだったら　ダレにも%1F負けないぜ！,"Si consigues ganarme en una pachanga,\nme uniré a tu club. ¿Te parece bien?"
10020025,Hその%1F人は　いつも\n%3F西校舎の%1F裏あたりに\nいるみたいですよ！,¡Siempre va por la parte de atrás\ndel edificio oeste!
10020025,Lおっ　%2F円堂じゃないか！\nまた　サッカー%2F部員を\nさがしているのか？,"¡Oh, qué pasa, Mark!\n¿Otra vez buscando jugadores\npara tu equipo?"
10020025,`オレをたおしたら\nサッカー%1F部に%1F入ってやるぜ。\nオレはＧＫなら　%1F負けないからな！,"Si me ganas, entraré en tu\nequipo. ¡No conozco a ningún\nportero mejor que yo!"
10020026,$それじゃあ　%1F始めようか。,"Si ganas, haré lo que me pidas.\nQué, ¿jugamos?"
10020026,$もしもし？\nセンパイですか？,¡Siempre está cerca del tablón\nde avisos que hay en la torre!
10020026,%1F逃げるのかい？,¿Te piras?
10020026,%s\nが%2F仲間になった！,¡%s se te ha unido!
10020026,8ごほうびに\nこのボクが　%2F相手をしてあげるよ。,"Ju, ju, ju... Qué suertudo.\n¡Has conseguido encontrarme!"
10020026,Hキミがボクに%1F勝ったら\n%1F何でも%1F言うことを%1F聞いてあげるよ。,"Si me ganas, aceptaré cualquier\nfavor que me pidas, ¿vale?"
10020026,Lその%1F人は　いつも\n%2F鉄塔の%3F掲示板の%1F近くに\nいるみたいですよ！,¡Siempre está cerca del tablón\nde anuncios que hay en la torre!
10020026,Pふっふっふっふっふ…\nボクを%1F見つけるとは\n%1F運がいいヤツだな　キミは。,"¡Hola, Mark!"
10020026,\…サッカー%1F部に%1F入れ？\nそんなのでいいのかい？\nそれじゃあ　%1F入ってあげるよ。,"¿Quieres que juegue contigo?\n¿Estás seguro? Vale, me\napuntaré a tu equipo."
10020026,dなかなか　やるようだね。\nそれじゃあ　%2F約束だ。\n%1F何でも%1F言うことを%1F聞いてあげるよ。,"Venga, te haré caso...\nTe lo has ganado. Juegas muy bien."
10020026,dもし　キミが%1F勝ったら\n%1F何でも%1F言うことを%1F聞いてあげるよ。\nさあ　%2F勝負するかい？,"En agradecimiento, jugaré contigo."
10020027,$おやおや　%1F逃げるのかい。,"Venid a por mí, vamos."
10020027,$もしもし？\nセンパイですか？,"¡Hola, Mark!"
10020027,%s\nが%2F仲間になった！,¡%s se te ha unido!
10020027,<キミたちは　それをわかっていないから\n%1F弱いんだよ。,Sois así de malos porque\nno lo entendéis.
10020027,Hその%1F人は　いつも\n%3F西校舎の%1F裏あたりに\nいるみたいですよ！,¡Siempre va por la parte de atrás\ndel edificio oeste!
10020027,P%2F囲碁だろうとサッカーだろうと\nゲームに%2F必要なのは\nアタマなんだよ。,Para jugar al fútbol hace falta\ndarle al coco tanto como para\njugar al ajedrez.
10020027,`キミたちは　アタマを%1F使わないから\n%1F弱いんだよ。\nボクがそれを　%1F教えてあげるよ。,"Ey, ¿vais a huir?"
10020027,d%1F勝ったキミにしたがおう。\n%2F本当にアタマがいいものは\n%1F強いものについて%1F行くんだよ。,¡Qué mal! ¡Me han superado\nen un duelo de inteligencia!\nVisto lo visto...
10020027,さあ　かかっておいで。,¿Quieres que te lo demuestre?
10020028,$もしもし？\nセンパイですか？,"¡Hola, Mark!"
10020028,%s\nが%2F仲間になった！,¡%s se te ha unido!
10020028,0おまえ…\nオレを%2F仲間にしたいのだろう？,"Quieres tenerme de compañero\nde equipo, ¿verdad?"
10020028,4オレを%2F仲間にしたいのなら\nオレをたおしな！,"Si quieres ficharme, ¡tendrás que\nderrotarme primero! ¿Preparado?"
10020028,8だったら　オレと%2F勝負して\nオレをたおしてみな！,"¡Pues venga, juega contra mí!\n¡A ver si puedes ganarme!"
10020028,Lその%1F人は\n%3F本校舎の%1F入り%1F口の%1F近くに\nいるみたいですよ！,¡Está cerca de la entrada\nal edificio principal!
10020028,それじゃあ　いくぜ！！,"¡Venga, vamos!"
10020028,ふん　こしぬけがっ！,¡Eres un cobardica!
10020029,$もしもし？\nセンパイですか？,"¡Hola, Mark!"
10020029,%s\nが%2F仲間になった！,¡%s se te ha unido!
10020029,0だから　サッカー%1F部に%1F入れてくれない？,¿Me aceptas en tu equipo?
10020029,4オレ　こう%1F見えても\nけっこうタフなんだよ。,"Aunque no lo aparente, en\nrealidad estoy fuerte como\nun toro."
10020029,8そんなこと%1F言わずに\nオレのプレイを%1F見ろよ。,"Vaya, antes de decidir\ndeberías verme jugar."
10020029,<オレがタフだってことを\nプレイで%2F証明してあげるよ。,¿Quieres que te vuelva a mostrar\nlo duro que soy en el terreno de\njuego?
10020029,@それじゃあ　オレのカレイなプレイを\n%1F見せてあげるよ。,Te voy a maravillar con mi\ntoque de balón.
10020029,@それじゃあオレの　かれいなプレイを\n%1F見せてあげるよ。,Te enseñaré el toque de balón\ntan maravilloso que tengo.
10020029,Lその%1F人は\n%3F本校舎の%1F入り%1F口の%1F近くに\nいるみたいですよ！,¡Está cerca de la entrada\nal edificio principal!
10020029,Tオレがタフだってことが\n%1F信じられないのなら\nプレイで%2F証明してあげるよ。,"Si no te crees que tengo un\ncuerpo de hierro, espérate\na verme jugar. ¿Empezamos?"
10020030,$もしもし？\nセンパイですか？,"¡Hola, Mark!"
10020030,%s\nが%2F仲間になった！,¡%s se te ha unido!
10020030,4それを%2F証明してくれたら\n%1F入ってやるよ。,"Demostradme que sabéis jugar bien\ny me uniré a vosotros, ¿de acuerdo?"
10020030,8%2F十分な%1F強さだ…！\nこれなら%1F申し%1F分ない。,¡Sois lo suficientemente\nbuenos! No hay pega que valga.
10020030,8%2F約束どおり\nサッカー%1F部に%1F入ってやるさ。,Lo prometido es deuda.\nYa tenéis a un miembro\nmás en el equipo.
10020030,8では　その%1F強さとやらを\n%1F見せてもらおうか！,¡Mostradme de qué pasta\nestáis hechos!
10020030,@%1F強さを%2F証明してくれないと\n%1F入ってやらないからな。,No entraré en el equipo si no\nme demostráis lo que valéis.
10020030,Dその%1F人は　いつも\n%3F北校舎の%1F近くに\nいるみたいですよ！,¡Siempre está cerca del edificio norte!
10020030,Pオレに%1F入ってほしかったら\n%1F強い%2F部活ということを\n%2F証明してみな。,"Si quieres que juegue con\nvosotros, demuéstrame lo\nque vale tu equipo."
10020030,Tおっ　%2F円堂！\nおまえ　サッカー%2F部員を\n%1F集めに%1F回ってるんだってな。,¡Mark! ¿Vas buscando jugadores\npara tu equipo de fútbol?
10020030,\なんだったら　オレも\n%1F入ってやってもいいぞ。\nただし…　%1F強い%2F部活だったらな。,"Si tan apurado te ves, entraría\nen tu equipo, pero... tendríais\nque ser muy buenos."
10020031,$もしもし？\nセンパイですか？,"¡Hola, Mark!"
10020031,%s\nが%2F仲間になった！,¡%s se te ha unido!
10020031,4おまえの%2F勝負なら\nいつでも%1F買ってやるぜ！,"¡Si quieres que te demuestre\nquién es mejor, solo tienes\nque pedírmelo!"
10020031,4だったら　オレが%1F入ってやるよ。\nただし…,"Entonces jugaré contigo, pero..."
10020031,8おまえが　オレより\n%1F強かったらの%1F話だがな！,¡tendrás que demostrarme que\njuegas mejor al fútbol que yo!
10020031,Hおまえが　オレより%1F強かったら\nサッカー%1F部に%1F入ってやるぜ！,"¡Si demuestras ser mejor que yo,\nme uniré a tu equipo! ¿De acuerdo?"
10020031,Hその%1F人は　いつも\n%3F西校舎の%1F裏あたりに\nいるみたいですよ！,¡Siempre va por la parte de atrás\ndel edificio oeste!
10020031,Xよう　%2F円堂！\nおまえ　サッカー%1F部に\n%1F入ってくれるヤツをさがしてるんだろ？,"¡Hola, Mark! ¿Estás reclutando\njugadores para tu equipo?"
10020031,`おまえ…　なかなか%1F強いじゃないか！\n%2F約束どおり　サッカー%1F部に\n%1F入ってやるさ。,"¡Juegas muy bien! De acuerdo,\nme uniré a tu equipo."
10020031,さあ　いくぜ！！,"¡Venga, vamos!"
10020032,$もしもし？\nセンパイですか？,"¡Hola, Mark!"
10020032,%s\nが%2F仲間になった！,¡%s se te ha unido!
10020032,8キミには　ボクが%1F言いたいことが\nわかるかい？,Y tú... ¿Sabes lo que\nquiero decirte?
10020032,Lその%1F人は　いつも\n%2F陸上グラウンドの%1F近くに\nいるみたいですよ！,¡Siempre anda cerca de la pista\nde atletismo!
10020032,Lボクには　もうわかっているよ。\nキミがなぜ　ここに%1F来たかってさ。,Sé a qué has venido.
10020032,\なかなか　やるじゃないか。\nこの%1F後　ボクが%1F言うセリフも\nキミにならわかるだろ？,Así no...
10020032,\ボクをサッカー%1F部に%1F入れたいんだろう？\nキミの%1F顔を%1F見れば　すぐにわかったよ。,"Quieres que juegue en tu equipo,\n¿verdad? Lo he sabido en cuanto\nte he visto la cara."
10020032,そんなんじゃ　ダメだね。,"Muy bien, ¡vamos allá!"
10020033,$もしもし？\nセンパイですか？,"¡Hola, Mark!"
10020033,%s\nが%2F仲間になった！,¡%s se te ha unido!
10020033,",%1F逃げるのか！？\nこのひきょう%1F者！",¿Cómo que te vas? ¡Cobarde!
10020033,",いい%2F覚悟だな！\nでは　いくぞ！！",¡Ese es el espíritu!\n¡Vamos a jugar!
10020033,Hこうなったら　おまえと%2F特訓して\n%1F強さのヒミツをあばいてやる！,¡Me entrenaré contigo para\ndescubrir por qué jugáis\ntan bien!
10020033,Lおい　%2F円堂！\nここで%1F会ったが　%3F百年目！\nオレと%2F勝負しな！！,"¡Ha llegado tu hora, Mark!\n¡Vamos, juega contra mí!"
10020033,Pその%1F人は　いつも\n%3F河川敷グラウンドの%2F道路に\nいるみたいですよ！,¡Siempre se le ve en la carretera\nque hay cerca del campo del río!
10020033,Xうう…　また%1F負けた。\nえっ　%1F覚えていない？\n%1F昔にも　%2F勝負したのに…。,"Uf, he vuelto a perder. ¿Cómo?...\n¿Que no te acuerdas? Ya jugamos\nhace un tiempo..."
10020034,$もしもし？\nセンパイですか？,"¡Hola, Mark!"
10020034,%s\nが%2F仲間になった！,¡%s se te ha unido!
10020034,@おっ　%2F円堂じゃないか。\nこんな%1F所でなにしてんだよ。,"¡Anda, si es Mark!\n¿Qué has venido a hacer aquí?"
10020034,@なんだ　ちがうのか…。\nだったら　いったい%1F何の%1F用だ？,"Ah, ¿no?\nEntonces, ¿a qué has venido?"
10020034,Dまた　サッカー%1F部に%1F入れとか\n%1F言うんじゃないだろうな？,¿No habrás venido otra vez\ncon la misma cantinela?
10020034,Pその%1F人は　いつも\n%3F河川敷グラウンドの%2F道路に\nいるみたいですよ！,¡Siempre se le ve en la carretera\nque hay cerca del campo del río!
10020034,Xしょうがねえな…\nだったら　オレをたおしてみなよ。\nそうしたら　%1F入ってやるさ。,"Qué se le va a hacer... Venga,\ngáname y me uniré a tu equipo."
10020034,Xちっ　%1F負けちまったぜ。\nまあ　%2F約束だしな…\nサッカー%1F部に%1F入ってやるよ。,"Maldita sea, he perdido...\nMuy bien, entraré en\nel equipo de fútbol."
10020034,h…なに？　オレを%1F待っていただと？\nまた　サッカー%1F部に%1F入れとか\n%1F言うんじゃないだろうな？,"¿Eh? ¿Que me estabas buscando?\nNo vendrás a decirme otra vez\neso de que entre en tu equipo, ¿no?"
10020035,$もしもし？\nセンパイですか？,"¡Hola, Mark!"
10020035,%s\nが%2F仲間になった！,¡%s se te ha unido!
10020035,",だったら　それを%1F教えてもらおうか。",Soy todo oídos.
10020035,0なるほど…！\nこれがサッカーのメリット…！,¡Ya veo! ¡Este es el lado\npositivo del fútbol!...
10020035,8そのかわり…\nオレに%1F何かメリットはあるのかい？,¿Ganaré yo algo con eso?
10020035,<メリットがないのに\nこのボクが　%1F入るわけないだろ。,No gano nada por jugar en\ntu equipo...
10020035,@うん？　なんだいキミは？\nこのボクに　%1F何か%1F用かい？,¿Qué pasa contigo?\n¿Quieres algo?
10020035,Dサッカーをしたら　このボクに\n%1F何かメリットはあるのかい？,¿Me vas a demostrar qué gano\nyo si juego al fútbol?
10020035,Hその%1F人は　いつも\nサークル%1F棟の%1F近くに\nいるみたいですよ！,¡Siempre está cerca del\nedificio de los clubes!
10020035,Lどうやら　メリットもあるようだし\nサッカー%1F部に%1F入ってあげるよ。,"Venga, entraré en el equipo.\nSus cosas buenas ha de tener."
10020035,d…このボクに　サッカー%1F部へ%1F入れと？\nふふふっ…　せっかくだし\n%1F入ってあげてもいいよ。,"¿Dices que quieres que juegue en\ntu equipo? Venga, ya que estamos,\nte haré el favor."
10020036,$これから　よろしくたのむぜ。,Gracias por dejarme jugar\nen tu equipo.
10020036,$もしもし？\nセンパイですか？,"¡Hola, Mark!"
10020036,%s\nが%2F仲間になった！,¡%s se te ha unido!
10020036,8オレをたおせたら\nサッカー%1F部に%1F入ってやるよ。,"¡Si me derrotas, jugaré en tu equipo!\n¿Aceptas el desafío?"
10020036,@おっ　%2F円堂じゃないか！\nこんな%1F所で%1F何してるんだ？,"¿Qué haces por aquí, Mark?"
10020036,Dだったら　オレをたおしてみな。\nそうしたら　%1F入ってやるよ。,"Venga, intenta ganarme. Si lo\nlogras, me uniré a tu equipo,\n¿de acuerdo?"
10020036,Hその%1F人は　いつも\nサークル%1F棟の%1F近くに\nいるみたいですよ！,¡Siempre está cerca del\nedificio de los clubes!
10020036,Lくっ…　%1F負けたぜ。\n%2F約束どおり　サッカー%1F部に\n%1F入ってやる。,Puf... He perdido. Seré fiel\na mi palabra y jugaré contigo.
10020036,h…オレをサッカー%1F部へさそいに%1F来た？\nここまで%1F来るなんて\nよっぽど　オレがほしいんだな。,¿Has venido a invitarme a que me\napunte a tu equipo? Pues sí que\ntienes ganas de que juegue contigo.
10020036,それじゃあ　あきらめな。,No vale la pena...
10020036,それじゃあ　いくぞ！,¡Vamos allá!
10020037,$ちがうのか…\nなら　いいか。,"Ah, ¿no? Tú mismo\ncon tu mecanismo."
10020037,$もしもし？\nセンパイですか？,"¡Hola, Mark!"
10020037,%s\nが%2F仲間になった！,¡%s se te ha unido!
10020037,0オレをサッカー%1F部に%1F入れるつもりか？,¿Me quieres en tu equipo?
10020037,8やっぱり　そうか…\nだったら　オレをたおすんだな！,"Ya veo... ¡Pues nada, vas\na tener que ganarme!"
10020037,@え　%2F円堂…！\nおまえが　ここにいるってことは\nまさか…,¡Mark! Si estás aquí... es que...
10020037,Lその%1F人は　いつも\n%3F河川敷のトイレの%1F近くに\nいるみたいですよ！,¡Siempre ronda los baños\nque hay en el río!
10020037,\%2F円堂！\nおまえが　ここにいるってことは\nオレをサッカー%1F部に%1F入れる%1F気だな？,¡Mark! Que hayas venido...\n¿significa que quieres que\nentre en el equipo de fútbol?
10020037,`くっ…　たおされちまった。\nしかたねえ！　こうなったら\nサッカー%1F部に%1F入ってやるよ。,"Uf, ¡qué rabia! ¡Ahora no me\nqueda otra que jugar en tu\nequipo!"
10020038,$もしもし？\nセンパイですか？,"¡Hola, Mark!"
10020038,%s\nが%2F仲間になった！,¡%s se te ha unido!
10020038,4うむ…　このオレをたおすとは\nたいしたヤツだ。,Umm... Me has demostrado que\npuedes conmigo.
10020038,8%2F約束どおり\nサッカー%1F部に%1F入ってやろう。,"Me uniré al club de fútbol,\ntal y como habíamos quedado."
10020038,8このオレをたおせたら\n%1F入ってやってもいいぞ。,"Huir también es una opción,\npero... es bastante penoso."
10020038,D%1F逃げるのも　１つの%1F手ではあるが…\nなんとも　なさけない。,"Así me gusta.\n¡Venga, que voy!"
10020038,Dオレをサッカー%1F部に%1F入れたいと\n%1F言うヤツはおまえだな。,Así que eras tú el que quería\nque me apuntara al equipo\nde fútbol...
10020038,Lその%1F人は　いつも\n%2F鉄塔の%2F小屋の%1F近くに\nいるみたいですよ！,¡Siempre ronda la caseta de\nla torre!
10020038,dオレは　%1F今　%3F柔道部にいる。\nもし　このオレをたおせたのなら\n%1F入ってやってもいいぞ。,"Estoy en el club de judo. Si me\nganas, tendré que unirme al tuyo."
10020038,では　いくぞ！,"Si me demuestras que puedes\nconmigo, me pensaré lo de\nentrar en tu equipo, ¿vale?"
10020038,どうだ　やってみるか！？,¿Qué me dices?
10020039,$もしもし？\nセンパイですか？,"¡Hola, Mark!"
10020039,%s\nが%2F仲間になった！,¡%s se te ha unido!
10020039,",もちろん　オレとも\nバトルするんだろ？","Supongo que te enfrentarás a mí, ¿no?"
10020039,0オレとも\nサッカーバトルをするんだろう？,¿Echamos una pachanga?
10020039,@まあ　%1F負けたもんはしかたない。\nおまえにしたがうよ。,"En fin, ya no hay nada que\nhacer... Haré lo que me digas."
10020039,Dその%1F人は　いつも\n%3F北校舎の%1F近くに\nいるみたいですよ！,¡Siempre está cerca del edificio norte!
10020039,Pくっ…　%1F負けちまったぜ。\nさすがに　サッカーバトルじゃ\n%1F勝てないな。,¡Qué rabia! Ya sabía yo que\nno ganaría esta pachanga.
10020039,dこんな%1F所にも　%1F現れたか…\nおまえは　%1F色んなヤツと\nサッカーバトルをしているらしいな。,Te estás recorriendo toda la\nciudad... Dicen que has jugado\ncontra todo tipo de rivales.
10020039,じゃあ　%1F始めようか。,¿Empezamos o qué?
10020039,なんだ…　しないのか。,¿Cómo que no?
10020040,$もしもし？\nセンパイですか？,"¡Hola, Mark!"
10020040,%s\nが%2F仲間になった！,¡%s se te ha unido!
10020040,0%1F逃げるのか！？\nこのおくびょう%1F者め！,¿Cómo que te vas? ¡Cobardica!
10020040,8よかろう！\nこのオレが　%2F相手をしてくれるわ！,¡Como quieras! ¡Seré tu rival!\n¿Estás preparado?
10020040,@くっくっく…\nオレをさがし%1F出すとは\nたいしたヤツだな。,"¡Ju, ju, ju!...\nMenudo eres, mira que\nponerte a buscarme..."
10020040,Dその%1F人は　いつも\n%3F北校舎の%1F近くに\nいるみたいですよ！,¡Siempre está cerca del edificio norte!
10020040,Dほうびとして\nきさまに　このオレの%1F力を\n%1F貸してやろう。,"Ju, ju, ju... Me has dejado\nimpresionado. No te creas que\nes tan sencillo ganarme..."
10020040,では　まいるぞ！,"¡Venga, que voy!"
10020041,$もしもし？\nセンパイですか？,"¡Hola, Mark!"
10020041,%s\nが%2F仲間になった！,¡%s se te ha unido!
10020041,0おまえ…\nオレを%2F仲間にしたいのだろう？,"Quieres tenerme de compañero\nde equipo, ¿verdad?"
10020041,4オレを%2F仲間にしたいのなら\nオレをたおしな！,"Si quieres ficharme, ¡tendrás que\nderrotarme primero! ¿Preparado?"
10020041,8だったら　オレと%2F勝負して\nオレをたおしてみな！,"¡Pues venga, juega contra mí!\n¡A ver si puedes ganarme!"
10020041,Dふん…　いいだろう。\n%2F約束どおり　%2F仲間になってやるよ。,"Venga, vale... Jugaré con\nvosotros. No quiero que se \ndiga que mi palabra no vale nada."
10020041,Lその%1F人は　いつも\n%3F河川敷のサクの%1F周りに\nいるみたいですよ！,¡Siempre va por los alrededores\nde la valla que hay en el parque\ndel río!
10020041,それじゃあ　いくぜ！！,"¡Venga, vamos!"
10020041,ふん　こしぬけがっ！,¡Eres un cobardica!
10020042,$もしもし？\nセンパイですか？,"¡Hola, Mark!"
10020042,%s\nが%2F仲間になった！,¡%s se te ha unido!
10020042,0じゃあ　この%1F話はなかったってことで！,¡Empecemos con lo nuestro!
10020042,8おう　%2F円堂！\nこんな%1F所で　%1F何やってんだ？,"¡Hola, Mark! ¿Qué haces por aquí?"
10020042,Hその%1F人は　いつも\nテニスコートの%1F近くに\nいるみたいですよ！,¡Siempre está cerca de\nlas pistas de tenis!
10020042,P…なに？　サッカー%1F部へ%1F入れって？\nおいおい　オレは%2F野球%1F部だぜ。,"¿Qué? ¿Que juegue en tu equipo?\nEy, que yo estoy en el club\nde béisbol."
10020042,Pオレを%1F負かすことができたら\nサッカー%1F部へ%1F入ってやってもいいぞ。,"Vale, haré como que nunca hemos\ntenido esta conversación..."
10020042,\だが　%2F約束は%1F守らないと\n%1F男がすたるからな。\nサッカー%1F部へ%1F入ってやるぞ！,"Me has dejado en evidencia, pero\nque sepas que no iba en serio."
10020042,\まあ　%2F円堂のたのみだし…\nオレを%1F負かすことができたら\n%1F入ってやってもいいぞ。,"Bueno, va. Como te tengo aprecio,\nte daré una oportunidad. Me uniré\nal equipo si me ganas, ¿de acuerdo?"
10020043,$もしもし？\nセンパイですか？,"¡Hola, Mark!"
10020043,%s\nが%2F仲間になった！,¡%s se te ha unido!
10020043,",いい%2F覚悟だな。\nじゃあ　いくぜ！！","Así me gusta.\n¡Vamos, a jugar!"
10020043,4%2F根性は　あるようだな。\nじゃあ　いくぜ！！,"Parece que tienes agallas.\nEstá bien, ¡vamos allá!"
10020043,<この%1F前の%2F勝負のリベンジだろ？\nさあ　やろうぜ！！,"¿Vienes a quitarte el mal sabor\nde boca de la última derrota?\nVamos, estoy listo."
10020043,<このオレと%2F勝負して%1F勝ったらな。\nさあ　やるか！？,Tendrías que ganarme en un\npartidete... ¿Qué dices?
10020043,@なんだったら\nオレが%1F入ってやってもいいぜ。\nただし…,"Si tanta falta te hago, jugaré\ncontigo, pero..."
10020043,Dどうした　%2F円堂？\nこのオレと%2F勝負するのが　%1F怖いのか？,"¿Qué pasa, Mark?\n¿Te da miedo enfrentarte a mí?"
10020043,Pその%1F人は　いつも\n%3F河川敷グラウンドの%2F海岸に\nいるみたいですよ！,"¡Siempre está en la orilla del\nrío, cerca del campo de fútbol!"
10020043,Pなかなかやるじゃないか　%2F円堂！\nさすが　サッカー%1F部キャプテンだな。,"¡Madre mía, Mark, si estás hecho\nun figura! ¡Se nota que eres\nel capitán!"
10020043,Tよう　%2F円堂！\n%2F最近　サッカー%1F部のメンバーを\n%1F集めてるんだってな。,"¡Hola, Mark! Me han dicho que\nbuscas jugadores para tu equipo."
10020043,Tよう　%2F円堂！\nおまえが%1F来るのを%1F待ってたぜ。\nここに%1F来たってことは…,"¡Hola, Mark! Estaba esperando\nque vinieras, porque eso solo\npuede significar una cosa..."
10020043,X%2F約束どおり　サッカー%1F部に\n%1F入ってやるさ。\nこれから　よろしくたのむぜ！,"Quedamos en que jugaría con\nvosotros, así que ¡será un placer!"
10020043,Xなんだ…　%1F違うのか。\nてっきり　リベンジと%1F思って\nワクワクしてたんだがな。,"Ah, ¿no quieres la revancha?\nJo, ahora que estaba empezando\na hacerme ilusiones... Qué chasco."
10020043,はい,¡No pienso ni huir ni esconderme!
10020043,やくそく,"Qué pena, Mark. Vuelve cuando\nquieras enfrentarte conmigo\nuna vez más."
10020044,$では　%1F教えてもらおうか！,"¡Venga, enséñame lo que vales!"
10020044,$もしもし？\nセンパイですか？,"¡Hola, Mark!"
10020044,%s\nが%2F仲間になった！,¡%s se te ha unido!
10020044,8%2F約束どおり\nサッカー%1F部に%1F入ってやるぞ。,Lo prometido es deuda.\nMe apunto al equipo.
10020044,8できないなら\nサッカー%1F部には　%1F入らないぞ。,"Si no, ya puedes ir buscándote\na otro."
10020044,8なかなか　サッカーというのも\n%2F面白いものだな。,Esto del fútbol no está nada mal.
10020044,Dその%1F人は\nサッカー%2F部室の%1F近くに\nいるみたいですよ！,¡Está cerca del club de fútbol!
10020044,Tこんな%1F所まで　オレに%1F会いに%1F来るなんて\nいったい　%1F何の%1F用だい？,Mira que venir hasta aquí para\nhablar conmigo... ¿Tan importante\nes lo que tienes que decirme?
10020044,Xオレにサッカーの%1F楽しさを\nわからせてくれたら\nサッカー%1F部に%1F入ってやるぞ。,"Si me enseñas por qué el fútbol\nes divertido, me uniré a tu equipo.\n¿De acuerdo?"
10020044,\ならば　オレにサッカーの%1F楽しさを\nわからせてみろ！\nもしできたら　%1F入ってやるぞ。,"¡Enséñame qué es lo que te gusta\ntanto del fútbol! Si me convences,\njugaré en tu equipo, ¿vale?"
10020044,`…サッカー%1F部へ%1F入って！？\nここまで%1F来るくらいだ…\nよっぽど　オレがほしいのだな。,"Tienes ganas de que entre \na jugar en tu equipo, ¿verdad?\nPues te lo tendrás que currar."
10020045,$もしもし？\nセンパイですか？,"¡Hola, Mark!"
10020045,%s\nが%2F仲間になった！,¡%s se te ha unido!
10020045,0だから　サッカー%1F部に%1F入れてくれない？,¿Me aceptas en tu equipo?
10020045,4オレ　こう%1F見えても\nけっこうタフなんだよ。,"Aunque no lo aparente, en\nrealidad estoy fuerte como\nun toro."
10020045,8そんなこと%1F言わずに\nオレのプレイを%1F見ろよ。,"Vaya, antes de decidir\ndeberías verme jugar."
10020045,<それじゃあオレの　カレイなプレイを\n%1F見せてやるよ。,Te enseñaré el toque de balón\ntan maravilloso que tengo.
10020045,<オレがタフだってことを\nプレイで%2F証明してあげるよ。,¿Quieres que te vuelva a mostrar\nlo duro que soy en el terreno de\njuego?
10020045,@それじゃあオレの　かれいなプレイを\n%1F見せてあげるよ。,¿Eh? Qué raro...\nParece que hoy no estoy muy fino.
10020045,Lその%1F人は　いつも\n%3F河川敷のサクの%1F周りに\nいるみたいですよ！,¡Siempre va por los alrededores\nde la valla que hay en el parque\ndel río!
10020045,Pあ　あれっ？　おかしいな…\n%2F今日はちょっと　%2F調子が%1F悪いみたいだ。,A la hora de la verdad soy un\nhacha. Ya verás qué juego tan\nmagnífico despliego.
10020045,Tオレがタフだってことが\n%1F信じられないのなら\nプレイで%2F証明してあげるよ。,"Si no te crees que tengo un\ncuerpo de hierro, espérate\na verme jugar. ¿Empezamos?"
10020045,\オレ　%2F本番には%1F強いから\n%2F試合のときに　かれいなプレイを\n%1F見せてあげるよ。,¿Qué te ha parecido? Tengo\nuna resistencia envidiable.
10020046,$もしもし？\nセンパイですか？,"¡Hola, Mark!"
10020046,%s\nが%2F仲間になった！,¡%s se te ha unido!
10020046,4それを%2F証明してくれたら\n%1F入ってやるよ。,"Demostradme que sabéis jugar bien\ny me uniré a vosotros, ¿de acuerdo?"
10020046,8%2F十分な%1F強さだ…！\nこれなら%1F申し%1F分ない。,¡Sois lo suficientemente\nbuenos! No hay pega que valga.
10020046,8%2F約束どおり\nサッカー%1F部に%1F入ってやるさ。,Lo prometido es deuda.\nYa tenéis a un miembro\nmás en el equipo.
10020046,8では　その%1F強さとやらを\n%1F見せてもらおうか！,¡Mostradme de qué pasta\nestáis hechos!
10020046,@%1F強さを%2F証明してくれないと\n%1F入ってやらないからな。,No entraré en el equipo si no\nme demostráis lo que valéis.
10020046,Pその%1F人は　いつも\n%3F河川敷グラウンドの%2F海岸に\nいるみたいですよ！,"¡Siempre está en la orilla del\nrío, cerca del campo de fútbol!"
10020046,Pオレに%1F入ってほしかったら\n%1F強い%2F部活ということを\n%2F証明してみな。,"Si quieres que juegue con\nvosotros, demuéstrame lo\nque vale tu equipo."
10020046,Tおっ　%2F円堂！\nおまえ　サッカー%2F部員を\n%1F集めに%1F回ってるんだってな。,¡Mark! ¿Vas buscando jugadores\npara tu equipo de fútbol?
10020046,\なんだったら　オレも\n%1F入ってやってもいいぞ。\nただし…　%1F強い%2F部活だったらな。,"Si tan apurado te ves, entraría\nen tu equipo, pero... tendríais\nque ser muy buenos."
10020047,$では　%1F教えてもらおうか！,"¡Venga, enséñame lo que vales!"
10020047,$もしもし？\nセンパイですか？,"¡Hola, Mark!"
10020047,%s\nが%2F仲間になった！,¡%s se te ha unido!
10020047,8%2F約束どおり\nサッカー%1F部に%1F入ってやるぞ。,Lo prometido es deuda.\nMe apunto al equipo.
10020047,8できないなら\nサッカー%1F部には　%1F入らないぞ。,"Si no, ya puedes ir buscándote\na otro."
10020047,8できないのなら\nサッカー%1F部には　%1F入らないぞ。,"Si te ves incapaz, búscate a otro."
10020047,8なかなか　サッカーというのも\n%2F面白いものだな。,Esto del fútbol no está nada mal.
10020047,Hその%1F人は　いつも\nテニスコートの%1F近くに\nいるみたいですよ！,¡Siempre está cerca de\nlas pistas de tenis!
10020047,Tこんな%1F所まで　オレに%1F会いに%1F来るなんて\nいったい　%1F何の%1F用だい？,Mira que venir hasta aquí para\nhablar conmigo... ¿Tan importante\nes lo que tienes que decirme?
10020047,Xオレにサッカーの%1F楽しさを\nわからせてくれたら\nサッカー%1F部に%1F入ってやるぞ。,"Si me enseñas por qué el fútbol\nes divertido, me uniré a tu equipo.\n¿De acuerdo?"
10020047,\ならば　オレにサッカーの%1F楽しさを\nわからせてみろ！\nもしできたら　%1F入ってやるぞ。,"¡Enséñame qué es lo que te gusta\ntanto del fútbol! Si me convences,\njugaré en tu equipo, ¿vale?"
10020047,d…サッカー%1F部へ%1F入れって！？\nここまで%1F来るくらいだ…\nよっぽど　オレがほしいのだな。,"Tienes ganas de que entre \na jugar en tu equipo, ¿verdad?\nPues te lo tendrás que currar."
10020048,$もしもし？\nセンパイですか？,"¡Hola, Mark!"
10020048,%s\nが%2F仲間になった！,¡%s se te ha unido!
10020048,0ならば　オラのことは\nあきらめてくれだよ。,Ya puedes ir olvidándote de mí.
10020048,Hオラをサッカーとやらで\nたおせたら　%1F入ってやってもいいだよ。,"Si me ganas en un partidete de\nfútbol, quizás entre en tu club.\n¿De acuerdo?"
10020048,Pその%1F人は　いつも\n%3F河川敷のグラウンドの%1F近くに\nいるみたいですよ！,¡Siempre está cerca del campo\nde fútbol del río!
10020048,T…オラに　サッカー%1F部へ%1F入れってか？\nんー　でもオラ　%3F相撲部にいるし…,"¿Cómo quieres que juegue en\ntu equipo, si estoy apuntado\nal club de sumo?..."
10020048,\あっ　そうだ！\nならば　そのサッカーとやらで\nオラをたおせたら　%1F入ってやるだよ。,"¡Oh, ya sé! Si tan buenos sois,\nganadme y a lo mejor entro en\nvuestro equipo. ¿De acuerdo?"
10020048,\どすこーい！　どすこいどすこーい！\nオラ　%3F相撲部のもんだよ。\nオラに%1F何かようか？,¡Zasca! ¡Soy del club de sumo!\n¿Qué te trae por aquí?
10020048,`オ　オラ%1F負けちまっただよ…。\n%2F約束は%1F守るだ。\nサッカー%1F部に%1F入ってやるだよ。,"De acuerdo, has ganado...\nCumpliré con mi palabra y me\nuniré a tu equipo."
10020048,では　さっそくやるだよ！,¡No perdamos más tiempo!
10020049,$これから　よろしくたのむぜ。,Gracias por dejarme jugar\nen tu equipo.
10020049,$それじゃあ　あきらめるんだな。,"Déjalo, anda."
10020049,$もしもし？\nセンパイですか？,"¡Hola, Mark!"
10020049,%s\nが%2F仲間になった！,¡%s se te ha unido!
10020049,8オレをたおせたら\nサッカー%1F部に%1F入ってやるよ。,"¡Si me derrotas, jugaré en tu equipo!\n¿Aceptas el desafío?"
10020049,@おっ　%2F円堂じゃないか！\nこんな%1F所で%1F何してるんだ？,"¿Qué haces por aquí, Mark?"
10020049,Dだったら　オレをたおしてみな。\nそうしたら　%1F入ってやるよ。,"Venga, intenta ganarme. Si lo\nlogras, me uniré a tu equipo,\n¿de acuerdo?"
10020049,Hその%1F人は　いつも\nテニスコートの%1F近くに\nいるみたいですよ！,¡Siempre está cerca de\nlas pistas de tenis!
10020049,Lくっ…　%1F負けたぜ。\n%2F約束どおり　サッカー%1F部に\n%1F入ってやる。,Puf... He perdido. Seré fiel\na mi palabra y jugaré contigo.
10020049,h…オレをサッカー%1F部へさそいに%1F来た？\nここまで%1F来るなんて\nよっぽど　オレがほしいんだな。,¿Has venido a invitarme a que me\napunte a tu equipo? Pues sí que\ntienes ganas de que juegue contigo.
10020049,それじゃあ　あきらめな。,No vale la pena...
10020049,それじゃあ　いくぞ！,¡Vamos allá!
10020049,よし　いくぞ！,"¡Vale, vamos!"
10020050,$おやおや　%1F逃げるのかい。,"Ven a por mí, vamos."
10020050,$もしもし？\nセンパイですか？,"¡Hola, Mark!"
10020050,%s\nが%2F仲間になった！,¡%s se te ha unido!
10020050,<キミたちは　それをわかっていないから\n%1F弱いんだよ。,Sois malos porque no os\naplicáis el cuento.
10020050,Hその%1F人は　いつも\nテニスコートの%1F近くに\nいるみたいですよ！,¡Siempre está cerca de\nlas pistas de tenis!
10020050,P%2F囲碁だろうとサッカーだろうと\nゲームに%2F必要なのは\nアタマなんだよ。,Para jugar al fútbol hace falta\ndarle al coco tanto como para\njugar al ajedrez.
10020050,`キミたちは　アタマを%1F使わないから\n%1F弱いんだよ。\nボクがそれを　%1F教えてあげるよ。,"Ey, no te me escapes."
10020050,d%1F勝ったキミにしたがおう。\n%2F本当にアタマがいいものは\n%1F強いものについて%1F行くんだよ。,¡Qué mal! ¡Me han superado\nen un duelo de inteligencia!\nVisto lo visto...
10020050,さあ　かかっておいで。,¿Quieres que te lo demuestre?
10020051,$もしもし？\nセンパイですか？,"¡Hola, Mark!"
10020051,%s\nが%2F仲間になった！,¡%s se te ha unido!
10020051,0%1F逃げるのか！？\nこのおくびょう%1F者め！,¿Cómo que te vas? ¡Cobardica!
10020051,8よかろう！\nこのオレが　%2F相手をしてくれるわ！,¡Como quieras! ¡Seré tu rival!\n¿Estás listo?
10020051,@くっくっく…\nオレをさがし%1F出すとは\nたいしたヤツだな。,"¡Ju, ju, ju!...\nMenudo eres, mira que\nponerte a buscarme..."
10020051,Dほうびとして\nきさまに　このオレの%1F力を\n%1F貸してやろう。,"Ju, ju, ju... Me has dejado\nimpresionado. No te creas que\nes tan sencillo ganarme..."
10020051,Lその%1F人は　いつも\n%2F鉄塔の%2F小屋の%1F近くに\nいるみたいですよ！,¡Siempre ronda la caseta de\nla torre!
10020051,では　まいるぞ！,"¡Venga, que voy!"
10020052,$それじゃあ　%1F始めようか。,¡Qué rabia! Ya sabía yo que\nno ganaría esta pachanga.
10020052,$もしもし？\nセンパイですか？,"¡Hola, Mark!"
10020052,%s\nが%2F仲間になった！,¡%s se te ha unido!
10020052,",もちろん　オレとも\nバトルするんだろ？","Supongo que te enfrentarás a mí, ¿no?"
10020052,0オレとも\nサッカーバトルをするんだろう？,¿Echamos una pachanga?
10020052,@まあ　%1F負けたもんはしかたない。\nおまえにしたがうよ。,"¡Para haber jugado tantas\npachangas, se os ve en\nmuy baja forma!"
10020052,Dその%1F人は　いつも\n%3F野球場の%1F近くに\nいるみたいですよ！,¡Está siempre cerca del campo\nde béisbol!
10020052,Pくっ…　%1F負けちまったぜ。\nさすがに　サッカーバトルじゃ\n%1F勝てないな。,"En fin, ya no hay nada que\nhacer... Haré lo que me digas."
10020052,dこんな%1F所にも　%1F現れたか…\nおまえは　%1F色んなヤツと\nサッカーバトルをしているらしいな。,Te estás recorriendo toda la\nciudad... Dicen que has jugado\ncontra todo tipo de rivales.
10020052,じゃあ　%1F始めようか。,¿Empezamos o qué?
10020052,なんだ…　しないのか。,¿Cómo que no?
10030001,$もしもし？\nセンパイですか？,"¡Hola, Mark!"
10030001,%s\nが%2F仲間になった！,¡%s se te ha unido!
10030001,",いい%2F覚悟だな。\nじゃあ　いくぜ！！","Así me gusta.\n¡Vamos, a jugar!"
10030001,4%2F根性は　あるようだな。\nじゃあ　いくぜ！！,"Parece que tienes agallas.\nEstá bien, ¡vamos allá!"
10030001,<この%1F前の%2F勝負のリベンジだろ？\nさあ　やろうぜ！！,"¿Vienes a quitarte el mal sabor\nde boca de la última derrota?\nVamos, estoy listo."
10030001,<このオレと%2F勝負して%1F勝ったらな。\nさあ　やるか！？,Tendrías que ganarme en un\npartidete... ¿Qué dices?
10030001,@なんだったら\nオレが%1F入ってやってもいいぜ。\nただし…,"Si tanta falta te hago, jugaré\ncontigo, pero..."
10030001,Dその%1F人は　いつも\n%3F河川敷の%2F道路に\nいるみたいですよ！,¡Siempre está en la carretera\nque hay cerca del río!
10030001,Dどうした　%2F円堂？\nこのオレと%2F勝負するのが　%1F怖いのか？,"¿Qué pasa, Mark?\n¿Te da miedo enfrentarte a mí?"
10030001,Pなかなかやるじゃないか　%2F円堂！\nさすが　サッカー%1F部キャプテンだな。,"¡Madre mía, Mark, si estás hecho\nun figura! ¡Se nota que eres\nel capitán!"
10030001,Tよう　%2F円堂！\n%2F最近　サッカー%1F部のメンバーを\n%1F集めてるんだってな。,"¡Hola, Mark! Me han dicho que\nbuscas jugadores para tu equipo."
10030001,Tよう　%2F円堂！\nおまえが%1F来るのを%1F待ってたぜ。\nここに%1F来たってことは…,"¡Hola, Mark! Estaba esperando\nque vinieras, porque eso solo\npuede significar una cosa..."
10030001,X%2F約束どおり　サッカー%1F部に\n%1F入ってやるさ。\nこれから　よろしくたのむぜ！,"Quedamos en que jugaría con\nvosotros, así que ¡será un placer!"
10030001,Xなんだ…　%1F違うのか。\nてっきり　リベンジと%1F思って\nワクワクしてたんだがな。,"Ah, ¿no quieres la revancha?\nJo, ahora que estaba empezando\na hacerme ilusiones... Qué chasco."
10030001,はい,¡No pienso ni huir ni esconderme!
10030001,やくそく,"Qué pena, Mark. Vuelve cuando\nquieras enfrentarte conmigo\nuna vez más."
10030002,$おまえなんか　たおしてやる！,¡Vas a ver lo que es bueno!\n¿Estás preparado?
10030002,$もしもし？\nセンパイですか？,"¡Hola, Mark!"
10030002,%1F逃げるな！,¡Cómo te atreves a ganarme\nen modo inalámbrico!...
10030002,%s\nが%2F仲間になった！,¡%s se te ha unido!
10030002,",よくもオレを\nたおしてくれやがったな。",¡Cómo te atreves a ganarme!...
10030002,4こうなったら\nおまえの%2F仲間になってやる！,¡Voy a tener que jugar contigo!
10030002,8よくもオレを\nアドホックで\n%1F落としやがったな。,¡Cómo te atreves a ganarme\nel duelo!...
10030002,Dその%1F人は　いつも\n%3F河川敷の%2F道路に\nいるみたいですよ！,¡Siempre está en la carretera\nque hay cerca del río!
10030002,いくぞ！,¡No huyas!
10030003,$もしもし？\nセンパイですか？,"¡Hola, Mark!"
10030003,%s\nが%2F仲間になった！,¡%s se te ha unido!
10030003,8キミには　ボクが%1F言いたいことが\nわかるかい？,Y tú... ¿sabes lo que\nquiero decirte?
10030003,Dその%1F人は　いつも\n%3F河川敷の%2F船場に\nいるみたいですよ！,¡Siempre está cerca del\nmuelle del río!
10030003,Lボクには　もうわかっているよ。\nキミがなぜ　ここに%1F来たかってさ。,Sé a qué has venido.
10030003,\なかなか　やるじゃないか。\nこの%1F後　ボクが%1F言うセリフも\nキミにならわかるだろ？,Así no...
10030003,\ボクをサッカー%1F部に%1F入れたいんだろう？\nキミの%1F顔を%1F見れば　すぐにわかったよ。,"Quieres que juegue en tu equipo,\n¿verdad? Lo he sabido en cuanto\nte he visto la cara."
10030003,そんなんじゃ　ダメだね。,"Muy bien, ¡vamos allá!"
10030004,$では　%1F教えてもらおうか！,"¡Venga, enséñame lo que vales!"
10030004,$もしもし？\nセンパイですか？,"¡Hola, Mark!"
10030004,%s\nが%2F仲間になった！,¡%s se te ha unido!
10030004,8%2F約束どおり\nサッカー%1F部に%1F入ってやるぞ。,Lo prometido es deuda.\nMe apunto al equipo.
10030004,8できないなら\nサッカー%1F部には　%1F入らないぞ。,"Si no, ya puedes ir buscándote\na otro."
10030004,8なかなか　サッカーというのも\n%2F面白いものだな。,Esto del fútbol no está nada mal.
10030004,Dその%1F人は　いつも\n%3F野球場の%1F近くに\nいるみたいですよ！,¡Está siempre cerca del campo\nde béisbol!
10030004,Tこんな%1F所まで　オレに%1F会いに%1F来るなんて\nいったい　%1F何の%1F用だい？,Mira que venir hasta aquí para\nhablar conmigo... ¿Tan importante\nes lo que tienes que decirme?
10030004,Xオレにサッカーの%1F楽しさを\nわからせてくれたら\nサッカー%1F部に%1F入ってやるぞ。,"Si me enseñas por qué el fútbol\nes divertido, me uniré a tu equipo.\n¿De acuerdo?"
10030004,\ならば　オレにサッカーの%1F楽しさを\nわからせてみろ！\nもしできたら　%1F入ってやるぞ。,"¡Enséñame qué es lo que te gusta\ntanto del fútbol! Si me convences,\njugaré en tu equipo, ¿vale?"
10030004,d…サッカー%1F部へ%1F入れって！？\nここまで%1F来るくらいだ…\nよっぽど　オレがほしいのだな。,"Tienes ganas de que entre \na jugar en tu equipo, ¿verdad?\nPues te lo tendrás que currar."
10030005,$もしもし？\nセンパイですか？,"¡Hola, Mark!"
10030005,%s\nが%2F仲間になった！,¡%s se te ha unido!
10030005,4おまえの%2F勝負なら\nいつでも%1F買ってやるぜ！,"¡Si quieres que te demuestre\nquién es mejor, solo tienes\nque pedírmelo!"
10030005,4だったら　オレが%1F入ってやるよ。\nただし…,"Entonces jugaré contigo, pero..."
10030005,8おまえが　オレより\n%1F強かったらの%1F話だがな！,¡tendrás que demostrarme que\njuegas mejor al fútbol que yo!
10030005,Dその%1F人は　いつも\n%3F河川敷の%2F船場に\nいるみたいですよ！,¡Siempre está cerca del\nmuelle del río!
10030005,Hおまえが　オレより%1F強かったら\nサッカー%1F部に%1F入ってやるぜ！,"¡Si demuestras ser mejor que yo,\nme uniré a tu equipo! ¿De acuerdo?"
10030005,Xよう　%2F円堂！\nおまえ　サッカー%1F部に%1F入ってくれる\nヤツをさがしてるんだろ？,"¿Cómo estás, Mark? ¿Te faltan\njugadores en el equipo?"
10030005,\おまえ　なかなか%1F強いじゃないか！\n%2F約束どおり　サッカー%1F部に\n%1F入ってやるさ。,¡Menudo nivelazo! Me voy a tener\nque unir a tu equipo.
10030005,さあ　いくぜ！！,"¡Venga, vamos!"
10030006,$もしもし？\nセンパイですか？,"¡Hola, Mark!"
10030006,%1F逃げるのかっ！？,¿Te largas?
10030006,%s\nが%2F仲間になった！,¡%s se te ha unido!
10030006,8おまえだな！\nオレを%2F仲間にしたいってヤツは！,¡Aaah! ¡Así que tú eras el que\nquería que jugase en su equipo!
10030006,Hオレのスピードより　%1F速いヤツが\nいるなんて　%1F思わなかったぞ。,No quiero jugar con gente\nque corra menos que yo.
10030006,Hオレより　%1F足が%1F速かったら\n%2F仲間になってやってもいいぞ。,¡Nunca imaginé que hubiera\nalguien más rápido que yo!
10030006,Pおまえが　オレより%1F足が%1F速かったら\n%2F仲間になってやってもいいぞ。,"Si demuestras que puedes correr\nmás que yo, me uniré a tu club.\n¿Hecho?"
10030006,Pその%1F人は　いつも\n%3F河川敷のグラウンドの%1F近くに\nいるみたいですよ！,¡Siempre está cerca del campo\nde fútbol del río!
10030006,それじゃあ　%2F競争だ！,¡Que empiece el duelo!
10030006,それじゃあ　%2F競争だ！！,"Soy un hombre de palabra, así\nque entraré en vuestro equipo."
10030007,$もしもし？\nセンパイですか？,"¡Hola, Mark!"
10030007,%s\nが%2F仲間になった！,¡%s se te ha unido!
10030007,",だったら　それを%1F教えてもらおうか。",Soy todo oídos.
10030007,8そのかわり…\nオレに%1F何かメリットはあるのかい？,¿Ganaré yo algo con eso?
10030007,<メリットがないに\nこのボクが　%1F入るわけないだろ。,No jugaré en tu equipo\na menos que saque algo\nde ello.
10030007,@うん？　なんだいキミは？\nこのボクに　%1F何か%1F用かい？,¿Qué pasa contigo?\n¿Quieres algo?
10030007,Dその%1F人は　いつも\n%3F野球場の%1F近くに\nいるみたいですよ！,¡Está siempre cerca del campo\nde béisbol!
10030007,Dサッカーをしたら　このボクに\n%1F何かメリットはあるのかい？,¿Me vas a demostrar qué gano\nyo si juego al fútbol?
10030007,Lどうやら　メリットもあるようだし\nサッカー%1F部に%1F入ってあげるよ。,"Venga, entraré en el equipo.\nSus cosas buenas ha de tener."
10030007,\テニスをしているボクも\n%1F美しかったけど\nこれはこれで　%1F新しい%1F美しさがあるね。,"El tenis tenía su encanto,\npero confieso que esto\ntambién tiene el suyo."
10030007,d…このボクに　サッカー%1F部へ%1F入れと？\nふふふっ　まあヒマだし\n%1F入ってあげてもいいよ。,"¿Dices que quieres que juegue en\ntu equipo? Bueno, tengo tiempo\nlibre, así que no me importaría."
10030008,$もしもし？\nセンパイですか？,"¡Hola, Mark!"
10030008,%s\nが%2F仲間になった！,¡%s se te ha unido!
10030008,0%1F逃げるのか！？\nこのおくびょう%1F者め！,¿Cómo que te vas? ¡Cobardica!
10030008,8よかろう！\nこのオレが　%2F相手をしてくれるわ！,¡Como quieras! ¡Seré tu rival!\n¿Estás listo?
10030008,@くっくっく…\nオレをさがし%1F出すとは\nたいしたヤツだな。,"¡Ju, ju, ju!...\nMenudo eres, mira que\nponerte a buscarme..."
10030008,Dその%1F人は　いつも\n%2F鉄塔の%1F近くに\nいるみたいですよ！,¡Siempre se le ve por la zona\nde la torre!
10030008,Dほうびとして\nきさまに　このオレの%1F力を\n%1F貸してやろう。,"Ju, ju, ju... Me has dejado\nimpresionado. No te creas que\nes tan sencillo ganarme..."
10030008,では　まいるぞ！,"¡Venga, que voy!"
10040001,%s\nが%2F仲間になった！,¡%s se te ha unido!
10040001,4ゼッタイ　そう%1F言うと\n%1F思ったんだけどな。,"Jugaré contigo, va."
10040001,Dお　%2F円堂！\nおまえが　ここに%1F来るなんて\nめずらしいな。,"¡Eh, Mark! Vaya, qué raro se me\nhace verte por aquí."
10040001,Tまさか…　もう１%1F度\nサッカー%1F部へ%1F入れって\n%1F言うんじゃないだろうな？,"No vendrás a darme otra vez\nla murga con eso de que me\nuna al Raimon, ¿no?"
10040001,\ふぅ…　しょうがないな。\nおまえは　１%1F度%1F言い%1F出したら\n%1F止まらないからな。,"En fin, tú ganas... Una vez se\nte mete algo en la cabeza, ya\nnada te hace cambiar de idea..."
10040002,$さあ　%1F何でも%1F言うのだ。,"Venga, soy todo oídos."
10040002,%s\nが%2F仲間になった！,¡%s se te ha unido!
10040002,Pならば　またオレを%1F見つけたときに\nおまえの%1F願いを　かなえてやろう。,"La próxima vez que nos veamos,\nsi todo va bien, te concederé\ntu deseo."
10040002,`オレにサッカー%1F部へ%1F入れ…　か。\nうむ　いいだろう。\nその%1F願い　かなえてやろう！,"Así que quieres que me apunte\na tu equipo... Bueno, vale.\nTe haré el favor."
10040002,lよくオレを%1F見つけることができたな。\nほうびとして　おまえのねがいを\nひとつだけ　かなえてやろう。,"Muy bien, me has encontrado...\nComo recompensa, te concederé\nun deseo."
10040003,%s\nが%2F仲間になった！,¡%s se te ha unido!
10040003,8だから　ミンナには\nヒミツにしておいてくれよな。,"Ni mu de esto, ¿eh?"
10040003,Pうわっ！　な　なんだおまえは…！\n…えっ？　オレが%1F何をしているかって？,¡Uah! ¿Qué quieres?...\n¿Que qué estoy haciendo?...
10040003,T%1F何でも%1F言うことを%1F聞いてやるからさ\nミンナには　ナイショにしてくれよ！,"¡Haré lo que tú me pidas, pero\nno se lo digas a nadie, por favor!"
10040003,\…サッカー%1F部に%1F入れ？\nえっ？　そんなのでいいのか？\nだったら　%1F入ってやるよ。,¿Que juegue en tu equipo? ¿Va\nen serio? Por mí vale...
10040003,pでも　みんなにはナイショにしてくれ。\nそのかわり　おまえの%1F言うことをひとつ\n%1F聞いてやるからさ。　な？,"No se lo digas a nadie. A cambio,\nte haré el favor que me pidas.\n¡Pero solo uno!"
10040003,t…べ　べつに%1F女の%1F子の%1F着がえを\nのぞこうとなんてしてないぞ。\nう　ウソじゃないからな！　%2F本当だぞ！,No... No te vayas a pensar que\nestoy mirando en los vestuarios\nde las chicas. ¡De verdad!
10040004,%s\nが%2F仲間になった！,¡%s se te ha unido!
10040004,0やっぱりオレは　テニス%1F顔なんだよな。,Yo es que soy más de tenis...
10040004,@…オレをサッカー%1F部にさそいたい？\nうーん　サッカーね…,"¿Me quieres en tu equipo?\nHmm, así que fútbol..."
10040004,@それだったら　やってみてもいいよ。\nこれから　よろしくね。,A ver qué tal se me da.
10040004,Dんっ？　キミはダレだい？\nテニス%1F部に%1F何か%1F用なのかい？,¿Eh? ¿Quién eres? ¿Qué se te\nha perdido en el club de tenis?
10040004,Pオレって　テニスっぽい%1F顔だと%1F思うけど\nサッカーも　%2F似合うかな？,"Creo que me pega más jugar al\ntenis, pero a lo mejor el fútbol\nno se me da tan mal."
10040005,%s\nが%2F仲間になった！,¡%s se te ha unido!
10040005,<なんだい　あんた！\n%2F柔道%1F部に%1F何か%1F用かい？,¿Ya estamos otra vez?\n¿Qué es lo que quieres\ndel club de judo?
10040005,<やっぱり　オレには%2F柔道が\n１%1F番あってるんだよな。,Está visto que lo mío es el judo.
10040005,@…オレをサッカー%1F部にさそいたい？\nうーん　サッカーね…,"¿Me quieres en tu equipo?\nHmm, así que fútbol..."
10040005,Lそれだったら　%1F入ってやるよ。\nこれから　よろしくたのむよ　あんた！,"Pues entonces, jugaré contigo.\n¡Vamos a arrasar, chico!"
10040005,Tオレは　%2F柔道っぽい%2F体型だと%1F思うけど\nサッカーも　いけると%1F思うかい？,"Creo que mi cuerpo pega más\ncon el judo, pero si tú me\ndices que valdría para el fútbol..."
10040006,%s\nが%2F仲間になった！,¡%s se te ha unido!
10040006,4オレを　サッカー%1F部に\nさそいたいのだろう？,"Quieres invitarme a jugar\nen tu equipo, ¿me equivoco?"
10040006,<ふっふっふ…\nキミが%1F来ることは　わかっていたよ。,"Ju, ju... Sabía que vendrías."
10040006,Lふっふっふ…\nそうだと%1F思ったよ。\nだから　ここで%1F待っていたのさ。,"Ja, ja... Me lo veía venir.\nPor eso te estaba esperando aquí."
10040007,%s\nが%2F仲間になった！,¡%s se te ha unido!
10040007,<%2F円堂さん　お%1F久しぶりです！\nお%2F元気でしたか？,"¡Cuánto tiempo, Mark!\n¿Cómo estás?"
10040007,Hいきなりですけど\nオレをサッカー%1F部に\n%1F入れてくれませんか？,"Siento decirlo así, de sopetón,\npero... ¿me aceptas en el club\nde fútbol?"
10040007,Tまた　%2F風丸センパイと%2F一緒に\n%1F走ってみたいんです！\nお%1F願いします！,¡Quiero volver a correr con\nNathan! ¡Hazme el favor!
10040007,dあ　ありがとうです！\n%2F風丸センパイほど　%1F速くないけど\nスピードには　%2F自信ありますよ。,"¡Gracias! No soy tan rápido como\nNathan, pero también corro mucho."
10040008,$もしもし？\n%2F先輩ですか？,¿Hola? ¿Mark?
10040008,%s\nが仲間になった！,¡%s se te ha unido!
10040008,@%1F何？　サッカー%1F部に入らないかって？\nそれはつまり…,"¿Quieres algo, Mark?"
10040008,Lその%1F人は　いつも\nサッカー%2F部室の%1F近くに\nいるみたいですよ！,¡Siempre está cerca del\nclub de fútbol!
10040008,hふん！　しょうがねえな。\nそこまで%1F言うのなら　%1F入ってやるよ。\nこれから　よろしく%1F頼むぜ。,¿Qué? ¿Que por qué no entro\nen un equipo de fútbol? No\nhabrás venido a...
10040008,じゃあ　%1F誘うなよな。,¿Dices que me necesitas?
10040009,$もしもし？\n%2F先輩ですか？,¿Hola? ¿Mark?
10040009,%s\nが仲間になった！,¡%s se te ha unido!
10040009,@%1F何？　サッカー%1F部に入らないかって？\nそれはつまり…,"¿Quieres algo, Mark?"
10040009,Lその%1F人は　いつも\nサッカー%2F部室の%1F近くに\nいるみたいですよ！,¡Siempre está cerca del\nclub de fútbol!
10040009,hふん！　しょうがねえな。\nそこまで%1F言うのなら　%1F入ってやるよ。\nこれから　よろしく%1F頼むぜ。,¿Qué? ¿Que por qué no entro\nen un equipo de fútbol? No\nhabrás venido a...
10040009,じゃあ　%1F誘うなよな。,¿Dices que me necesitas?
10040010,$もしもし？\n%2F先輩ですか？,¿Hola? ¿Mark?
10040010,%s\nが仲間になった！,¡%s se te ha unido!
10040010,@%1F何？　サッカー%1F部に入らないかって？\nそれはつまり…,"¿Quieres algo, Mark?"
10040010,Lその%1F人は　いつも\nサッカー%2F部室の%1F近くに\nいるみたいですよ！,¡Siempre está cerca del\nclub de fútbol!
10040010,hふん！　しょうがねえな。\nそこまで%1F言うのなら　%1F入ってやるよ。\nこれから　よろしく%1F頼むぜ。,¿Qué? ¿Que por qué no entro\nen un equipo de fútbol? No\nhabrás venido a...
10040010,じゃあ　%1F誘うなよな。,¿Dices que me necesitas?
10040011,$もしもし？\n%2F先輩ですか？,¿Hola? ¿Mark?
10040011,%s\nが仲間になった！,¡%s se te ha unido!
10040011,<その%1F人は　いつも\n%3F野球場に　いるみたいですよ！,¡Siempre está en el campo\nde béisbol!
10040011,@%1F何？　サッカー%1F部に入らないかって？\nそれはつまり…,"¿Quieres algo, Mark?"
10040011,hふん！　しょうがねえな。\nそこまで%1F言うのなら　%1F入ってやるよ。\nこれから　よろしく%1F頼むぜ。,¿Qué? ¿Que por qué no entro\nen un equipo de fútbol? No\nhabrás venido a...
10040011,じゃあ　%1F誘うなよな。,¿Dices que me necesitas?
10050001,%s\nが%2F仲間になった！,¡%s se te ha unido!
10050001,",よっしゃ！\nこれから　またよろしくな！",¿Dices que me necesitas?
10050001,8お　%2F円堂！\nなんか　%1F久しぶりな%1F感じだな！,¡Mark! ¿Cuánto hacía que\nno nos veíamos?
10050001,D%1F何？\nサッカー%1F部に　もどらないかって？\nそれはつまり…,¿Eh? ¿Cómo que si vuelvo\nal equipo de fútbol?\nNo será que...
10050002,$もしもし？\nセンパイですか？,¡Steve siempre está en el primer\npiso del edificio principal!
10050002,%s\nが%2F仲間になった！,¡%s se te ha unido!
10050002,0がんばって\nスカウトしてきてくださいね。,Ánimo y a ver si te lo\npuedes traer al equipo.
10050002,<おいおい…\nさそっておいて\nそれはないんじゃないのか。,¡Vale! ¿Puedo volver al equipo?
10050002,L%2F半田さんは　いつも\n%3F本校舎２Ｆの%2F教室に\nいるみたいですよ！,¡Steve siempre tiene\nclase en el primer piso del\nedificio principal! 
10050002,Pおっ　%2F円堂じゃないか！\nひさしぶりだな。\nオレに%1F何か%1F用なのか？,"¡Hola, Mark!"
10050002,Xああ！\nまた　%2F一緒にサッカーしような。\n%2F今度はまじめに　%2F練習するからさ。,"¿Quieres que vuelva a apuntarme\nal equipo de fútbol? Hmmm, vale...\nTampoco es que esté muy ocupado."
10050002,`…サッカー%1F部にもどらないかって？\nうーん　そうだな\nちょうど　ヒマしてたところだし…,"¡Buenas, Mark! Hacía tiempo que\nno te veía. ¿Necesitas algo?"
10050003,$じゃあ　もどらないからいいよ。,No te molestes. No pienso\nvolver a jugar contigo.
10050003,$もしもし？\nセンパイですか？,"¡Hola, Mark!"
10050003,%s\nが%2F仲間になった！,¡%s se te ha unido!
10050003,0がんばって\nスカウトしてきてくださいね。,Ánimo y a ver si te lo\npuedes traer al equipo.
10050003,8それなら　もどってもいいかな。\nまたよろしくね！,Entonces volveré al equipo.\n¡Gracias por esta nueva\noportunidad!
10050003,<オレ　あまり%2F練習したくないんだよ。\nそれでもいい？,Espero que no te importe.\n¿Puedo volver a entrenar?
10050003,@サッカー%1F部にもどらないかって？\nもどってもいいけど…,"¿Que si vuelvo al equipo?\nHombre, no me importaría..."
10050003,Dあ　キャプテン！\nひさしぶりー！\nこんな%1F所でどうしたの？,"¡Ah, capitán! ¡Cuánto tiempo!\n¿A qué has venido?"
10050003,L%3F少林寺さんは　いつも\n%3F本校舎２Ｆの%2F教室に\nいるみたいですよ！,¡Tim siempre tiene\nclase en el primer piso del\nedificio principal! 
10050004,$また　よろしくおねがいします。,¡A ver si nos va bien!
10050004,%s\nが%2F仲間になった！,¡%s se te ha unido!
10050004,",それでもいいって　%1F言うんですか？",¿Dices que no te importa?
10050004,<そうですよね…。\nどうせ　オレなんか　オレなんか…。,Ya... Si es que yo... Yo...
10050004,<キャ　キャプテン！\nオ　オレに%1F何か%1F用なんですか？,¡Ca... capitán!\n¿Pasa algo?
10050004,Lそ　そうですか…！\nだったら　もう１%1F度\nサッカーをやってみますよ！,"¡Oh, qué bien! ¡Vamos\na jugar otra vez!"
10050004,tえっ？　サッカー%1F部にもどれって？\n…でも　オレなんかが%1F入っても\nみんなの%2F足手まといになるだけですよ。,¿Qué? ¿Que vuelva al equipo?\nSolo me convertiré en\nun estorbo para vosotros...
10050005,%s\nが%2F仲間になった！,¡%s se te ha unido!
10050005,0お　%2F円堂！\nなんか　%1F久しぶりだな！,"¡Hola, Mark! Cuánto tiempo, ¿no?"
10050005,0だから…\nまたサッカーをやらせてくれない？,Entonces... ¿me dejas jugar\nen tu equipo?
10050005,Hあきたら　またやめるかもしれないけど\nこれから　またよろしくね！,"Si me aburro quizás salga del\nequipo, pero de momento jugaré\ncon vosotros."
10050005,Pそうか。\nそれは　ざんねんだな…。\n%1F気が%1F向いたら　またさそってよね。,"Anda, pues qué pena...\nBueno, si cambias de opinión,\navísame."
10050005,\サッカーあきちゃったから　やめたけど\n%2F最近　またサッカーが\nしたくなったんだよね。,"Me cansé del fútbol y dejé de\njugar, pero últimamente me\napetece volver a tocar balón..."
10050006,%s\nが%2F仲間になった！,¡%s se te ha unido!
10050006,0このオレの%1F力が\n%2F必要ってことだな？,"O sea, que soy imprescindible\npara tu equipo, ¿no?"
10050006,4ふんっ！\nそれなら　オレは%2F必要ないだろ！,"¡Puf! ¿Para qué te hago falta,\nsi puede saberse?"
10050006,L…%1F何？　オレにまたサッカーしろと？\nつまり　%3F豪炎寺なんかより…,¿Qué? ¿Que juegue otra vez\ncon vosotros? Entonces no\ntenéis suficiente con Axel...
10050006,dおう　%2F円堂！\nなんか　ずいぶん%1F会っていなかった\n%1F気がするぜ。\nオレに%1F何か%1F用か？,"¡Buenas, Mark! Vaya, me da la\nimpresión de que llevaba mucho\ntiempo sin verte. ¿Querías algo?"
10050006,pふんっ！　しょうがないな。\nオレがいないと　ダメみたいだしな。\nそこまで%1F言うのなら　もどってやるよ。,"Hmm, qué se le va a hacer...\nParece que sin mí no sois nada.\nVenga, vale, volveré al equipo."
10050006,また　よろしくたのむぜ！,¡A ver si nos va bien!
10050007,%s\nが%2F仲間になった！,¡%s se te ha unido!
10050007,<ふんっ！\nあとでコウカイしても\n%1F知らないからな。,"Has tenido suerte de que\nsea tan amable, cualquier otro\nhabría pasado de ti."
10050007,Dなんだい？　またキミか…\nいったい　ボクに%1F何の%1F用だい？,¿Qué? ¿Otra vez tú?\n¿Qué diablos quieres de mí?
10050007,Pふふん！\nそこまで%1F言うのなら　この%2F天才のボクが\n%1F入ってあげるよ。,"¡Ju, ju, ju! ¡Si tantas ganas\ntienes de que juegue contigo,\nte dejaré disfrutar de mi magia!"
10050007,\…えっ？　またサッカー%1F部に%1F入れって？\nボクもそんなに\nヒマじゃないんだけどね…,"¿Eh? ¿Otra vez me vienes con\nlas mismas? Que no me aburro\ntanto, oye..."
10050007,dまあ　どうしてもって%1F言うのなら\n%2F天才と%1F言われるこのボクが\n%1F入ってあげてもいいよ。,"Si estás desesperado, no tendré\nmás remedio que ayudarte con\nmi fútbol magistral."
10050008,$もしもし？\n%2F先輩ですか？,¿Hola? ¿Mark?
10050008,%s\nが仲間になった！,¡%s se te ha unido!
10050008,0%2F頑張って\nスカウトしてきてくださいね。,Que haya suerte y puedas\ntraerte al jugador.
10050008,@%1F何？　サッカー%1F部に入らないかって？\nそれはつまり…,"¿Quieres algo, Mark?"
10050008,Hその%1F人は　いつも\n%3F本校舎２Ｆの%2F廊下に\nいるみたいですよ！,¡Siempre está en el pasillo del\nprimer piso del edificio principal!
10050008,hふん！　しょうがねえな。\nそこまで%1F言うのなら　%1F入ってやるよ。\nこれから　よろしく%1F頼むぜ。,¿Qué? ¿Que por qué no entro\nen un equipo de fútbol? No\nhabrás venido a...
10050008,じゃあ　%1F誘うなよな。,¿Dices que me necesitas?
10050009,$もしもし？\n%2F先輩ですか？,¿Hola? ¿Mark?
10050009,%s\nが仲間になった！,¡%s se te ha unido!
10050009,0%2F頑張って\nスカウトしてきてくださいね。,Que haya suerte y puedas\ntraerte al jugador.
10050009,@%1F何？　サッカー%1F部に入らないかって？\nそれはつまり…,"¿Quieres algo, Mark?"
10050009,Dその%1F人は　いつも\n２%2F年生の%2F教室に\nいるみたいですよ！,¡Siempre está en el aula\nde los estudiantes de segundo!
10050009,hふん！　しょうがねえな。\nそこまで%1F言うのなら　%1F入ってやるよ。\nこれから　よろしく%1F頼むぜ。,¿Qué? ¿Que por qué no entro\nen un equipo de fútbol? No\nhabrás venido a...
10050009,じゃあ　%1F誘うなよな。,¿Dices que me necesitas?
10050010,$もしもし？\n%2F先輩ですか？,¿Hola? ¿Mark?
10050010,%s\nが仲間になった！,¡%s se te ha unido!
10050010,0%2F頑張って\nスカウトしてきてくださいね。,Que haya suerte y puedas\ntraerte al jugador.
10050010,@%1F何？　サッカー%1F部に入らないかって？\nそれはつまり…,"¿Quieres algo, Mark?"
10050010,Hその%1F人は　いつも\n%3F本校舎２Ｆの%2F廊下に\nいるみたいですよ！,¡Siempre está en el pasillo del\nprimer piso del edificio principal!
10050010,hふん！　しょうがねえな。\nそこまで%1F言うのなら　%1F入ってやるよ。\nこれから　よろしく%1F頼むぜ。,¿Qué? ¿Que por qué no entro\nen un equipo de fútbol? No\nhabrás venido a...
10050010,じゃあ　%1F誘うなよな。,¿Dices que me necesitas?
10060001,$もしもし？\nセンパイですか？,"¡Hola, Mark!"
10060001,%s\nが%2F仲間になった！,¡%s se te ha unido!
10060001,0%1F例のものは\n%1F持って%1F来てくれたか？,"¡Hola, Mark! Te estaba esperando."
10060001,0おいおい…\n%1F持ってないじゃないかよ。,"¿Quieres que juegue contigo?\n¿Estás seguro? Vale, cuenta\nconmigo."
10060001,8たしか　どこかで\n%1F売っていた%1F気がするな…。,¿Me puedes traer seis botellas\nde agua medicinal?
10060001,<オレが　ほしいのは\nスーパーウォーターを６%1F個だ。,¿Me puedes traer seis botellas\nde agua medicinal? Gracias.
10060001,Hその%1F人は　いつも\n%3F本校舎２Ｆの%2F廊下に\nいるみたいですよ！,¡Siempre está en el pasillo del\nprimer piso del edificio principal!
10060001,Hよう　%2F円堂。\nいきなりで%1F悪いんだけど\n%1F水もっていないか？,"¡Buenas, Mark! Oye, perdona,\npero... ¿no tendrás un poco\nde agua por ahí?"
10060001,Pオレが　ほしいのは\nスーパーウォーターを６%1F個だ。\nよろしくたのむよ。,¡No me hagas esperar!
10060001,Pサンキュー！\nじゃあ　スーパーウォーターを６%1F個\n%1F持って%1F来てくれ！,"¡Gracias! ¡Tráeme seis botellas\nde agua medicinal, por favor!"
10060001,Tだから　オレに%1F水をくれないか？\nただの%1F水じゃねえ。\nすっげえ%1F水だぜ！,"¿Me das algo para beber? Nada\nde agua normal, ¿eh? ¡Quiero\nuna bebida de las que dan energía!"
10060001,X…サッカー%1F部に%1F入れ？\nそんなのでいいのか？\nそれじゃあ　これからよろしくな。,¡Oooh! ¡Qué bien! ¡Muchas gracias!\nTe debo una. ¿Hay algo que\npueda hacer por ti?
10060001,Xたのむよ　%2F円堂！\nこんなこと　たのめるのは\nおまえくらいしか　いないんだよ！,"¡Por favor, Mark! ¡Eres el único\na quien puedo pedirle esto!"
10060001,`おお！　コレコレ！　%1F助かったぜ！！\nちゃんと　お%1F礼はするよ。\n%1F何をしてほしい？,¿Me has traído eso?
10060001,dノドが　すごくかわいてるんだよ！\nもし　%1F水をくれたら\n%1F何でも　%1F言うこと%1F聞くからさ。,"¡Tengo la garganta seca! Si me\ndas algo de agua, haré lo que\nme pidas."
10060001,たのんだぜ　%2F円堂！,"¡Gracias, Mark!"
10060002,$もしもし？\nセンパイですか？,"¡Hola, Mark!"
10060002,%s\nが%2F仲間になった！,¡%s se te ha unido!
10060002,0%1F例のものは\n%1F持って%1F来てくれたか？,"¡Hola, Mark! Te estaba esperando."
10060002,0おいおい…\n%1F持ってないじゃないかよ。,"¿Quieres que juegue contigo?\n¿Estás seguro? Vale, cuenta\nconmigo."
10060002,8たしか　どこかで\n%1F売っていた%1F気がするな…。,¿Me puedes traer una botella\nde agua isotónica? Gracias.
10060002,<オレが　ほしいのは\nスポーツウォーターを１%1F個だ。,Me gustaría beber una botella\nde agua isotónica. ¿Me la puedes\ntraer?
10060002,Hよう　%2F円堂。\nいきなりで%1F悪いんだけど\n%1F水もっていないか？,"¡Buenas, Mark! Oye, perdona,\npero... ¿no tendrás un poco\nde agua por ahí?"
10060002,Pその%1F人は　いつも\n%3F本校舎２Ｆの%2F教室の%1F前に\nいるみたいですよ！,¡Siempre está delante de las aulas\ndel primer piso del edificio\nprincipal!
10060002,Pオレが　ほしいのは\nスポーツウォーターを１%1F個だ。\nよろしくたのむよ。,¡No me hagas esperar!
10060002,Pサンキュー！\nじゃあ　スポーツウォーターを１%1F個\n%1F持って%1F来てくれ！,"¡Gracias! ¡Tráeme una botella\nde agua isotónica, por favor!"
10060002,X…サッカー%1F部に%1F入れ？\nそんなのでいいのか？\nそれじゃあ　これからよろしくな。,¡Oooh! ¡Qué bien! ¡Muchas gracias!\nTe debo una. ¿Hay algo que\npueda hacer por ti?
10060002,Xたのむよ　%2F円堂！\nこんなこと　たのめるのは\nおまえくらいしか　いないんだよ！,"¡Por favor, Mark! ¡Eres el único\na quien puedo pedirle esto!"
10060002,`おお！　コレコレ！　%1F助かったぜ！！\nちゃんと　お%1F礼はするよ。\n%1F何をしてほしい？,¿Me has traído eso?
10060002,`だから　オレに%1F水をくれないか？\nただの%1F水じゃねえ。\nスポーツマンのための%1F水だ！,¿Me das agua? Pero nada de agua\nnormal y corriente... ¡Quiero\nesa que beben los deportistas!
10060002,dノドが　すごくかわいてるんだよ！\nもし　%1F水をくれたら\n%1F何でも　%1F言うこと%1F聞くからさ。,"¡Tengo la garganta seca! Si me\ndas algo de agua, haré lo que\nme pidas."
10060002,たのんだぜ　%2F円堂！,"¡Gracias, Mark!"
10060003,$もしもし？\nセンパイですか？,"¡Hola, Mark!"
10060003,%s\nが%2F仲間になった！,¡%s se te ha unido!
10060003,0%1F例のものは\n%1F持って%1F来てくれたか？,"¡Por favor, Mark! ¡Eres el único\na quien puedo pedirle esto!"
10060003,0おいおい…\n%1F持ってないじゃないかよ。,¡Oooh! ¡Qué bien! ¡Muchas gracias!\nTe debo una. ¿Hay algo que\npueda hacer por ti?
10060003,<たしか　この%1F近くで\n%1F売っていた%1F気がするな…。,¿Me puedes traer dos botellas\nde agua mineral? Gracias.
10060003,<オレが　ほしいのは\nミネラルウォーターを２%1F個だ。,¡No me hagas esperar!
10060003,Hよう　%2F円堂。\nいきなりで%1F悪いんだけど\n%1F水もっていないか？,"¡Buenas, Mark! Oye, perdona,\npero... ¿no tendrás un poco\nde agua por ahí?"
10060003,Lその%1F人は　いつも\n%2F円堂センパイの%2F教室に\nいるみたいですよ！,"¡Siempre está en tu clase, Mark!"
10060003,Pオレが　ほしいのは\nミネラルウォーターを２%1F個だ。\nよろしくたのむよ。,"¿Quieres que juegue contigo?\n¿Estás seguro? Vale, cuenta\nconmigo."
10060003,Pサンキュー！\nじゃあ　ミネラルウォーターを２%1F個\n%1F持って%1F来てくれ！,¿Me das agua?
10060003,X…サッカー%1F部に%1F入れ？\nそんなのでいいのか？\nそれじゃあ　これからよろしくな。,¿Me has traído eso?
10060003,Xたのむよ　%2F円堂！\nこんなこと　たのめるのは\nおまえくらいしか　いないんだよ！,"¡Gracias, Mark!"
10060003,`おお！　コレコレ！　%1F助かったぜ！！\nちゃんと　お%1F礼はするよ。\n%1F何をしてほしい？,"¡Hola, Mark! Te estaba esperando."
10060003,dノドが　すごくかわいてるんだよ！\nもし　%1F水をくれたら\n%1F何でも　%1F言うこと%1F聞くからさ。,"¡Tengo la garganta seca! Si me\ndas algo de agua, haré lo que\nme pidas."
10060003,たのんだぜ　%2F円堂！,"¡Gracias! ¡Tráeme dos botellas\nde agua mineral, por favor!"
10060004,$もしもし？\nセンパイですか？,"¡Hola, Mark!"
10060004,%s\nが%2F仲間になった！,¡%s se te ha unido!
10060004,0%1F例のものは\n%1F持って%1F来てくれたか？,"¡Hola, Mark! Te estaba esperando."
10060004,0おいおい…\n%1F持ってないじゃないかよ。,"¿Quieres que juegue contigo?\n¿Estás seguro? Vale, cuenta\nconmigo."
10060004,8たしか　どこかで\n%1F売っていた%1F気がするな…。,¿Me puedes traer seis botellas\nde agua medicinal?
10060004,<オレが　ほしいのは\nスーパーウォーターを６%1F個だ。,¿Me puedes traer seis botellas\nde agua medicinal? Gracias.
10060004,Hその%1F人は　いつも\n%3F本校舎２Ｆの%2F廊下に\nいるみたいですよ！,¡Siempre está en el pasillo del\nprimer piso del edificio principal!
10060004,Hよう　%2F円堂。\nいきなりで%1F悪いんだけど\n%1F水もっていないか？,"¡Buenas, Mark! Oye, perdona,\npero... ¿no tendrás un poco\nde agua por ahí?"
10060004,Pオレが　ほしいのは\nスーパーウォーターを６%1F個だ。\nよろしくたのむよ。,¡No me hagas esperar!
10060004,Pサンキュー！\nじゃあ　スーパーウォーターを６%1F個\n%1F持って%1F来てくれ！,"¡Gracias! ¡Tráeme seis botellas\nde agua medicinal, por favor!"
10060004,Tだから　オレに%1F水をくれないか？\nただの%1F水じゃねえ。\nすっげえ%1F水だぜ！,"¿Me das algo para beber? Nada\nde agua normal, ¿eh? ¡Quiero\nuna bebida de las que dan energía!"
10060004,X…サッカー%1F部に%1F入れ？\nそんなのでいいのか？\nそれじゃあ　これからよろしくな。,¡Oooh! ¡Qué bien! ¡Muchas gracias!\nTe debo una. ¿Hay algo que\npueda hacer por ti?
10060004,Xたのむよ　%2F円堂！\nこんなこと　たのめるのは\nおまえくらいしか　いないんだよ！,"¡Por favor, Mark! ¡Eres el único\na quien puedo pedirle esto!"
10060004,`おお！　コレコレ！　%1F助かったぜ！！\nちゃんと　お%1F礼はするよ。\n%1F何をしてほしい？,¿Me has traído eso?
10060004,dノドが　すごくかわいてるんだよ！\nもし　%1F水をくれたら\n%1F何でも　%1F言うこと%1F聞くからさ。,"¡Tengo la garganta seca! Si me\ndas algo de agua, haré lo que\nme pidas."
10060004,たのんだぜ　%2F円堂！,"¡Gracias, Mark!"
10060005,$もしもし？\nセンパイですか？,"¡Hola, Mark!"
10060005,%s\nが%2F仲間になった！,¡%s se te ha unido!
10060005,0%1F例のものは\n%1F持って%1F来てくれた？,¿Me has traído eso?
10060005,0おいおい…\n%1F持ってないじゃないかよ。,¡No me hagas esperar!
10060005,8その%1F人は　いつも\n%2F屋上にいるみたいですよ！,¡Siempre está en la azotea!
10060005,8オレが　ほしいのは\nごくじょうな%1F食べものだよ。,Me gustaría comer algo de sabor\nsupremo...
10060005,@もし　%1F持って%1F来てくれたら\n%1F何でもしてあげるよ。,"Si me traes lo que te pido,\nharé lo que quieras."
10060005,D１%1F回くらい　ごくじょうなものを\n%1F食べてみたいんだよね。,"Me gustaría llevarme a la boca\nalgo de calidad suprema, aunque\nsolo fuera una vez..."
10060005,Hオレが　ほしいのは\nごくじょうな%1F食べものだよ。\nよろしくな。,"Me gustaría comer algo de sabor\nsupremo... Tráemelo, por favor."
10060005,Lめちゃくちゃおいしい%1F食べもの\n１%1F回くらい　%1F食べてみたいなー。,"Quiero probar un aperitivo de\nesos que están para chuparse\nlos dedos. Cúrratelo, anda."
10060005,Pめちゃくちゃおいしい%1F食べもの\n４%1F個は%1F食べたいね。\nよろしくな。,"Quiero comerme 4 aperitivos de\nesos que están para chuparse\nlos dedos. Cúrratelo, anda."
10060005,Xなあなあ…　%1F何でもいいからさ\nめっちゃくちゃおいしい%1F食べもの\n%1F知らない？,"Ey, oye... ¿Tienes algo que\nesté para chuparse los dedos?\nMe da igual lo que sea..."
10060005,`ちゃんと　%1F持って%1F来てくれたから\nお%1F礼として　サッカー%1F部に\n%1F入ってあげるよ。,"Como me has traído lo que te\npedí, me uniré al equipo de\nfútbol en agradecimiento."
10060005,dいちど%1F食べたら　やみつきになるくらい\nごくじょうな%1F食べものがいいな。\nがんばってくれよ。,Quiero comer algo tan bueno\nque me aficione a su sabor.\nA ver si encuentras algo así.
10060005,lおお！　コレか！？　すげえな！！\nこんなの%1F初めて%1F見たよ！\nでも　もったいなくて%1F食べれないな。,¡Hala! ¡Qué pasada! ¡Nunca\nhabía visto algo así!\nMe da pena hasta comerlo...
10060005,おっ　%1F待ってたよ。,"Ey, te estaba esperando."
10060006,$もしもし？\nセンパイですか？,"¡Hola, Mark!"
10060006,%s\nが%2F仲間になった！,¡%s se te ha unido!
10060006,0%1F例のものは\n%1F持って%1F来てくれたか？,"¡Hola, Mark! Te estaba esperando."
10060006,0おいおい…\n%1F持ってないじゃないかよ。,"¿Quieres que juegue contigo?\n¿Estás seguro? Vale, cuenta\nconmigo."
10060006,8その%1F人は　いつも\n%2F屋上にいるみたいですよ！,¡Siempre está en la azotea!
10060006,8たしか　どこかで\n%1F売っていた%1F気がするな…。,Me apetece beberme dos botellas\nde agua isotónica.
10060006,<オレが　ほしいのは\nスポーツウォーターを２%1F個だ。,¿Me puedes traer dos botellas\nde agua isotónica? Gracias.
10060006,Hよう　%2F円堂。\nいきなりで%1F悪いんだけど\n%1F水もっていないか？,"¡Buenas, Mark! Oye, perdona,\npero... ¿no tendrás un poco\nde agua por ahí?"
10060006,Pオレが　ほしいのは\nスポーツウォーターを２%1F個だ。\nよろしくたのむよ。,¡No me hagas esperar!
10060006,Pサンキュー！\nじゃあ　スポーツウォーターを２%1F個\n%1F持って%1F来てくれ！,"¡Gracias! ¡Tráeme dos botellas\nde agua isotónica, por favor!"
10060006,X…サッカー%1F部に%1F入れ？\nそんなのでいいのか？\nそれじゃあ　これからよろしくな。,¡Oooh! ¡Qué bien! ¡Muchas gracias!\nTe debo una. ¿Hay algo que\npueda hacer por ti?
10060006,Xたのむよ　%2F円堂！\nこんなこと　たのめるのは\nおまえくらいしか　いないんだよ！,"¡Por favor, Mark! ¡Eres el único\na quien puedo pedirle esto!"
10060006,`おお！　コレコレ！　%1F助かったぜ！！\nちゃんと　お%1F礼はするよ。\n%1F何をしてほしい？,¿Me has traído eso?
10060006,`だから　オレに%1F水をくれないか？\nただの%1F水じゃねえ。\nスポーツマンのための%1F水だ！,¿Me das agua? Pero nada de agua\nnormal y corriente... ¡Quiero\nesa que beben los deportistas!
10060006,dノドが　すごくかわいてるんだよ！\nもし　%1F水をくれたら\n%1F何でも　%1F言うこと%1F聞くからさ。,"¡Tengo la garganta seca! Si me\ndas algo de agua, haré lo que\nme pidas."
10060006,たのんだぜ　%2F円堂！,"¡Gracias, Mark!"
10060007,$もしもし？\nセンパイですか？,"¡Hola, Mark!"
10060007,%s\nが%2F仲間になった！,¡%s se te ha unido!
10060007,0%1F例のものは\n%1F持って%1F来てくれたか？,"¡Hola, Mark! Te estaba esperando."
10060007,0おいおい…\n%1F持ってないじゃないかよ。,"¿Quieres que juegue contigo?\n¿Estás seguro? Vale, cuenta\nconmigo."
10060007,8その%1F人は　いつも\n%2F屋上にいるみたいですよ！,¡Siempre está en la azotea!
10060007,8たしか　どこかで\n%1F売っていた%1F気がするな…。,¿Me puedes traer cinco botellas\nde agua medicinal?
10060007,<オレが　ほしいのは\nスーパーウォーターを５%1F個だ。,¿Me puedes traer cinco botellas\nde agua medicinal? Gracias.
10060007,Hよう　%2F円堂。\nいきなりで%1F悪いんだけど\n%1F水もっていないか？,"¡Buenas, Mark! Oye, perdona,\npero... ¿no tendrás un poco\nde agua por ahí?"
10060007,Pオレが　ほしいのは\nスーパーウォーターを５%1F個だ。\nよろしくたのむよ。,¡No me hagas esperar!
10060007,Pサンキュー！\nじゃあ　スーパーウォーターを５%1F個\n%1F持って%1F来てくれ！,"¡Gracias! ¡Tráeme cinco botellas\nde agua medicinal, por favor!"
10060007,Tだから　オレに%1F水をくれないか？\nただの%1F水じゃねえ。\nすっげえ%1F水だぜ！,"¿Me das algo para beber? Nada\nde agua normal, ¿eh? ¡Quiero\nuna bebida de las que dan energía!"
10060007,X…サッカー%1F部に%1F入れ？\nそんなのでいいのか？\nそれじゃあ　これからよろしくな。,¡Oooh! ¡Qué bien! ¡Muchas gracias!\nTe debo una. ¿Hay algo que\npueda hacer por ti?
10060007,Xたのむよ　%2F円堂！\nこんなこと　たのめるのは\nおまえくらいしか　いないんだよ！,"¡Por favor, Mark! ¡Eres el único\na quien puedo pedirle esto!"
10060007,`おお！　コレコレ！　%1F助かったぜ！！\nちゃんと　お%1F礼はするよ。\n%1F何をしてほしい？,¿Me has traído eso?
10060007,dノドが　すごくかわいてるんだよ！\nもし　%1F水をくれたら\n%1F何でも　%1F言うこと%1F聞くからさ。,"¡Tengo la garganta seca! Si me\ndas algo de agua, haré lo que\nme pidas."
10060007,たのんだぜ　%2F円堂！,"¡Gracias, Mark!"
10060008,$もしもし？\nセンパイですか？,"¡Hola, Mark!"
10060008,%s\nが%2F仲間になった！,¡%s se te ha unido!
10060008,",だったら　オレのことは\nあきらめな。",Pues ya puedes marcharte\npor donde has venido.
10060008,0%1F例のものは\n%1F持って%1F来てくれたか？,¿Me has traído eso?
10060008,0おいおい…\n%1F持ってないじゃないかよ。,¡No me hagas esperar!
10060008,8その%1F人は　いつも\n%2F屋上にいるみたいですよ！,¡Siempre está en la azotea!
10060008,8たしか　どこかで\n%1F売っていた%1F気がするな…。,"Me parece que se podían comprar\nen algún lado, pero ¿dónde?"
10060008,Dそうしたら　サッカー%1F部にでも\nどこにでも%1F入ってやるさ。,"En ese caso entraría hasta en\nel club de calceta, si hace falta."
10060008,Dスタミナがつく%1F食べものだからな。\nがんばって　さがしなよ。,Un alimento energético no\ndebe de ser tan difícil de\nencontrar. ¡Ánimo!
10060008,Lおお！　コレコレ！\nよくわかったな。\nこのスタミナフレーバーだって。,"¡Oooh! ¡Muy bien!\nDe estas barritas te hablaba, sí."
10060008,\つかれた%1F体にオススメで\nスタミナがつく%1F食べもの…\nこれを１%1F個%1F持ってきな。,"Para un cuerpo cansado, lo mejor\nes un aporte energético.\nTráeme un aperitivo de esos."
10060008,`%2F約束どおり　サッカー%1F部に\n%1F入ってやるよ。\nつかれたら　これで%2F回復するんだな。,"Tal y como lo hablamos,\njugaré con vosotros. Usad\nesto cuando os canséis."
10060008,`オレが　ほしいのは\nスタミナがつく%1F食べものを　１%1F個だ。\nがんばって　さがしてきなよ。,Me apetece comerme una barrita.\n¿Me la puedes traer?\n
10060008,h…オレに　サッカー%1F部へ%1F入れって？\nだったら　オレが%1F今から%1F言う\nものを%1F持ってこいよ。,¿Quieres que juegue en tu equipo?\nPues tienes que traerme lo que\nte pida.
10060008,おっ　%1F待ってたぜ。,Te esperaba.
10060009,$もしもし？\nセンパイですか？,"¡Hola, Mark!"
10060009,%s\nが%2F仲間になった！,¡%s se te ha unido!
10060009,",だったら　オレのことは\nあきらめな。",Pues ya puedes marcharte\npor donde has venido.
10060009,0%1F例のものは\n%1F持って%1F来てくれたか？,¿Me has traído eso?
10060009,0おいおい…\n%1F持ってないじゃないかよ。,¡No me hagas esperar!
10060009,8たしか　どこかで\n%1F売っていた%1F気がするな…。,"Me parece que se podían comprar\nen algún lado, pero ¿dónde?"
10060009,Dそうしたら　サッカー%1F部にでも\nどこにでも%1F入ってやるさ。,"En ese caso entraría hasta en\nel club de calceta, si hace falta."
10060009,Dその%1F人は　いつも\n%3F保健室の%1F近くに\nいるみたいですよ！,¡Siempre está cerca de\nla enfermería!
10060009,Dクッキー%1F味の%1F食べものだからな。\nがんばって　さがしなよ。,¡A ver si encuentras\nalguna!
10060009,Hクッキー%1F味のおいしい%1F食べもの…\nこれを１%1F個%1F持ってきな。,"Tráeme una galleta, anda."
10060009,Lおお！　コレコレ！\nよくわかったな。\nこのクッキーフレーバーだって。,"¡Oooh! ¡Muy bien!\nEsta galleta me sentará\nde fábula, sí."
10060009,Pその%1F人は　いつも\n%3F本校舎の%3F下駄箱の%1F近くに\nいるみたいですよ！,¡Siempre está por las taquillas\ndel edificio principal!
10060009,X%2F約束どおり　サッカー%1F部に\n%1F入ってやるよ。\nやっぱクッキー%1F味はいいよな。,"Jugaré al fútbol con vosotros,\ntal y como habíamos quedado.\nQué buenas están las galletas..."
10060009,dオレが　ほしいのは\nクッキー%1F味の%1F食べものを　１%1F個だ。\nがんばって　さがしてきなよ。,Me gustaría comerme una galleta.\n¿Me la traes?
10060009,h…オレに　サッカー%1F部へ%1F入れって？\nだったら　オレが%1F今から%1F言う\nものを%1F持ってこいよ。,¿Quieres que juegue en tu equipo?\nPues tienes que traerme lo que\nte pida.
10060009,おっ　%1F待ってたぜ。,Te esperaba.
10060010,$もしもし？\nセンパイですか？,"¡Hola, Mark!"
10060010,%s\nが%2F仲間になった！,¡%s se te ha unido!
10060010,",だったら　オレのことは\nあきらめな。",Pues ya puedes marcharte\npor donde has venido.
10060010,0%1F例のものは\n%1F持って%1F来てくれたか？,¿Me has traído eso?
10060010,0おいおい…\n%1F持ってないじゃないかよ。,¡No me hagas esperar!
10060010,8たしか　どこかで\n%1F売っていた%1F気がするな…。,"Me parece que se podían comprar\nen algún lado, pero ¿dónde?"
10060010,Dそうしたら　サッカー%1F部にでも\nどこにでも%1F入ってやるさ。,"En ese caso entraría hasta en\nel club de calceta, si hace falta."
10060010,Dその%1F人は　いつも\n%2F正門の%1F近くに\nいるみたいですよ！,¡Siempre está cerca de la entrada\nprincipal del instituto!
10060010,Hハイパーな%1F味の%1F食べものだからな。\nがんばって　さがしなよ。,Tienen un sabor a cacao demencial.\n¡Suerte con la búsqueda!
10060010,Lおお！　コレコレ！\nよくわかったな。\nこのハイパーフレーバーだって。,¡Oooh! ¡Eso es!\nEsto es lo que quería...\n¡Chocolate!
10060010,\%2F一口%1F食べたら\n%2F元気マンタンになる%1F食べもの…。\nこれを５%1F個%1F持ってきな。,"Tráeme 5 cosas de esas que,\ncuando te las comes, te llenan\nde energía al máximo."
10060010,\%2F約束どおり　サッカー%1F部に\n%1F入ってやるよ。\nやっぱ　%2F元気が１%1F番だよな。,"Jugaré al fútbol con vosotros,\ntal y como habíamos quedado.\nNo hay nada como sentirse bien."
10060010,h…オレに　サッカー%1F部へ%1F入れって？\nだったら　オレが%1F今から%1F言う\nものを%1F持ってこいよ。,¿Quieres que juegue en tu equipo?\nPues tienes que traerme lo que\nte pida.
10060010,lオレが　ほしいのは　%2F元気が\nマンタンになる%1F食べものを　５%1F個だ。\nがんばって　さがしてきなよ。,Me apetece tomar 5 de esas cosas\nque te llenan completamente\nde energía. ¿Me las traes?
10060010,おっ　%1F待ってたぜ。,Te esperaba.
10060011,$もしもし？\nセンパイですか？,"¡Hola, Mark!"
10060011,%s\nが%2F仲間になった！,¡%s se te ha unido!
10060011,",だったら　オレのことは\nあきらめな。",Pues ya puedes marcharte\npor donde has venido.
10060011,0%1F例のものは\n%1F持って%1F来てくれたか？,¿Me has traído eso?
10060011,0おいおい…\n%1F持ってないじゃないかよ。,¡No me hagas esperar!
10060011,8たしか　どこかで\n%1F売っていた%1F気がするな…。,"Me parece que se podían comprar\nen algún lado, pero ¿dónde?"
10060011,<その%1F人は　いつも\n%3F保健室に\nいるみたいですよ！,¡Siempre está en la enfermería!
10060011,Dそうしたら　サッカー%1F部にでも\nどこにでも%1F入ってやるさ。,"En ese caso entraría hasta en\nel club de calceta, si hace falta."
10060011,Dその%1F人は　いつも\n%3F職員室の%1F近くに\nいるみたいですよ！,¡Siempre está cerca de la biblioteca!
10060011,Dスタミナがつく%1F食べものだからな。\nがんばって　さがしなよ。,Un alimento energético no\ndebe de ser tan difícil de\nencontrar. ¡Ánimo!
10060011,Lおお！　コレコレ！\nよくわかったな。\nこのスタミナフレーバーだって。,"¡Oooh! ¡Muy bien!\nDe estas barritas te hablaba, sí."
10060011,\つかれた%1F体にオススメで\nスタミナがつく%1F食べもの…\nこれを２%1F個%1F持ってきな。,"Para un cuerpo cansado, lo mejor\nes un aporte energético.\nTráeme dos aperitivos de esos."
10060011,`%2F約束どおり　サッカー%1F部に\n%1F入ってやるよ。\nつかれたら　これで%2F回復するんだな。,"Tal y como lo hablamos,\njugaré con vosotros. Usad\nesto cuando os canséis."
10060011,`オレが　ほしいのは\nスタミナがつく%1F食べものを　２%1F個だ。\nがんばって　さがしてきなよ。,Me apetece comerme un par de\nbarritas. ¿Me las puedes traer?\n
10060011,h…オレに　サッカー%1F部へ%1F入れって？\nだったら　オレが%1F今から%1F言う\nものを%1F持ってこいよ。,¿Quieres que juegue en tu equipo?\nPues tienes que traerme lo que\nte pida.
10060011,おっ　%1F待ってたぜ。,Te esperaba.
10060012,$もしもし？\nセンパイですか？,"¡Hola, Mark!"
10060012,%s\nが%2F仲間になった！,¡%s se te ha unido!
10060012,0%1F例のものは\n%1F持って%1F来てくれたか？,¿Me has traído eso?
10060012,0おいおい…\n%1F持ってないじゃないかよ。,¡No me hagas esperar!
10060012,8%1F人にたのみごとをするのに\nそんなタイドなのか？,¿A qué vienen esos aires? Encima\nque estás pidiendo un favor...
10060012,<たしか　どこかで\n%1F売っていた%1F気がするけどな…。,"Seguro que se pueden comprar\nen algún lado, pero ¿dónde?"
10060012,Dおお！　コレコレ！\nおにぎり！\nこれが%2F最高の%2F料理だよな！,"¡Sí, señor! ¿Hay algo más\nbueno que una bola de arroz?\n¡Justo era esto lo que quería!"
10060012,Dその%1F人は　いつも\n%2F正門の%1F近くに\nいるみたいですよ！,¡Siempre está cerca de la entrada\nprincipal del instituto!
10060012,Tあったか〜い%2F手作りの%1F食べもの…\nいいよなあ…　それじゃ%1F待ってるぜ！,Algo calentito y casero...\n¡Qué ganas de hincarle el diente!\n¡Te estaré esperando!
10060012,\たのみごとがあるって？\nそうか　それじゃ…\nオレは%2F手作りのものに%1F弱いんだけど…。,"¿Quieres pedirme algo? Bueno,\nque sepas que me pirran\nlas cosas hechas a mano..."
10060012,`そうだね　７%1F個も%1F出されたら…\n%2F一生その%1F人に　ついて\nいっちゃうだろうからな。,Seguiría hasta el fin del mundo\na quien pudiera darme siete...
10060012,`オレが　ほしいのは\n%2F手作りの%1F食べものを　７%1F個だ。\nがんばって　さがしてくれよ。,"Me apetece comida casera.\nSi encuentras un alimento\ntradicional, tráeme 7 de eso, anda."
10060012,dえ？　サッカー%1F部に%1F入ってほしい？\nもちろんいいぜ！\n%1F今　%1F心までホカホカだからな！,¿Eh? ¡Pues claro que quiero\nentrar en el club de fútbol!\n¡El corazón me da brincos!
10060012,lあったか〜い%2F手作りの%1F食べもの…。\nそれを%2F用意してくれよ。\nだったら　どんなたのみも%1F聞くぜ。,"Quiero algo calentito y hecho\na mano... ¿Me lo puedes traer?\nA cambio, haré lo que quieras."
10060012,おっ　%1F待ってたよ。,"Ey, te estaba esperando."
10060013,$もしもし？\nセンパイですか？,"¡Hola, Mark!"
10060013,%s\nが%2F仲間になった！,¡%s se te ha unido!
10060013,0%1F例のものは\n%1F持って%1F来てくれたか？,"¡Hola, Mark! Te estaba esperando."
10060013,0おいおい…\n%1F持ってないじゃないかよ。,"¿Que vaya a tu equipo? Yo soy más\nde mirar que de jugar, pero...\nVenga, vale."
10060013,4%1F悪いな　%2F円堂！\n%1F楽しみにしてるぜ！,"¡Gracias, Mark!\n¡Me haces un gran favor!"
10060013,<オレが　ほしいのは\nサッカーざっしを　１%1F冊だぜ。,Me gustaría leer una revista\nde fútbol.
10060013,H%1F楽しみにしてたサッカーざっしが\n%1F売り%1F切れちゃっててさ…。,La revista de fútbol que tantas\nganas tenía de que saliera a la\nventa se ha agotado...
10060013,Hおっ　それじゃサッカーざっしを\n１%1F冊　%1F持って%1F来てくれよ！,"¡Bueno, tráeme cuando puedas\nuna revista de fútbol!"
10060013,Hその%1F人は　いつも\n%3F本校舎３Ｆの%2F廊下に\nいるみたいですよ！,¡Siempre está en el pasillo\ndel segundo piso del edificio\nprincipal!
10060013,Lオレが　ほしいのは\nサッカーざっしを　１%1F冊だ。\nよろしくたのむよ。,¡No me hagas esperar!
10060013,Pなんだよ…\n%1F実はおまえ　あんまりサッカーに\nくわしくないんじゃないの？,"¿Qué?... Oye, ¿de verdad\nsabes de fútbol?"
10060013,Tその%1F人は　いつも\n%3F北校舎３Ｆの%3F消火器の%1F近くに\nいるみたいですよ！,"¡Siempre está en la zona del\nextintor, en el segundo piso\ndel edificio norte!"
10060013,Tサッカー%1F部のおまえなら\nどこで%1F手に%1F入るか　わかるだろ？\nまかせたぜ！,"Sabrás dónde conseguir lo que te\npido, ¿no? ¡Para algo eres\ncapitán! ¡Venga, gracias!"
10060013,X%2F円堂！\nおまえ　サッカー%1F部なんだから\nサッカーのことには　くわしいんだろ？,"¡Mark! Tú que estás en el equipo\ndel instituto, tienes que saber\nun montón de fútbol, ¿no?"
10060013,Xおまえ　なんとか%1F手に%1F入れて\nくれないか？\nオレは%1F見るだけでいいからさ…。,¿No podrías conseguirla? Yo con\nmirarla tengo suficiente...
10060013,\…サッカー%1F部に%1F入れ？\nオレは　やるより%1F見る%1F方なんだけど…\nまあ　いいか…。,¡Oooh! ¡Qué bien! ¡Muchas gracias!\nTe debo una. ¿Hay algo que\npueda hacer por ti?
10060013,`おお！　コレコレ！　%1F助かったぜ！！\nちゃんと　お%1F礼はするよ。\n%1F何をしてほしい？,¿Me has traído eso?
10060014,$もしもし？\nセンパイですか？,"¡Hola, Mark!"
10060014,%s\nが%2F仲間になった！,¡%s se te ha unido!
10060014,0おいおい…\n%1F持ってないじゃないかよ。,¡No me hagas esperar!
10060014,4%1F例のものを\n%1F持って%1F来てくれたのかい？,¿Me has traído lo que te pedí?
10060014,4カルシウムが%1F足りなくて\n%1F動けないよ…。,Me falta calcio y\nno puedo moverme...
10060014,Dボクが　ほしいのは\nカルシウム%2F不足に%2F効果のあるものさ。,Quiero algo rico en calcio.
10060014,Pこれがカルシウム%2F不足にきくのか…。\n%1F言われてみれば　たしかにそうだ。,¿Esto va bien para los huesos?\nSupongo que sí...
10060014,Pもし　それを%1F見つけて\n%1F持って%1F来てくれたら\n%1F何でもしてあげるよ。,"Si encuentras y me traes lo que\nte pido, haré lo que quieras."
10060014,Pキミ　%1F何か　カルシウム%2F不足に\n%2F効果のあるものを%1F知らないかい？,¿Sabes de algo que tenga\nmucho calcio que pueda tomarme?
10060014,Tふう　ボクは%1F体が%1F弱くってね。\nカルシウム%2F不足だって\n%1F言われたよ…。,Se ve que soy de constitución\ndébil. El médico me ha dicho\nque me falta calcio en los huesos.
10060014,\そうだね　かなり%2F不足らしいから…\n３%1F個は　ほしいところだね。\nよろしくたのむよ。,Pues voy tan escaso que casi\nque te pediría tres...\nPerdona por las molestias.
10060014,\その%1F人は　いつも\nテニスコートの%1F近くにある%1F木の%1F後ろに\nいるみたいですよ！,¡Siempre está detrás del árbol\nque hay cerca de las pistas de\ntenis!
10060014,dどこかに　%1F売っていた%1F気もするけど…\nカルシウムが%1F足りなくて\n%1F思い%1F出せないや…。,Creo que vendían algo de eso en\nalguna parte... Tengo tan poco\ncalcio que no puedo recordarlo.
10060014,dよーし　%2F元気になってきたぞ！\n%1F今なら　なんでもできそうだ！\nサッカー？　まかせてくれよ！,"¡Bien, me siento fresco y capaz\nde hacer cualquier cosa!\n¿Fútbol, dices?"
10060014,おっ　%1F待ってたよ。,"Ey, te estaba esperando."
10060015,$もしもし？\nセンパイですか？,"¡Hola, Mark!"
10060015,%s\nが%2F仲間になった！,¡%s se te ha unido!
10060015,",だったら　オレのことは\nあきらめな。",Pues ya puedes marcharte\npor donde has venido.
10060015,0%1F例のものは\n%1F持って%1F来てくれたか？,¿Me has traído eso?
10060015,0おいおい…\n%1F持ってないじゃないかよ。,¡No me hagas esperar!
10060015,8たしか　どこかで\n%1F売っていた%1F気がするな…。,"Me parece que se podían comprar\nen algún lado, pero ¿dónde?"
10060015,Dそうしたら　サッカー%1F部にでも\nどこにでも%1F入ってやるさ。,"En ese caso entraría hasta en\nel club de calceta, si hace falta."
10060015,Hその%1F人は　いつも\n%2F校長%1F室の%1F近くに\nいるみたいですよ！,¡Siempre está cerca del\ndespacho del director!
10060015,Hその%1F人は　いつも\n%3F北校舎３Ｆの%2F教室に\nいるみたいですよ！,¡Siempre está en un aula del\nsegundo piso del edificio\nnorte!
10060015,Hハイパーな%1F味の%1F食べものだからな。\nがんばって　さがしなよ。,Tienen un sabor a cacao demencial.\n¡Suerte con la búsqueda!
10060015,Lおお！　コレコレ！\nよくわかったな。\nこのハイパーフレーバーだって。,¡Oooh! ¡Eso es!\nEsto es lo que quería...\n¡Chocolate!
10060015,\%2F一口%1F食べたら\n%2F元気マンタンになる%1F食べもの…。\nこれを６%1F個%1F持ってきな。,"Tráeme 6 cosas de esas que,\ncuando te las comes, te llenan\nde energía al máximo."
10060015,\%2F約束どおり　サッカー%1F部に\n%1F入ってやるよ。\nやっぱ　%2F元気が１%1F番だよな。,"Jugaré al fútbol con vosotros,\ntal y como habíamos quedado.\nNo hay nada como sentirse bien."
10060015,h…オレに　サッカー%1F部へ%1F入れって？\nだったら　オレが%1F今から%1F言う\nものを%1F持ってこいよ。,¿Quieres que juegue en tu equipo?\nPues tienes que traerme lo que\nte pida.
10060015,lオレが　ほしいのは　%2F元気が\nマンタンになる%1F食べものを　６%1F個だ。\nがんばって　さがしてきなよ。,Me apetece tomar 6 de esas cosas\nque te llenan completamente\nde energía. ¿Me las traes?
10060015,おっ　%1F待っていたぜ。,¡Hola! Te estaba esperando.
10060016,$もしもし？\nセンパイですか？,"¡Hola, Mark!"
10060016,%s\nが%2F仲間になった！,¡%s se te ha unido!
10060016,",だったら　オレのことは\nあきらめな。",Pues ya puedes marcharte\npor donde has venido.
10060016,0%1F例のものは\n%1F持って%1F来てくれたか？,¿Me has traído eso?
10060016,0おいおい…\n%1F持ってないじゃないかよ。,¡No me hagas esperar!
10060016,8たしか　どこかで\n%1F売っていた%1F気がするな…。,"Me parece que se podían comprar\nen algún lado, pero ¿dónde?"
10060016,Dそうしたら　サッカー%1F部にでも\nどこにでも%1F入ってやるさ。,"En ese caso entraría hasta en\nel club de calceta, si hace falta."
10060016,Hその%1F人は　いつも\nテニスコートの%1F近くに\nいるみたいですよ！,¡Siempre está cerca de\nlas pistas de tenis!
10060016,Hハイパーな%1F味の%1F食べものだからな。\nがんばって　さがしなよ。,Tienen un sabor a cacao demencial.\n¡Suerte con la búsqueda!
10060016,Lおお！　コレコレ！\nよくわかったな。\nこのハイパーフレーバーだって。,¡Oooh! ¡Eso es!\nEsto es lo que quería...\n¡Chocolate!
10060016,\%2F一口%1F食べたら\n%2F元気マンタンになる%1F食べもの…。\nこれを４%1F個%1F持ってきな。,"Tráeme 4 cosas de esas que,\ncuando te las comes, te llenan\nde energía al máximo."
10060016,\%2F約束どおり　サッカー%1F部に\n%1F入ってやるよ。\nやっぱ　%2F元気が１%1F番だよな。,"Jugaré al fútbol con vosotros,\ntal y como habíamos quedado.\nNo hay nada como sentirse bien."
10060016,h…オレに　サッカー%1F部へ%1F入れって？\nだったら　オレが%1F今から%1F言う\nものを%1F持ってこいよ。,¿Quieres que juegue en tu equipo?\nPues tienes que traerme lo que\nte pida.
10060016,lオレが　ほしいのは　%2F元気が\nマンタンになる%1F食べものを　４%1F個だ。\nがんばって　さがしてきなよ。,Me apetece tomar 4 de esas cosas\nque te llenan completamente\nde energía. ¿Me las traes?
10060016,おっ　%1F待っていたぜ。,¡Hola! Te estaba esperando.
10070001,$もしもし？\nセンパイですか？,"¡Hola, Mark!"
10070001,%s\nが%2F仲間になった！,¡%s se te ha unido!
10070001,",だったら　オレが%1F入ってやろうか？",¿Y si me apunto a tu equipo?
10070001,4%1F気が%1F向いたら　%1F声をかけてくれよな。,"Si quieres hablar de nuevo\nconmigo sobre el tema, seré\ntodo oídos."
10070001,Dその%1F人は　いつも\n%3F図書室の%1F近くに\nいるみたいですよ！,¡Siempre está cerca de\nla biblioteca!
10070001,Pしょうがねえなー\nサッカー%1F部に%1F入ってやるよ。\nこれから　よろしくな。,"Bueno, tendré que sacarte\nlas castañas del fuego."
10070001,Tおう　%2F円堂！\n%2F最近　サッカー%1F部の\nメンバーを%1F集めてるらしいじゃん。,"¡Hola, Mark! ¿Es verdad eso que\ndicen de que estás buscando\ngente para el equipo de fútbol?"
10070002,$もしもし？\nセンパイですか？,"¡Hola, Mark!"
10070002,%s\nが%2F仲間になった！,¡%s se te ha unido!
10070002,8だから　ボクに\nサッカーを%1F教えてくれませんか？,"Bueno, ¿qué? ¿Me enseñas\na jugar al fútbol?"
10070002,<ちょっと　いきなりすぎでしたね。\nすみませんでした…。,"Perdona... No te esperabas\nalgo tan repentino, ¿verdad?"
10070002,Dその%1F人は　いつも\n%3F職員室の%1F近くに\nいるみたいですよ！,¡Siempre está cerca de\nla sala de profesores!
10070002,Hあ　ありがとうございます！\nこれから　よろしくお%1F願いしますね。,¡Gracias! No os fallaré.
10070002,Lボク　%1F大きくなったら\n%3F小学校の%2F先生になるのが%1F夢なんです。,De mayor quiero ser profesor\nde primaria.
10070002,Tでも　%3F小学校の%2F先生って…\n%1F何でも　%1F教えれないと\nダメなんですよね。,Lo que pasa es que hay\nque saber de todo...
10070003,$もしもし？\nセンパイですか？,"¡Hola, Mark!"
10070003,%s\nが%2F仲間になった！,¡%s se te ha unido!
10070003,",どうやったら　%1F買えるんだろう…。",¿Cómo lo hago para comprarlo?...
10070003,0どうやったら\n%1F買えるようになるかなー？,¿Se te ocurre algo que pueda\nhacer para conseguirlo?
10070003,Dじゃあ　%2F早速　%2F練習させてもらうよ。\nこれから　よろしく！,"¡Gracias por aceptarme!\nVenga, vamos a entrenar."
10070003,Dその%1F人は　いつも\n%3F本校舎の%2F売店に　いるみたいですよ！,¡Siempre se le ve en la tienda\ndel edificio principal!
10070003,Hこの%2F売店の%2F人気%2F商品は\nいつも　%1F売り%1F切れなんだよ。,El producto estrella de esta\ntienda siempre se agota.
10070003,P…サッカー%1F部で　%1F足を%1F速くする！？\nなるほど　その%1F手があったか！,¿En el club de fútbol entrenáis\nla velocidad? ¡Claro!\n¡Así me adelantaré a los demás!
10070004,$これから　よろしくたのむぜ。,Gracias por dejarme jugar\nen tu equipo.
10070004,$もしもし？\nセンパイですか？,"¡Hola, Mark!"
10070004,%s\nが%2F仲間になった！,¡%s se te ha unido!
10070004,<ところで…\nサッカーって　そんなに%1F楽しいのかよ？,"Por cierto, ¿el fútbol es\ntan divertido como dicen?"
10070004,@つまらないのか…。\nじゃあ　なんで　サッカーやってんだ？,¿No te aburre jugar al fútbol?
10070004,Hその%1F人は　いつも\n%3F本校舎１Ｆの%2F廊下に\nいるみたいですよ！,¡Siempre está en el pasillo de\nla planta baja del edificio\nprincipal!
10070004,Pえ？　おまえ　サッカー%1F部だったのか？\nそれで　いつも%1F走ってるんだな。,"¿Eh? ¿Eres del club de fútbol?\nEntonces siempre estás corriendo,\n¿no?"
10070004,Tおっ　%2F円堂じゃないか！\n%2F最近　%1F忙しそうだよなぁ。\n%1F何かあったのか？,"¡Hola, Mark! Últimamente se te ve\nmuy ocupado. ¿Ha pasado algo?"
10070004,dそんなに%1F楽しいのか！？\nだったら　オレもやってみようかな。\nどうせ　ヒマしてた%1F所だしな。,"¿Tan divertido es? A lo mejor\nme apunto... De todos modos,\nahora no tengo nada que hacer."
10070005,$もしもし？\nセンパイですか？,"¡Hola, Mark!"
10070005,%s\nが%2F仲間になった！,¡%s se te ha unido!
10070005,0ああ　がんばるぜ。\nこれから　よろしくな。,Voy a sudar vuestra camiseta.
10070005,8%1F少しくらい　やらせてくれても\nいいじゃんかよ。,¿No me dejas jugar un poquillo?
10070005,8なぁ　オレにも　サッカーを\nやらせてくれないか？,"Oye, ¿me dejas jugar en tu equipo?"
10070005,Hその%1F人は　いつも\n%3F本校舎の%3F下駄箱に\nいるみたいですよ！,¡Siempre está por las taquillas\ndel edificio principal!
10070005,Hなんか　おまえを%1F見てたら\nオレも　サッカーが　したくなったぜ。,"No sé, es verte y a mí también\nme entran ganas de jugar\nal fútbol..."
10070005,Xよお　%2F円堂！\n%1F今から　サッカー%1F部の%2F練習か？\nいつも　がんばってるなぁ。,"¿Qué tal estás, Mark?\n¿Vas a entrenarte?\nSí que te esfuerzas..."
10070006,$もしもし？\nセンパイですか？,"¡Hola, Mark!"
10070006,%s\nが%2F仲間になった！,¡%s se te ha unido!
10070006,",%1F後でコウカイしても\n%1F知らないぜ。","Si luego te arrepientes,\na mí no me digas nada."
10070006,",なんなら　オレが%1F入ってやろうか？",Tendré que unirme a tu equipo...
10070006,<このオレが　%1F入ってやると\n%1F言ってやったのにな。,Y eso que me había ofrecido\na jugar contigo...
10070006,Hその%1F人は　いつも\n%3F本校舎の%3F下駄箱に\nいるみたいですよ！,¡Siempre está por las taquillas\ndel edificio principal!
10070006,Lしょうがねえな…\nこのオレが　%1F入ってやるよ。\nありがたく%1F思いな。,Ya puedes estar agradecido de\nque haya decidido jugar en tu\nequipo. En fin...
10070006,Xよお　%2F円堂！\nおまえ　サッカー%1F部に%1F入るヤツを\nさがしているんだってな。,"¡Buenas, Mark! He oído por ahí\nque estás buscando jugadores\npara tu equipo."
10070007,$もしもし？\nセンパイですか？,"¡Hola, Mark!"
10070007,%s\nが%2F仲間になった！,¡%s se te ha unido!
10070007,4なあ…\n%1F何か　%2F面白いこと%1F知らないか？,¿Qué te cuentas?\n¿Algo interesante?
10070007,8その%1F人は　いつも\n%3F図書室にいるみたいですよ！,¡Siempre está en la biblioteca!
10070007,Pあん？　サッカー？\nまあ　ヒマだし　%2F面白いなら\n%1F何でもやってやるよ。,"¿Hmm? ¿Fútbol? Bueno, tengo\nmucho tiempo libre... Parece\ndivertido."
10070007,`%2F最近　ヒマでヒマでしょうがないから\n%1F本を%1F読みに%1F来てたけど\nもうあきちゃった。,"Últimamente me aburro un montón\ny por eso vengo a leer, pero ya\nme he cansado de hacerlo."
10070007,ヒマだな…。,Me irá bien para matar\nmis ratos libres.
10070008,$これから　よろしくたのむぜ。,Gracias por dejarme jugar\nen tu equipo.
10070008,$もしもし？\nセンパイですか？,"¡Hola, Mark!"
10070008,%s\nが%2F仲間になった！,¡%s se te ha unido!
10070008,Dサッカー%1F部のキャプテンさんよ。\nおまえを%1F待っていたぜ。,"Te esperaba, capitán."
10070008,Hその%1F人は　いつも\n%3F本校舎２Ｆの%2F教室に\nいるみたいですよ！,¡Siempre está en un aula del\nprimer piso del edificio\nprincipal!
10070008,Hふっ　%1F見る%1F目がないな。\nこのオレをいらないと%1F言うとはな。,"Puf, no sabes lo que te pierdes.\nQue no me necesita, dice..."
10070008,Hまあ　%1F任せろよ。\n%2F期待をうらぎらないのが\nこのオレだからな。,"Tranquilo, no seré yo quien\ntraicione tus expectativas."
10070008,\いきなりだが…\nオレを　サッカー%1F部に%1F入れてみないか？\nきっと　%2F戦力になるぜ。,"¿Puedo jugar en tu equipo? Ya sé\nque es un poco repentino, pero...\nseguro que os soy de ayuda."
10070008,どうだい？,¿Y bien?
10070009,$もしもし？\nセンパイですか？,"¡Hola, Mark!"
10070009,%s\nが%2F仲間になった！,¡%s se te ha unido!
10070009,8なんだったら\nオレの%1F力を　%1F貸してやろうか？,"Si te ves muy apurado,\nte echaré una mano."
10070009,D%1F気が%1F向いたら　さそってくれよな。\n%1F待ってるからさ。,Invítame a jugar contigo siempre\nque quieras. Estaré esperando.
10070009,Lおう　%2F円堂！\n%2F最近のサッカー%1F部は\nガンバってるんだってな。,"¡Hola, Mark! Dicen que el equipo\nde fútbol está esforzándose mucho\núltimamente."
10070009,Lその%1F人は　いつも\n%2F円堂センパイの%2F教室に\nいるみたいですよ！,"¡Siempre está delante de tu clase,\nMark!"
10070009,\ああ　%1F任せろ。\n%1F実は　サッカーやりたかったんだよな。\nこれから　%1F楽しみだぜ！,"Venga, sin problemas. La verdad\nes que tenía ganas de jugar al\nfútbol. ¡Será genial!"
10070010,$もしもし？\nセンパイですか？,"¡Hola, Mark!"
10070010,%s\nが%2F仲間になった！,¡%s se te ha unido!
10070010,",サンキュー！\nこれから　よろしくな！",¡Gracias! ¡Aquí me tienes para\nlo que haga falta!
10070010,0よお　%2F円堂！\n%2F最近　ヒマなんだよ。,"¿Qué tal, Mark? Te veo muy\nocioso últimamente."
10070010,8まあ　%1F気が%1F向いたら\n%1F声をかけてくれよな。,Ven a hablar conmigo\ncuando te apetezca.
10070010,<よかったら\nおまえの%2F部活に　%1F入れてくれないか？,¿Te importaría aceptarme\nen tu equipo?
10070010,Pその%1F人は　いつも\n%3F本校舎２Ｆの%2F教室の%1F近くに\nいるみたいですよ！,¡Siempre está cerca de las\naulas del primer piso del\nedificio principal!
10070011,$もしもし？\nセンパイですか？,"¡Hola, Mark!"
10070011,%s\nが%2F仲間になった！,¡%s se te ha unido!
10070011,0あーあ　ヒマで%2F退屈でつまんないなー。,"¡Muy bien, te haré caso y jugaré\nal fútbol! ¡Tenemos que apuntar\na lo más alto!"
10070011,8%2F最近さー　%2F毎日が\nヒマでつまんないんだよ。,Llevo ya varios días aburrido\nsin hacer nada.
10070011,L%1F何か　わくわくドキドキする\n%1F楽しいことが　あったらいいのになー。,Ojalá pasara algo emocionante\ny divertido...
10070011,Lその%1F人は　いつも\n%2F円堂センパイの%2F教室に\nいるみたいですよ！,"¡Siempre está en tu clase, Mark!"
10070011,Xえっ　サッカー？\nそれなら　わくわくドキドキの\n%1F楽しい%2F時間をすごせるんだな？,¿No se te ocurre nada?
10070011,Xよっしゃ！　おまえを%1F信じて\nサッカーをやってみるよ！\nこれから　よろしくな。,"¿Fútbol? A lo mejor paso un rato\nla mar de divertido. Sí, suena\nemocionante..."
10070012,$もしもし？\nセンパイですか？,"¡Hola, Mark!"
10070012,%s\nが%2F仲間になった！,¡%s se te ha unido!
10070012,4さすが　%2F円堂だぜ！\nおまえを%1F信じてたよ。,"¡No esperaba menos de ti, Mark!\nConfiaba plenamente en ti."
10070012,<というわけだからさ\nオレにも　サッカーやらせてくれよ？,"Así que ya sabes...\nDéjame jugar contigo, ¿vale?"
10070012,@%1F別に　いいじゃんかよ！\nオレにも　モテさせてくれよな。,¡Vaya! ¡Pues consígueme una\ncita al menos!
10070012,Hその%1F人は　いつも\n%3F本校舎３Ｆの%2F廊下に\nいるみたいですよ！,¡Siempre está en el pasillo\ndel segundo piso del edificio\nprincipal!
10070012,Pがんばって%2F練習して\n%2F一緒にモテモテになろうぜ！\nビバ　サッカー！！,¡Vamos a entrenarnos a conciencia\npara convertirnos en ídolos de\nmasas! ¡Viva el fútbol!
10070012,Tお　%2F円堂！\n%1F聞いたぜ　あの%1F話！\nだから　おまえはサッカー%1F部なのか！,"¡Oye, Mark! ¡Me he enterado de\nque eres del club de fútbol!\n¡Ahora todo cuadra!"
10070012,dえっ　%1F何のことだって？\nそれはアレだよ。　サッカーは%1F女の%1F子に\nモテモテって%1F話さ。,"¿Que qué digo? A las chicas les\ngustan los futbolistas, ¿no?"
10070013,$この%1F話って　%2F本当なのか？,¿Es cierto?
10070013,$もしもし？\nセンパイですか？,"¡Hola, Mark!"
10070013,%s\nが%2F仲間になった！,¡%s se te ha unido!
10070013,4なーんだ　デマか…。\n%2F期待してソンしたよ。,Ya veo que los rumores eran\nfalsos... Menudo chasco me\nhe llevado contigo.
10070013,Pその%1F人は　いつも\n%2F夏未さんの%2F部屋の%1F近くに\nいるみたいですよ！,¡Siempre se le ve por el\ndespacho de Nelly!
10070013,Xじゃあオレも　サッカー%1F部に%1F入って\n%2F夏未さんに　ガンガンアピールするぞ！,"¡Vale, entraré en tu equipo y\nharé que Nelly se fije en mí!"
10070013,\%2F夏未さんってさ\nすごい%2F人気あるんだぜ！\nあのルックスに　あの%2F性格だもんな。,"¡Todo el mundo conoce a Nelly!\nEs guapa, tiene personalidad..."
10070013,`で　%1F聞いたんだけど…\n%2F最近　%2F夏未さんが　サッカー%1F部を\n%1F気にかけてるってさ。,"Oye, he oído por ahí que\nNelly está muy pendiente del\nclub de fútbol últimamente."
10070013,lホ　ホントなのか！？\nじゃあ　オレがサッカー%1F部にいたら\n%2F夏未さんも　オレを%1F見てくれるかなー。,"¿De... de verdad? Entonces, si\nentro en el equipo de fútbol...\n¡Nelly me verá jugar!"
10070014,$もしもし？\nセンパイですか？,"¡Hola, Mark!"
10070014,%s\nが%2F仲間になった！,¡%s se te ha unido!
10070014,<かけもちでも　いいのなら\n%1F入ってあげてもいいよ。,Aceptaré tu oferta si me permites\nalternar el fútbol con mi otro club.\n¿Trato hecho?
10070014,Hその%1F人は　いつも\n%2F校長%1F室の%1F近くに\nいるみたいですよ！,¡Siempre está cerca del\ndespacho del director!
10070014,Lじゃあ　しょうがないな。\nそこまで　%1F言うのなら\n%1F入ってあげるよ。,"Qué remedio... Venga, tú ganas."
10070014,dえっ　サッカー%1F部へ%1F入らないかって？\n…%1F悪いけど　ちがう%2F部活に\n%1F入ってるんだ。,"¿Que entre en tu equipo? Lo\nsiento, pero ya estoy apuntado\na otro club."
10070014,これから　よろしく！,¡Tenemos que ser los mejores!
10070014,それじゃあ　ダメだね。,Muy mal.
10070015,$もしもし？\nセンパイですか？,"¡Hola, Mark!"
10070015,%s\nが%2F仲間になった！,¡%s se te ha unido!
10070015,0よかったら　オレを%1F入れてくれないか？,"Yo me uniré a tu equipo,\nsi quieres."
10070015,Lその%1F人は　いつも\n%2F屋上の%2F階段の%1F近くに\nいるみたいですよ！,¡Siempre está cerca de las\nescaleras de la azotea!
10070015,T%2F本当か！？　ありがとう！\nがんばって%2F練習するよ。\nこれから　よろしくな。,¿De verdad? ¡Gracias! Me\nesforzaré y me entrenaré muy duro.\n
10070015,X%2F屋上の%1F風って　%2F気持ちいいよな。\nここからの%1F眺めは　%2F最高なんだぜ。,El viento que sopla en la azotea\nes muy agradable. Y de las vistas\nya ni te cuento...
10070015,X…%1F急に　ムリを%1F言って%1F悪かったな。\n%1F気が%1F向いたら　よろしくたのむぜ。,"Siento haber pedido de repente\nalgo tan descabellado.\nSi cambias de opinión, avísame."
10070015,xところで　キミって　サッカー%1F部だろ？\nここから　サッカー%1F部の%2F練習を%1F見てたら\nやりたくなったんだよな。,"Eres del club de fútbol, ¿no?\nDesde aquí os veo entrenar. Me\ndan ganas de jugar con vosotros."
10070016,$もしもし？\nセンパイですか？,"¡Hola, Mark!"
10070016,%s\nが%2F仲間になった！,¡%s se te ha unido!
10070016,D…サッカー？\nまあ　%1F帰ってもすることないし\nやってやるよ。,¿Sabes cómo podría pasar el rato?...
10070016,Hその%1F人は　いつも\n%3F本校舎２Ｆの%2F廊下に\nいるみたいですよ！,¡Siempre está en el pasillo del\nprimer piso del edificio principal!
10070016,Hその%1F人は　いつも\n%3F西校舎２Ｆの%2F廊下に\nいるみたいですよ！,¡Siempre está en el pasillo del\nprimer piso del edificio oeste!
10070016,\%1F今から　%1F帰ろうと%1F思うんだけど\n%1F帰っても　%1F何もすることが\nないんだよ。,"Estaba pensando en ir a casa,\npero me voy a aburrir como\nuna ostra en cuanto llegue."
10070016,\センパイがスカウトしたい%1F人は\n%1F今までいた%2F場所から\n%2F移動したみたいですね！,¡El jugador que buscabas\nse ha ido a otra parte!
10070016,ああ　ヒマだな…。,Uaaah... Qué rollo...
10070016,これからよろしくな。,"¿Fútbol? Bueno, en casa no tengo\nnada que hacer... Vale, jugaré."
10070016,ないなら　%1F帰るか。,Ojalá el equipo llegue bien lejos.
10070017,$もしもし？\nセンパイですか？,"¡Hola, Mark!"
10070017,%s\nが%2F仲間になった！,¡%s se te ha unido!
10070017,",うれしくて　%2F鼻血が%1F出そうだろ？",Estáis tan contentos que parece\nque os haya tocado la lotería.
10070017,@だから　%2F特別に　このボクが\nそれを%1F教えてあげるよ。,"Yo os puedo enseñar. Consideraros\nafortunados, es un favor especial\nque os hago."
10070017,Hその%1F人は　いつも\n%2F放送%1F室の%1F近くに\nいるみたいですよ！,¡Siempre está cerca de la sala\nde la radio!
10070017,Hその%1F人は　いつも\n%3F西校舎３Ｆの%2F廊下に\nいるみたいですよ！,¡Siempre está en el pasillo del\nsegundo piso del edificio oeste!
10070017,\ふふん！　まあ　そうだろうね。\nボクが%1F入ったからには\n%1F負けは%1F許さないからな！,"¡Ju, ju! Pues eso... Ahora que\nhe entrado en el equipo, no\nquiero perder ni en pachangas."
10070017,\センパイがスカウトしたい%1F人は\n%1F今までいた%2F場所から\n%2F移動したみたいですね！,¡El jugador que buscabas\nse ha ido a otra parte!
10070017,`ふん…！\nだから　サッカー%1F部は%1F弱いんだよ！\nボクの%2F親切が　わからないんだからな。,Hay que entrenarse a muerte.
10070017,dサッカーは　%1F頭でするスポーツだよ。\nキミたちは　それをわかって\nいないから　%1F弱いんだ。,"El fútbol es un deporte que se\njuega con cabeza. Parece que no\nlo sabéis, de ahí lo malos que sois."
10070018,$もしもし？\nセンパイですか？,"¡Hola, Mark!"
10070018,%s\nが%2F仲間になった！,¡%s se te ha unido!
10070018,@んっ？　なんだおまえは？\nこんな%1F所に　%1F何の%1F用だ？,¿Eh? ¿Qué has venido\na hacer aquí?
10070018,Hじゃあ　ここには　%1F用はないだろ。\nとっとと　どっかへ%1F行きな。,"Si no quieres nada,\nlárgate de aquí ya."
10070018,Hその%1F人は　いつも\n%3F北校舎の%3F音楽室に\nいるみたいですよ！,¡Siempre está en la sala de\nmúsica del edificio norte!
10070018,Pその%1F人は　いつも\n%3F本校舎の%3F掲示板の%1F近くに\nいるみたいですよ！,¡Siempre ronda el tablón de\nanuncios del edificio principal!
10070018,X…%1F何？　オレにサッカー%1F部へ%1F入れって？\nオレ　サッカーは%2F得意ではないが…,¿Quieres que entre en tu equipo?\nPero... El fútbol no se me\nda muy bien que digamos...
10070018,\センパイがスカウトしたい%1F人は\n%1F今までいた%2F場所から\n%2F移動したみたいですね！,¡El jugador que buscabas\nse ha ido a otra parte!
10070018,`そこまで%1F言うのなら　%1F入ってやるよ。\n%1F足を%1F引っぱっても\nモンクを%1F言うなよな。,"Si tanto te empeñas, jugaré\ncontigo. Luego no te quejes\nsi ves que arrastro los pies."
10070018,それでもいいのか？,¿Te da igual?
10070019,$もしもし？\nセンパイですか？,"¡Hola, Mark!"
10070019,%s\nが%2F仲間になった！,¡%s se te ha unido!
10070019,0おっ　%2F円堂！\nオレに　なんか%1F用か？,¡Mark! ¿Sucede algo?
10070019,@なに？　サッカー%1F部に%1F入らないかって？\nそれはつまり…,¿Que si juego con vosotros?\nVamos a ver...
10070019,Hその%1F人は　いつも\n%3F北校舎２Ｆの%2F廊下に\nいるみたいですよ！,¡Siempre está en el pasillo del\nprimer piso del edificio norte!
10070019,Hその%1F人は　いつも\n%3F本校舎２Ｆの%2F教室に\nいるみたいですよ！,¡Siempre está en un aula del\nprimer piso del edificio\nprincipal!
10070019,\センパイがスカウトしたい%1F人は\n%1F今までいた%2F場所から\n%2F移動したみたいですね！,¡El jugador que buscabas\nse ha ido a otra parte!
10070019,hふん！　しょうがねえな。\nそこまで%1F言うのなら　%1F入ってやるよ。\nこれから　よろしくたのむぜ。,¿Dices que me necesitas?
10070019,じゃあ　さそうなよな。,"¡Puf! ¡Venga, como quieras!\nSi tanto te empeñas...\n¡juguemos juntos al fútbol!"
10070020,$そうか…\nそれじゃあ　またな。,"¡Bueno, a por todas!"
10070020,$もしもし？\nセンパイですか？,"¡Hola, Mark!"
10070020,%s\nが%2F仲間になった！,¡%s se te ha unido!
10070020,Dおっ　%2F円堂じゃないか！\nこんな%1F所で　%1F何してるんだ？,"¿Qué haces por aquí, Mark?"
10070020,Dその%1F人は　いつも\n%3F野球場の%1F近くに\nいるみたいですよ！,¡Está siempre cerca del campo\nde béisbol!
10070020,`あっ　そうだ！\nだったら　オレが%1F入ってやるよ！\nこれで　%1F少しは　%1F楽になるだろ？,"¡Oh, vale! Si juego con vosotros\npasaréis menos agobios, ¿eh?"
10070020,`へぇー　サッカー%2F部員を%1F集めてるのか。\nキャプテンっていうのは\n%2F大変なんだな…。,¿Buscas jugadores para el equipo?\nQué duro es ser capitán...
10070021,$もしもし？\nセンパイですか？,"¡Hola, Mark!"
10070021,%s\nが%2F仲間になった！,¡%s se te ha unido!
10070021,",サッカー%1F部への　おさそいですか？",¿Me invitas a unirme a tu equipo?
10070021,Hその%1F人は　いつも\n%3F西校舎の%1F裏あたりに\nいるみたいですよ！,¡Siempre va por la parte de atrás\ndel edificio oeste!
10070021,Xがんばって　%2F練習して\n%2F円堂さんの　お%1F役にたてるように\nなりますからね。,¡Me entrenaré muy duro para\npoder serte de ayuda!
10070021,Xそれは　ざんねんです…。\nさそってもらえたら\nすぐにでも　%1F入ったんですけどね。,"Vaya lástima... Si me lo hubieses\npedido, habría entrado en tu\nequipo sin pensármelo."
10070021,\わあ　%2F円堂さんじゃないですか！\nボ　ボクに　%1F何か%1F用なのですか？\nもしかして…,"¡Hombre, si es Mark! ¿Vienes\na pedirme algo? No será que..."
10070021,hわあ　ホントですか！？\nボク　%2F円堂さんのファンなんですよ！\nさそってくれて　ありがとうです！,"¡Uaaah! ¿De verdad?\n¡Te admiro mucho, Mark!\n¡Gracias por invitarme!"
10070022,$だから　やらせてくれないか？,Seguro que a ti también te gusta.
10070022,$もしもし？\nセンパイですか？,"¡Hola, Mark!"
10070022,%s\nが%2F仲間になった！,¡%s se te ha unido!
10070022,Dこれを%1F読んでいたら\n%2F無性にサッカーがしたくなったんだよ。,¿Jugamos juntos?
10070022,Dその%1F人は　いつも\n%2F正門の%1F近くに\nいるみたいですよ！,¡Siempre está cerca de la entrada\nprincipal del instituto!
10070022,Tその%1F人は　いつも\n%2F文化%1F部の%2F部室%1F棟の%1F近くに\nいるみたいですよ！,¡Siempre está por el edificio\nde las actividades culturales!
10070022,\センパイがスカウトしたい%1F人は\n%1F今までいた%2F場所から\n%2F移動したみたいですね！,¡El jugador que buscabas\nse ha ido a otra parte!
10070022,`%1F知ってる？\n「カミナリイレブン」っていう%3F大人気の\nサッカー%2F漫画があるんだけどさ…,Me han entrado unas ganas locas\nde jugar al fútbol después de\nhaberme leído esto.
10070022,dこれから　よろしくな！\n%2F今度　「カミナリイレブン」を\n%1F貸してやるから　%1F読んでみろよ。,"¡Venga, no te cuesta tanto! ¡Yo\ntambién quiero destacar en algo!"
10070023,$もしもし？\nセンパイですか？,"¡Hola, Mark!"
10070023,%s\nが%2F仲間になった！,¡%s se te ha unido!
10070023,4オレの%1F幸せのためにも\n%2F協力してくれよー！,¡Genial! ¡Ahora podré conquistar\na esa chica!\n¡Ol mai lof is for jer! 
10070023,<その%1F人は　いつも\n%3F駐車場に　いるみたいですよ！,¡Siempre está en el aparcamiento!
10070023,Hその%1F人は　いつも\n%2F体育%2F倉庫の%1F近くに\nいるみたいですよ！,¡Siempre está cerca del trastero\ndel gimnasio!
10070023,Tだから　オレがサッカーをやっていたら\nオレを%1F好きになると　%1F思うんだよ。,"Si me ve jugar, se quedará\nprendada de mí."
10070023,\よっしゃあ！\nこれで　あの%1F子のハートをゲットだぜ！\nラブリー　ハニー　ゲッチュー！,"Vas a colaborar conmigo, ¿no?"
10070023,\センパイがスカウトしたい%1F人は\n%1F今までいた%2F場所から\n%2F移動したみたいですね！,¡El jugador que buscabas\nse ha ido a otra parte!
10070023,hオレさあ　%1F好きな%1F子がいるんだけどさ\nその%1F子は　どうやらサッカーが\n%1F好きらしいんだよ。,"Hay una chica que me gusta,\ny parece que le gusta el fútbol."
10070024,$もしもし？\nセンパイですか？,"¡Hola, Mark!"
10070024,%s\nが%2F仲間になった！,¡%s se te ha unido!
10070024,0だから…\nオレにも　やらせてくれないか？,Entonces... ¡déjame jugar en\ntu equipo a mí también!
10070024,0オレがモテるのが\n%1F気に%1F入らないのか？,¿Te molesta que ligue más\nque tú?
10070024,4サッカーってさ\n%1F女の%1F子にモテるんだろ。,"Los futbolistas ligan mucho, ¿no?"
10070024,Dその%1F人は　いつも\n%2F鉄塔の%1F近くに\nいるみたいですよ！,¡Siempre se le ve por la zona\nde la torre!
10070024,Pよっしゃ！\nこれでオレも　%1F女の%1F子にモテモテだな！\nうっはうはうは！！,"¡Toma ya! ¡Las chicas se morirán\npor mis huesos! ¡Jua, ja, ja!"
10070025,$もしもし？\nセンパイですか？,"¡Hola, Mark!"
10070025,$キミも　そう%1F思うだろう？,"Piensas igual que yo, ¿no?"
10070025,%s\nが%2F仲間になった！,¡%s se te ha unido!
10070025,4キミは　%1F見る%1F目がないね。\nかなしいよ…。,Qué pena... No sabes apreciar\nlo bueno.
10070025,<やっぱり　そうだよな！\nキミは　%1F見る%1F目があるよ！,¡Claro que sí! Tienes muy\nbuen ojo.
10070025,Pその%1F人は　いつも\n%3F河川敷のオブジェの%1F近くに\nいるみたいですよ！,¡Siempre está cerca de la\nestatua del campo de fútbol\ndel río!
10070025,dこのオブジェ　すごくない？\n%1F色！　%1F形！　そしてこの%2F大胆さ！\nセンスバツグンだよな！,"¿Qué te parece esta obra de\narte? ¡Mira qué formas, qué\ncolores! ¡Qué audacia! ¡Sublime!"
10070025,lところで　キミ　サッカー%1F部だよな？\nキミのこと%1F気に%1F入ったし\nとくべつに　%1F入ってあげるよ。,"Tú juegas en el equipo de fútbol,\n¿no? Me caes bien, así que me\nuniré a vosotros."
10070026,$もしもし？\nセンパイですか？,"¡Hola, Mark!"
10070026,%s\nが%2F仲間になった！,¡%s se te ha unido!
10070026,0てめーは…　このオレが%1F怖くないのか？,"¡Serás...! Veo que no te asustas.\nTe crees muy valiente, ¿verdad?"
10070026,<このオレが　%1F怖くないなんて\nおまえ　いいヤツだな。,Eres bueno... Pensaba que\nte daría miedo.
10070026,Dなんだ　てめーは！\nどっか%1F行きやがれ！\nじゃまなんだよ！,¿Qué porras quieres? ¡Cómprate\nun bosque y piérdete en él!\n¡Déjame en paz!
10070026,Hその%1F人は　いつも\n%2F鉄塔の%1F池の%1F近くに\nいるみたいですよ！,¡Siempre se le ve cerca del\nestanque de la torre!
10070026,Lその%1F人は　いつも\n%3F住宅街の%2F公園の%1F近くに\nいるみたいですよ！,¡Siempre está cerca del parque\nde la zona residencial!
10070026,P…なに？　サッカー%1F部に%1F入れだと！？\nこのオレに　%1F言ってるのか？,¿Eh? ¿Qué es eso de que me apunte\nal equipo de fútbol?\n¿Estás hablando conmigo?
10070026,Pおまえとだったら　%1F楽しくできそうだ。\nサッカー%1F部に%1F入ってやるよ。,Seguro que me lo paso muy bien\njugando con vosotros.
10070026,\センパイがスカウトしたい%1F人は\n%1F今までいた%2F場所から\n%2F移動したみたいですね！,¡El jugador que buscabas\nse ha ido a otra parte!
10070027,$それじゃあ　%1F何の%1F用だい？,¿Qué querías?
10070027,$もしもし？\nセンパイですか？,"¡Hola, Mark!"
10070027,%s\nが%2F仲間になった！,¡%s se te ha unido!
10070027,0サッカー%1F部へ%1F入れって%1F言うんだろ？,"quieres que entre en\ntu equipo, ¿no?"
10070027,@トクベツに%1F入ってあげるよ。\n%2F今回だけのサービスさ。,Te haré un favor especial por\nser tú y me uniré a tu equipo.
10070027,Pその%1F人は　いつも\n%3F河川敷グラウンドの%2F海岸に\nいるみたいですよ！,"¡Siempre está en la orilla del\nrío, cerca del campo de fútbol!"
10070027,Tその%1F人は　いつも\n%3F商店街のレンガの%2F広場あたりに\nいるみたいですよ！,¡Siempre está cerca de la plaza\nde adoquines del barrio comercial!
10070027,\まあ　そうだろうと%1F思ったよ。\nちょうど　%1F今いる%2F部活にも\nあきてきた%1F所だし…,Ya me lo imaginaba. Justo\nandaba yo pensando en\ndejar mi club...
10070027,\センパイがスカウトしたい%1F人は\n%1F今までいた%2F場所から\n%2F移動したみたいですね！,¡El jugador que buscabas\nse ha ido a otra parte!
10070027,dんっ？　キミはたしか…\nサッカー%1F部の%2F円堂くんだな？\nおまえが　ここに%1F来たってことは…,"Umm... Tú tienes que ser Mark,\ndel equipo de fútbol. Si has\nvenido aquí es porque..."
10070028,$もしもし？\nセンパイですか？,"¡Hola, Mark!"
10070028,%s\nが%2F仲間になった！,¡%s se te ha unido!
10070028,0…やはり\nおまえも%1F闇を%1F恐れるのか…。,Me imaginaba que tú también\ntemerías a la oscuridad...
10070028,8…このオレの%1F力が\n%2F必要だと%1F言うのか…？,¿Dices que te hago falta?...
10070028,<…なんだ　おまえは。\nこのオレに…　なんの%1F用だ？,¿Qué pasa contigo?\n¿Quieres algo?
10070028,Dせいぜい　オレの%1F闇に　\n%1F飲み%1F込まれないようにな…。,"Cuidado, no sea que mi oscuridad\nte engulla..."
10070028,Pその%1F人は　いつも\n%3F本校舎１Ｆのロッカー%1F前に\nいるみたいですよ！,¡Está siempre delante de las\ntaquillas del edificio\nprincipal!
10070028,\センパイがスカウトしたい%1F人は\n%1F今までいた%2F場所から\n%2F移動したみたいですね！,¡El jugador que buscabas\nse ha ido a otra parte!
10070028,dサッカーだと？　…オレは\n%1F闇の%1F中でしか%1F生きられない%1F男…。\nそれを%1F知ったうえで…,"¿Fútbol, dices? Mi único hábitat\nes la oscuridad... Si no tienes\ninconveniente con eso..."
10070028,lふっ…　オレの%1F闇を%1F恐れないとは\n%2F面白いヤツだ…。\nそこまで%1F言うなら　%1F入ってやろう…。,"Anda, alguien que no le teme a\nmi oscuridad... Eres un tío\ncurioso. Vale, jugaré contigo..."
10070029,$もしもし？\nセンパイですか？,"¡Hola, Mark!"
10070029,%s\nが%2F仲間になった！,¡%s se te ha unido!
10070029,4およ　%2F円堂。\nオレっちに　なんか%1F用かね？,"¿Qué pasa, Mark?\n¿Necesitas algo?"
10070029,4オレっちの%1F力が\n%2F必要っちゅーことかね？,¿Dices que te hace falta un\njugador como yo en tu equipo?
10070029,@へ？　サッカー%1F部に%1F入らないかって？\nそれはつまり…,¿Que si quiero formar parte del\nequipo de fútbol? O sea...
10070029,P%2F大船にのったつもりで\nこのオレっちに　どーんっと\n%1F任せてくれよな。,"Tú tranquilo, que esto es cosa\nmía."
10070029,Pその%1F人は　いつも\n%1F小さいグラウンドの%1F近くに\nいるみたいですよ！,¡Siempre está cerca del\ncampo pequeño!
10070029,\そっか　そっか\nま　おまえさんのたのみなら\n%1F断る%2F理由も%1F無いっちゅーもんよ。,"Ya veo, ya... Bueno, tratándose\nde ti, no tengo ningún motivo\npara rechazar tu propuesta."
10070029,\センパイがスカウトしたい%1F人は\n%1F今までいた%2F場所から\n%2F移動したみたいですね！,¡El jugador que buscabas\nse ha ido a otra parte!
10070030,$もしもし？\nセンパイですか？,"¡Hola, Mark!"
10070030,%s\nが%2F仲間になった！,¡%s se te ha unido!
10070030,4これから　よろしくたのみますよ。　\nフフ…。,"Gracias por aceptarme\nen el club. Ju, ju..."
10070030,4なんですか。\nじゃあ　さそわないでください。,¿Qué? Pues no sé para qué\nme invitas...
10070030,<おや　%2F円堂さん。\nわたくしに　%1F何か%2F用事でも？,"Ey, Mark. ¿Querías algo?"
10070030,@この　わたくしの%1F力が\n%2F必要だとおっしゃるのですね？,¿Tanta falta te hago?
10070030,Dその%1F人は　いつも\n%3F西校舎の%1F裏に\nいるみたいですよ！,¡Siempre está en la parte\nde atrás del edificio oeste!
10070030,T%2F入部しないかですって？\nフフ…　%2F面白いことをおっしゃる。\nそれはつまり…,"¿Que entre en tu equipo?... Ju,\nju... Qué gracioso eres.\nEntonces..."
10070030,\センパイがスカウトしたい%1F人は\n%1F今までいた%2F場所から\n%2F移動したみたいですね！,¡El jugador que buscabas\nse ha ido a otra parte!
10070030,hフフ…　しかたありませんね。\nそこまでおっしゃるのでしたら\n%1F力を%1F貸して%1F差しあげましょう。,"Je... Qué remedio, si tanto\nme necesitas... Permíteme que\nuna fuerzas contigo."
10070031,$じゃあ　さそわないでくれよ。,No me marees.
10070031,$もしもし？\nセンパイですか？,"¡Hola, Mark!"
10070031,%s\nが%2F仲間になった！,¡%s se te ha unido!
10070031,",ぼくの%1F力が　%2F必要ってことかい？",¿Me necesitas en tu equipo?
10070031,4じゃあ　これからよろしくたのむよ\nキャプテン！,"¡Capitán, tenemos que hacer\ncosas grandes juntos!"
10070031,8やあ　%2F円堂くん。\nぼくに　%1F何か%2F用事かい？,"Hola, Mark. ¿Qué te cuentas?"
10070031,@えっ　サッカー%1F部に%1F入らないかって？\nそれってつまり…,¿Que entre en tu equipo?\nEntonces...
10070031,Lその%1F人は　いつも\n%3F本校舎３Ｆの%3F放送室に\nいるみたいですよ！,"¡Siempre está en la sala de\nla radio, en el segundo piso\ndel edificio principal!"
10070031,Pその%1F人は　いつも\n%2F囲碁%2F将棋%1F部の%2F部室に\nいるみたいですよ！,¡Siempre está en la sala del\nclub de ajedrez!
10070031,\センパイがスカウトしたい%1F人は\n%1F今までいた%2F場所から\n%2F移動したみたいですね！,¡El jugador que buscabas\nse ha ido a otra parte!
10070031,dなるほど　サッカーの%2F解説をするには　\n%2F自分でもサッカーを\nやってみたほうがいいかもね。,Claro... Me vendrá muy bien jugar\nal fútbol por mí mismo para radiar\nmejor los partidos.
10070032,$もしもし？\nセンパイですか？,"¡Hola, Mark!"
10070032,%s\nが%2F仲間になった！,¡%s se te ha unido!
10070032,4おろ　%2F円堂？\nわれに　%1F用でありますか？,"¡Hala, si es Mark!\n¿Necesitas algo?"
10070032,<お　おろっ？\nわれに　%1F入ってほしかったのでは…？,¡Estoy encantado de poder\nentrar en tu equipo!
10070032,@その%1F人は　いつも\nテニスコートに　いるみたいですよ！,¡Siempre está en las pistas\nde tenis!
10070032,Dなんと！　われにサッカーをやれと？\nふむ…　そうでありますな…,¿Dices que quieres que juegue\ncontigo? Ajá... Ya veo...
10070032,Hしかたないであります。\nサッカー%1F部に%1F入ってやるでありますよ。,"Pues nada, jugaré en tu equipo."
10070032,\われの%1F力が　どうしても%2F必要と\n%1F言うのでしたら\n%1F入ってもいいでありますよ。,"Como parece que me necesitas más\nque al aire, tendré que entrar\nen tu equipo... ¿Estás contento?"
10070032,\センパイがスカウトしたい%1F人は\n%1F今までいた%2F場所から\n%2F移動したみたいですね！,¡El jugador que buscabas\nse ha ido a otra parte!
10070033,$もしもし？\nセンパイですか？,"¡Hola, Mark!"
10070033,%s\nが%2F仲間になった！,¡%s se te ha unido!
10070033,8…どうだ！？　%2F元気がでたか？\nヘイ　リーヨ♪,"¿Qué tal, te sientes mejor?\n¡Oéeee!"
10070033,Dその%1F人は　いつも\n%2F鉄塔の%1F近くに\nいるみたいですよ！,¡Siempre se le ve por la zona\nde la torre!
10070033,Lこの%1F歌の%1F良さが　わからないなんて…\nおまえには　がっかリーヨ♪,¿Qué es eso de que no te gusta\nmi canción? Me has decepcionado.
10070033,Lその%1F人は　いつも\n%3F住宅街の%2F公園の%2F砂場に\nいるみたいですよ！,¡Siempre está en la arena del\nparque de la zona residencial!
10070033,Tヘイ　リーヨ♪\nオレの%1F歌を%1F聞いていけ！！\nオレの%1F歌を%1F感じていけ！！,"¡Jey, canta conmigo!\n¡Escucha mi canción!\n¡Siéntela!"
10070033,\センパイがスカウトしたい%1F人は\n%1F今までいた%2F場所から\n%2F移動したみたいですね！,¡El jugador que buscabas\nse ha ido a otra parte!
10070033,`サンキュー！！\nでも%2F残念だが　%2F今日の%1F歌はここまでだ。\nアンコールもないのだが…,"¡Gracias! Lo siento, pero me\ntengo que ir con la música a otra\nparte. ¡No hay tiempo de bises!"
10070033,lオレが　おまえを%2F応援してやる！\nリーヨ　リーヨ　リーヨ　リーヨ♪\nリーヨ　リーヨ♪　がんばリーヨ♪,"¡Yo te animo!\n¡Oé, oé oé oéee!"
10070033,сgクベツに　オレを%2F仲間にさせてやる！\nオレのことは　トンニーノと%1F呼びな。\n%2F元気がない%1F時は　リーヨ♪　%1F歌いなよ！,"¡Jugaré contigo! Cuando no\ntengas fuerzas, canta mi canción.\n¡Me llamo Ton Nino, por cierto!"
10070034,$もしもし？\nセンパイですか？,"¡Hola, Mark!"
10070034,%s\nが%2F仲間になった！,¡%s se te ha unido!
10070034,0オレのこと…\nもっと%1F覚えてくれよ…。,"Acuérdate de mí, vamos..."
10070034,Dその%1F人は　いつも\n%2F鉄塔の%1F近くに\nいるみたいですよ！,¡Siempre se le ve por la zona\nde la torre!
10070034,Dヒロシ！\nヒロシ　ドットだ！\nどうだ！?　ちゃんと%1F覚えたか？,¡Me llamo Hiroshi Dot!\n¡Que no se te olvide!
10070034,Xおお！　%1F心の%1F友よ！！\nオレのことを　%1F覚えてくれるのは\nおまえだけだよ！,¡Oh! ¡Amigo del alma!\n¡Eres el único que se\nacuerda de mí!
10070034,\センパイがスカウトしたい%1F人は\n%1F今までいた%2F場所から\n%2F移動したみたいですね！,¡El jugador que buscabas\nse ha ido a otra parte!
10070034,`オレは　%2F大将じゃない！\nもちろん　%2F仙人でもない！\nオレは　オレは　オレの%1F名は…,"¡No soy ningún jefazo, ni tampoco\nvivo en las montañas! Me llamo..."
10070034,lオレは　いつも　いつも\n%1F違うヤツと%2F間違えられるんだよ。\nだから　おまえだけでも%1F覚えてくれ！,No hay día en que no me confundan\ncon otro. ¡A ver si al menos tú\nte quedas bien con mi cara!
10070034,pトクベツに　おまえのためにサッカーを\nやってやる！　そのかわり\nオレを%1F他のヤツと　%2F間違えるなよな。,"¡Venga, porque eres tú! Jugaré\ncontigo, pero no me confundas\ncon otros, ¿vale?"
10070035,$もしもし？\nセンパイですか？,"¡Hola, Mark!"
10070035,%s\nが%2F仲間になった！,¡%s se te ha unido!
10070035,8その%1F人は　いつも\n%3F河川敷にいるみたいですよ！,¡Siempre está por\nla zona del río!
10070035,Dこんなにステキなオレが\nおまえのチームに　%1F入ってやるよ。,Recibe con los brazos abiertos\na un jugador tan alucinante\ncomo el prenda.
10070035,P「トンコツ」まみれに\nなりたくないなら\nオレをチームに%1F入れるんだな。,"Si no quieres acabar cubierto\nde caldo de cerdo, tendrás que\naceptarme en tu equipo."
10070035,Tその%1F人は　いつも\n%3F商店街のラーメン%1F屋の%1F近くに\nいるみたいですよ！,¡Siempre está por la tienda\nde fideos chinos del barrio\ncomercial!
10070035,\センパイがスカウトしたい%1F人は\n%1F今までいた%2F場所から\n%2F移動したみたいですね！,¡El jugador que buscabas\nse ha ido a otra parte!
10070035,d%1F残りの４０％はヒミツ！\n%2F趣味は　%2F料理と%1F占い！\n%2F特技は　%1F魚の３%1F枚おろし！,"¡El 40 por ciento restante es secreto!\nMe gustan la cocina y la adivinación,\n¡y sé filetear bien el pescado!"
10070035,hああ　これからよろしくな！\nオレの%1F名は　エイキングだ。\n%2F気軽に　エイと%1F呼んでくれよな。,Me llamo Ei King.
10070035,lえっ　オレが%1F好きなもの？\nもちろん「トンコツ」スープだぜ！！\nオレの%1F体の６０％は　それだからな。,¿Que qué es lo que me gusta?\n¡Pues la sopa de cerdo! Un 60 por\nciento de mi cuerpo la contiene.
10070036,$もしもし？\nセンパイですか？,"¡Hola, Mark!"
10070036,%s\nが%2F仲間になった！,¡%s se te ha unido!
10070036,4くっくっく…\nよくオレを%1F見つけられたな。,"Ju, ju, ju... Enhorabuena,\nme has encontrado."
10070036,8その%1F人は　いつも\n%3F河川敷にいるみたいですよ！,¡Siempre está por\nla zona del río!
10070036,@かくれてるみたいなので\nガンバって　さがしてくださいね。,Parece que está escondido.\n¡Tendrás que esforzarte\nsi quieres encontrarlo!
10070036,@くっくっく…\nオレが%1F入ってやると%1F言っているのに…。,"¡Ju, ju! Encima que estaba\ndispuesto a jugar contigo..."
10070036,@トクベツに　このオレが\nサッカー%1F部に%1F入ってあげるよ。,"Jugaré con vosotros, pero\ntómatelo como un favor personal."
10070036,Xくっくっく…\nオレのことは　ドンと%1F呼ばしてやろう。\nよろしくな　くっくっく…。,"¡Ju, ju! Dejaré que me llames\nDon Ringo. Suerte, chavalote...\n¡Je, je, je!"
10070036,\センパイがスカウトしたい%1F人は\n%1F今までいた%2F場所から\n%2F移動したみたいですね！,¡El jugador que buscabas\nse ha ido a otra parte!
10080001,$もしもし？\nセンパイですか？,"¡Hola, Mark!"
10080001,%s\nが%2F仲間になった！,¡%s se te ha unido!
10080001,",いい%2F覚悟だな。\nじゃあ　いくぜ！！","Así me gusta.\n¡Vamos, a jugar!"
10080001,4%2F根性は　あるようだな。\nじゃあ　いくぜ！！,"Parece que tienes agallas.\nEstá bien, ¡vamos allá!"
10080001,<この%1F前の%2F勝負のリベンジだろ？\nさあ　やろうぜ！！,"¿Vienes a quitarte el mal sabor\nde boca de la última derrota?\nVamos, estoy listo."
10080001,<このオレと%2F勝負して%1F勝ったらな。\nさあ　やるか！？,tendrías que ganarme en un\npartidete. ¿Qué dices?
10080001,@なんだったら\nオレが%1F入ってやってもいいぜ。\nただし…,"Si tanta falta te hago, jugaré\ncontigo, pero..."
10080001,Dどうした　%2F円堂？\nこのオレと%2F勝負するのが　%1F怖いのか？,"¿Qué pasa, Mark?\n¿Te da miedo enfrentarte a mí?"
10080001,Tその%1F人は　いつも\n%3F西校舎の%1F入り%1F口の%1F近くに\nいるみたいですよ！,¡Siempre está cerca de la entrada\ndel edificio oeste!
10080001,Tよう　%2F円堂！\n%2F最近　サッカー%1F部のメンバーを\n%1F集めてるんだってな。,"¡Hola, Mark! Me han dicho que\nbuscas jugadores para tu equipo."
10080001,Tよう　%2F円堂！\nおまえが%1F来るのを%1F待ってたぜ。\nここに%1F来たってことは…,"¡Hola, Mark! Estaba esperando\nque vinieras, porque eso solo\npuede significar una cosa..."
10080001,\センパイがスカウトしたい%1F人は\n%1F今までいた%2F場所から\n%2F移動したみたいですね！,¡El jugador que buscabas\nse ha ido a otra parte!
10080002,$もしもし？\nセンパイですか？,"¡Hola, Mark!"
10080002,%s\nが%2F仲間になった！,¡%s se te ha unido!
10080002,<えっ　%1F違うのか。\nじゃあ　%1F何しに%1F来たんだよ。,"Ah, ¿no?\nEntonces, ¿a qué has venido?"
10080002,<おまえだな？\nオレっちを%2F仲間にしたいってヤツは！,¿Eres tú el que quiere ficharme\npara su equipo?
10080002,<へへっ　そうだな\n%1F入ってやってもいいぜ！\nただし…,"Je, je... Bueno, no me\nimportaría, pero..."
10080002,<へへっ　オレっちに%1F勝つなんて\nなかなかやるじゃん！,"¡Se nota que sabes jugar! Ganarnos\nno es tan sencillo, ¡je, je!"
10080002,<オレっちと%2F勝負して%1F勝ったらな。\nさあ　やるか！？,"vas a tener que ganarme...\nVenga, ¿jugamos?"
10080002,Hその%1F人は　いつも\nサークル%1F棟の%1F近くに\nいるみたいですよ！,¡Siempre está cerca del\nedificio de los clubes!
10080002,Tなんだ　また%1F来たのか？\nオレっちを%2F仲間にしたいのなら\nオレをたおしな！,¿Otra vez por aquí? ¡Ya sabes que\nsi me quieres en tu equipo\nprimero tienes que ganarme!
10080002,\センパイがスカウトしたい%1F人は\n%1F今までいた%2F場所から\n%2F移動したみたいですね！,¡El jugador que buscabas\nse ha ido a otra parte!
10080002,それじゃあ　いくぜ！！,"¡Venga, vamos!"
10080002,ちぇっ　つまんねーヤツ！,¡Pche! ¡Qué lata de tío!
10080003,$もしもし？\nセンパイですか？,"¡Hola, Mark!"
10080003,%s\nが%2F仲間になった！,¡%s se te ha unido!
10080003,4ふーん　いい%2F覚悟だね。\nよしっ　いくよ！！,"Oh, te veo preparado.\n¡No te haré esperar más!"
10080003,<うーん　%2F入部してもいいけど\n１つ%2F条件があるな…,"Bueno, por mí vale, pero con\nuna condición..."
10080003,@もしかして　キミかい？\nボクを%2F仲間にしたいって%1F人は。,¿Eres tú el que quiere que\njuegue al fútbol en su equipo?
10080003,Hその%1F人は\n%3F正門前グラウンドの%1F近くに\nいるみたいですよ！,¡Está cerca del campo de fútbol\nde la entrada principal!
10080003,Tえっ　%1F違うの？\nてっきり　リベンジかと%1F思って\nワクワクしてたのになあ。,¿Eh? ¿No has venido a por la\nrevancha? Ya me había hecho\nilusiones...
10080003,Xあれ　また%1F来たんだ。\nこの%1F前の%2F勝負のリベンジでしょ。\nさあ　やろうよ！,"Oh, has vuelto.\n¿Vienes a por más?\n¡Venga, a jugar se ha dicho!"
10080003,\センパイがスカウトしたい%1F人は\n%1F今までいた%2F場所から\n%2F移動したみたいですね！,¡El jugador que buscabas\nse ha ido a otra parte!
10080003,`ボクより%1F強いって　%2F証明してくれたら　\n%2F仲間になってあげる。\nどう　やってみる？,"Si me demuestras que eres mejor\nque yo, me uniré a tu equipo.\nQué, ¿te atreves o no?"
10080003,えーっ　%1F逃げるの！？,"¿Cómo, te piras?"
10080003,おも,Me apunto a vuestro equipo.\n¡Ojalá nos vaya bien!
10080003,それじゃあ　いくよっ！,"¡Vale, vamos allá!"
10080003,ちが,"Jo, me has ganado. No me esperaba\nmenos de ti, capitán."
10080004,$もしもし？\nセンパイですか？,"¡Hola, Mark!"
10080004,%s\nが%2F仲間になった！,¡%s se te ha unido!
10080004,",%1F逃げるのも　１つの%1F手ではあるな。",Huir también es una opción.
10080004,Dその%1F人は　いつも\n%2F正門の%1F近くに\nいるみたいですよ！,¡Siempre está cerca de la entrada\nprincipal del instituto!
10080004,L%1F弱い%2F部活には　%1F入りたくないんでな。\nさあ　%2F覚悟はいいか？,"No quiero entrar en un equipo\nde pringados. Bueno, ¿estáis\npreparados?"
10080004,Lキミか？\nこのオレを　サッカー%1F部に\n%2F入部させたいというヤツは。,¿Eres tú el que quiere\nhacerme entrar en su equipo?
10080004,Xふむ…　%2F入部してやってもよいが\nまずは　オレと%2F勝負して\n%1F勝ってからだな！,"Ja... Me da igual entrar en tu\nequipo, pero antes... ¡tienes\nque ganarme!"
10080004,\センパイがスカウトしたい%1F人は\n%1F今までいた%2F場所から\n%2F移動したみたいですね！,¡El jugador que buscabas\nse ha ido a otra parte!
10080004,`ほう　また%1F来たのか。\nこの%1F前のリベンジ…　というわけか。\n%2F面白い　さあやろう！,"Ja, ¿otra vez por aquí?\n¿Vienes a por la revancha?\nMuy bien, ¡cuando quieras!"
10080004,では　いくぞ！,"Vaya, a mí no me gana\ncualquiera... Te he visto bien."
10080004,ならば　いくぞ！,"¡Venga, que voy!"
10080005,$では　%1F教えてもらおうか！,"¡Venga, enséñame lo que vales!"
10080005,$もしもし？\nセンパイですか？,"¡Hola, Mark!"
10080005,%s\nが%2F仲間になった！,¡%s se te ha unido!
10080005,8できないなら\nサッカー%1F部には　%1F入らないぞ。,"Si no, ya puedes ir buscándote\na otro."
10080005,Pこんな%1F所まで　オレに%1F会いに%1F来るなんて\nいったい　なんの%1F用だい？,¿Qué has venido a decirme?\nSí que te lo estás tomando\nen serio...
10080005,Pその%1F人は　いつも\n%3F本校舎の%1F入り%1F口あたりに\nいるみたいですよ！,¡Siempre está cerca de la entrada\ndel edificio principal!
10080005,\ならば　オレにサッカーの%1F楽しさを\nわからせてみろ！\nもしできたら　%1F入ってやるぞ。,"¡Enséñame qué es lo que te gusta\ntanto del fútbol! Si me convences,\njugaré en tu equipo, ¿vale?"
10080005,\オレに　サッカーの%1F楽しさを\nわからせてくれたら\nサッカー%1F部に%1F入ってやるぞ。,"Si me enseñas por qué el fútbol\nes divertido, me uniré a tu equipo.\n¿De acuerdo?"
10080005,\センパイがスカウトしたい%1F人は\n%1F今までいた%2F場所から\n%2F移動したみたいですね！,¡El jugador que buscabas\nse ha ido a otra parte!
10080005,d…サッカー%1F部へ%1F入れって！？\nここまで%1F来るくらいだ…\nよっぽど　オレがほしいのだな。,"Tienes ganas de que entre \na jugar en tu equipo, ¿verdad?\nPues te lo tendrás que currar."
10080005,はい,Esto del fútbol no está nada mal.
10080006,$もしもし？\nセンパイですか？,"¡Hola, Mark!"
10080006,%s\nが%2F仲間になった！,¡%s se te ha unido!
10080006,0じゃあ　オレのことは\nあきらめてくれよな。,"Olvídate de mí, anda."
10080006,0なんだ　おまえは？\nオレになんか%1F用か？,¿Qué quieres de mí?
10080006,4そうと%1F決まったら\nさっさと　%1F始めるぜ！,¿A qué estamos esperando\npara empezar?
10080006,@なんだ　おまえか。\nこの%1F前の　リベンジに%1F来たのか？,"Agh, tú otra vez... ¿Has venido\na tomarte la revancha?"
10080006,Pその%1F人は　いつも\n%3F本校舎%1F入り%1F口の%1F近くに\nいるみたいですよ！,¡Siempre está cerca de la entrada\ndel edificio principal!
10080006,\オレに　サッカー%1F部へ%1F入れって？\nでもオレ　%1F違う%2F部活に\n%1F入ってるしな…。,¿Quieres que entre en tu equipo?\nPero yo ya estoy apuntado a\notro club...
10080006,\センパイがスカウトしたい%1F人は\n%1F今までいた%2F場所から\n%2F移動したみたいですね！,¡El jugador que buscabas\nse ha ido a otra parte!
10080006,`じゃあ　サッカーの%2F面白さを\nオレに　わからせてくれ。\nもしできたら　%1F入ってやるよ。,"Si me haces ver qué es lo que\ntiene el fútbol de interesante,\nme uniré a tu equipo, ¿vale?"
10080007,$もしもし？\nセンパイですか？,"¡Hola, Mark!"
10080007,%s\nが%2F仲間になった！,¡%s se te ha unido!
10080007,",チッ！\nさっさと　どっか%1F行けよ！",¡Pche! ¡Vete a freír morcillas!
10080007,4なんだぁ　おまえ？\nオレに　なんか%1F用かよ？,¿Qué quieres?\n¿Es que no tienes otra cosa\nque hacer que incordiarme?
10080007,8…なんだぁ！？\nまだ　オレに%1F用があるのかよ？,¿Qué pasa? ¿Quieres algo más?
10080007,<その%1F人は\n%3F西校舎の%1F裏に\nいるみたいですよ！,¡Está en la parte de atrás del\nedificio oeste!
10080007,Dああ！　もうしつこいなぁ！\n%1F力ずくで　おいはらってやる！,¡Qué pesadito eres! ¡Vete a\ntocarle las narices a otro si no\nquieres que acabemos mal!
10080007,Dそれとも　まだオレに\n%1F何か%1F用でもあるって%1F言うのか？,¿O es que me quieres pedir algo?
10080007,Hひっ　ひいいー\nご　ごめんなさい！\nちょっと　イラついてたんです！,"¡Ay, ayayay! ¡Perdona!\n¡Me he pasado un poco!"
10080007,Xあー？　なんでオレが\n%2F入部しなくちゃいけねーんだ。\nさっさと　どっか%1F行けよ。,¿Eh? ¿Y por qué tendría que entrar\nyo en vuestro equipo? Aléjate\nde mi vista.
10080007,\センパイがスカウトしたい%1F人は\n%1F今までいた%2F場所から\n%2F移動したみたいですね！,¡El jugador que buscabas\nse ha ido a otra parte!
10080008,$もしもし？\nセンパイですか？,¡El jugador que buscabas\nse ha ido a otra parte!
10080008,%s\nが%2F仲間になった！,¡%s se te ha unido!
10080008,<そうですか。\nでは　この%1F話はなかったということで。,"Vale, haré como que no\nhe oído nada..."
10080008,Dおや%2F円堂くん。\nこんな%1F所で　%1F何をしているのですか？,"Hombre, Mark.\n¿Qué te trae por aquí?"
10080008,Hほう　\nホントに　この%1F私に%1F勝つとは…\nなかなかやりますね。,¡Oooh!... Me has ganado...\nVeo que sabes jugar.
10080008,Lふむ　サッカー%1F部に%2F入部\nしないかと…\nうーん　%1F困りましたね。,"¿Que si me uno al equipo de\nfútbol? Umm... Vaya, me pones\nen un brete."
10080008,Pそうですね…\nわたしに%1F勝つことができたら\n%1F入ってさしあげましょう。,"Vale... Si consigues ganarme,\nno pondré ninguna objeción.\n¿De acuerdo?"
10080008,Pその%1F人は　いつも\n%3F北校舎の%1F入り%1F口あたりに\nいるみたいですよ！,¡Siempre está cerca de la entrada\ndel edificio norte!
10080008,\また%1F来たのですね。\nわたしに%1F勝つことができたら\n%2F入部してさしあげましょう。,"Otra vez por aquí, ¿eh? Ya sabes\nque no contarás conmigo hasta que\nme ganes, ¿no?"
10080008,\センパイがスカウトしたい%1F人は\n%1F今までいた%2F場所から\n%2F移動したみたいですね！,"¡Hola, Mark!"
10080008,それじゃあ　%2F勝負です！,¡Que empiece el partido!
10080008,わたし,Una promesa es una promesa.\nRecíbeme con los brazos\nabiertos en tu equipo.
10080009,$もしもし？\nセンパイですか？,"¡Hola, Mark!"
10080009,%s\nが%2F仲間になった！,¡%s se te ha unido!
10080009,",へへっ　そうこなくっちゃ！\nいくぜ！","¡Je, je! ¡Así se hace!\n¡Vamos allá!"
10080009,<なんだよ%2F円堂。\n%1F急に%1F怖くなっちまったのか？,"¿Qué pasa, Mark?\n¿Te ha entrado canguelo?"
10080009,<へへっ　%1F負けたけど…\nケッコウ%2F上手かっただろ？,"Je, je... ¿Te da miedo volver a\nperder? No has jugado tan mal..."
10080009,@この%1F前の%2F勝負のリベンジだな？\nよっしゃ　やろうぜ！！,¿Vienes a por la revancha?
10080009,@このオレに　サッカーで%1F勝ったらな！\nどうだ　やるか！？,¡Solo si me ganas primero!\n¿Trato hecho?
10080009,@だったら　オレが\n%2F入部してやってもいいぜ。\nただし…,"Bueno, pues me apuntaré a tu\nequipo, pero..."
10080009,@ゼッタイ%1F役に%1F立つからさ\nとりあえず　%1F入れとけよ。,"Apúntame, que seguro que hago\nun buen papel en tu equipo."
10080009,Dその%1F人は　いつも\n%3F駐車場の%1F近くに\nいるみたいですよ！,¡Siempre está cerca del\naparcamiento!
10080009,Tよっ　%2F円堂！\nおまえ　サッカー%2F部員を\n%1F集めて%1F回ってるんだってな。,"¡Ey, Mark! ¿Estás buscando\njugadores para tu equipo?"
10080009,\センパイがスカウトしたい%1F人は\n%1F今までいた%2F場所から\n%2F移動したみたいですね！,¡El jugador que buscabas\nse ha ido a otra parte!
10080009,それじゃあ　いくぜ！！,"¡Venga, vamos!"
10080009,やく,"¡Cuento contigo, capitán!"
10080010,$もしもし？\nセンパイですか？,"¡Hola, Mark!"
10080010,%s\nが%2F仲間になった！,¡%s se te ha unido!
10080010,8では　その%1F強さとやらを\n%1F見せてもらおうか！,¡Mostradme de qué pasta\nestáis hechos!
10080010,<じゅうぶんの%1F強さだ…！\nこれなら%1F申し%1F分ない。,¡Tienes calidad de sobra!...\nNo tengo excusa para no unirme\na tu equipo.
10080010,@%1F強さを%2F証明してくれないと\n%1F入ってやらないからな。,No entraré en el equipo si no\nme demostráis lo que valéis.
10080010,Dその%1F人は　いつも\n%3F駐車場の%1F近くに\nいるみたいですよ！,¡Siempre está cerca del\naparcamiento!
10080010,Lふむ…　\nキミは　サッカー%2F部員を\n%1F集めて%1F回ってるんだってな。,Umm... Dicen que vas por ahí\nbuscando nuevos miembros para\ntu equipo.
10080010,Pオレに%1F入ってほしかったら\n%1F強い%2F部活ということを\n%2F証明してみな。,"Si quieres que juegue con\nvosotros, demuéstrame lo\nque vale tu equipo."
10080010,Pオレの%1F力を%1F活かせる%1F部だと\n%2F証明してくれたら%1F入ってやるよ。,Demuéstrame que tu club\nse puede amoldar a mi juego.
10080010,\センパイがスカウトしたい%1F人は\n%1F今までいた%2F場所から\n%2F移動したみたいですね！,¡El jugador que buscabas\nse ha ido a otra parte!
10080010,`そういうことなら　オレも\n%1F入ってやってもいいぞ。\nただし…　%1F強い%2F部活だったらな。,"Bueno, entraría en vuestro\nequipo... si fuerais buenos,\nclaro."
10080010,つよ,Lo prometido es deuda.\nYa tenéis a un miembro\nmás en el equipo.
10080010,もう,¿Cómo quieres que juegue en\ntu equipo? ¿No te has dado\ncuenta de que no tenéis nivel?
10080011,$もしもし？\nセンパイですか？,¡El jugador que buscabas\nse ha ido a otra parte!
10080011,%s\nが%2F仲間になった！,¡%s se te ha unido!
10080011,4だから　サッカー%1F部に\n%1F入れてほしいっす！,¡Quiero que me metas en tu equipo!
10080011,@うすっ　\nオレ　こう%1F見えても　\nかなりタフなんっす！,"¡Aunque no lo parezca,\nsoy duro como una roca!"
10080011,@そんなこと%1F言わずに\nオレのプレイを%1F見てほしいっす…。,"¡Venga, vamos allá!"
10080011,Pうすっ　また%2F勝負っす！\nサッカー%1F部に%1F入れるか\n%1F決めてくれっす！,No digas esas cosas... Quiero\nque veas cómo manejo la bola.
10080011,Pその%1F人は　いつも\n%3F北校舎の%1F入り%1F口あたりに\nいるみたいですよ！,¡Siempre está cerca de la entrada\ndel edificio norte!
10080011,Tオレがタフだってこと\n%1F信じられないのなら\nプレイで%2F証明してあげるっす！,"Si no te crees que tengo un\ncuerpo de hierro, espérate\na verme jugar. ¿Empezamos?"
10080011,\センパイがスカウトしたい%1F人は\n%1F今までいた%2F場所から\n%2F移動したみたいですね！,"¡Hola, Mark!"
10080011,きょう,¿Eh? Qué raro...\nHoy no me debo encontrar muy bien.
10080011,ちょうし,A la hora de la verdad soy un\nhacha. Ya verás qué juego tan\nmagnífico despliego.
10080011,わる,¡Ja! ¡Mi resistencia\nno es moco de pavo!
10080012,$ひーっひひひ。\n%2F弱虫め！,"¿Podrás ganarme? ¡Ji, ji, ji!"
10080012,$もしもし？\nセンパイですか？,"¡Hola, Mark!"
10080012,%s\nが%2F仲間になった！,¡%s se te ha unido!
10080012,0ひひひっ\nそうしたら%2F入部してやるよ。,"¡Ji, ji, ji! Ya sabes qué tienes\nque hacer para que entre en el\nequipo de fútbol, ¿verdad?"
10080012,8ひひっ　まいった…！\n%1F強いぜ　あんた…　ひひ。,"¡Ji, ji! ¡Allá voy!"
10080012,Dひひひっ\nあんた　サッカー%2F部員を\n%1F集めてるんだってな。,"¡Ji, ji! Me han dicho que estás\nbuscando jugadores para tu equipo."
10080012,Hその%1F人は　いつも\n%3F武道館の%1F裏あたりに\nいるみたいですよ！,¡Siempre está en la parte\nde atrás del pabellón de\nartes marciales!
10080012,Xだったらよ　オレも\n%1F入ってやってもいいぜい？\nただし…　オレに%1F勝ったらな。,"Entonces, ¿te parece bien si\nunimos fuerzas? Solo si me\nganas primero, claro."
10080012,Xひひっ　また%1F来たのか。\nそんなに%2F入部してほしいなら\nオレに%1F勝つんだな！,"¡Ji, ji, jijiji! ¡Pringados!"
10080012,\センパイがスカウトしたい%1F人は\n%1F今までいた%2F場所から\n%2F移動したみたいですね！,¡El jugador que buscabas\nse ha ido a otra parte!
10080012,つよ,"¡Ji, ji! Vaya...\nSí que eres bueno... Ji, ji."
10080012,ひひひっ　いくぜ！！,"¡Ji, ji! ¿Otra vez aquí?\nSi tanto me necesitas en tu\nequipo, ¡esfuérzate en ganarme!"
10080013,$もしもし？\nセンパイですか？,"¡Hola, Mark!"
10080013,%s\nが%2F仲間になった！,¡%s se te ha unido!
10080013,0だったら　ボク%1F入ろうかなー。\nでも…,"Podría jugar contigo, pero..."
10080013,4えー　そうなの？\nまた　いつでも%1F来てよね！,¿Eh? ¿De verdad?\n¡Vuelve cuando quieras!
10080013,Hあれー　サッカー%2F部員を\n%1F集めてる%1F人って\nもしかしてキミ？,Oh... ¿Estás buscando nuevos\nmiembros para tu equipo?
10080013,Hその%1F人は　いつも\nテニスコートの%1F近くに\nいるみたいですよ！,¡Siempre está cerca de\nlas pistas de tenis!
10080013,P…ただ%2F入部するのも\nおもしろくないし\nボクに%1F勝ってからってのはどう？,Entrar porque sí no me parece\ndivertido... ¿Y si hacemos que me\ntengas que ganar para que entre?
10080013,Tへー　やっぱり%1F強いね！\n%2F約束どおり　サッカー%1F部に\n%1F入ってあげる。,"Ya decía yo que no sois nada\nmalos, ¡je, je! Venga, me uniré\na tu equipo como acordamos."
10080013,Xあっ　また%1F来たんだね！\nこの%1F前の%2F勝負のリベンジでしょ。\nさあ　やろうよ！,"¡Ajá, has vuelto! Vienes a\nquitarte la espinita que se te\nclavó la última vez, ¿eh? ¡Vamos!"
10080013,\センパイがスカウトしたい%1F人は\n%1F今までいた%2F場所から\n%2F移動したみたいですね！,¡El jugador que buscabas\nse ha ido a otra parte!
10080013,つよ,"Puf, vaya rollazo. ¡Vuelve a\njugar contra mí cuando creas\nser mejor que yo!"
10080013,へへっ　じゃあいくよ！,"Je, je... ¡Vamos!"
10080014,$もしもし？\nセンパイですか？,"¡Hola, Mark!"
10080014,%2F勝負だべ！,¡A jugar se ha dicho!
10080014,%s\nが%2F仲間になった！,¡%s se te ha unido!
10080014,",そうか？\nまー　いつでも%1F来るだよ。","¡No me digas!\nPues nada, vuelve cuando quieras."
10080014,Dあんたが　オラより\n%1F強いってこと　%2F証明して\nほしいだよ！,Primero tendréis que demostrar\nque jugáis mejor que yo. ¿Vale?
10080014,Hおんや　あんた\nリベンジに%1F来ただか？\nじゃあ　さっそくやるべ！,"¡Ahí va! ¿Has venío a por más?\n¡Vamos allá, pues!"
10080014,Lあれー　もしかして\nオラを%2F仲間にしたいっちゅー%1F人は\nあんただか？,Hala... ¿No me digas que eras\ntú el que quería que entrara\nen el club de fútbol?
10080014,Lうーん　こまっただねー。\n%2F入部してもいいだが\n１つ%2F条件があるだ…,"Hmmm... Vaya... Jugaré en\ntu equipo, pero con una\ncondición..."
10080014,Lふー　あんた%1F強いだなー！\nオラも　サッカーを\nやりたくなっただ。,"¡Vaya, qué bueno eres! Has\nhecho que me entren ganas\nde jugar al fútbol."
10080014,Pその%1F人は　いつも\n%3F河川敷のオブジェの%1F近くに\nいるみたいですよ！,¡Siempre está cerca de la\nestatua del campo de fútbol\ndel río!
10080014,\センパイがスカウトしたい%1F人は\n%1F今までいた%2F場所から\n%2F移動したみたいですね！,¡El jugador que buscabas\nse ha ido a otra parte!
10080014,さあっ　いくべ！！,"¡Venga, voy p'allá!"
10080014,つよ,"Encantado de poder\nayudarte, Mark."
10080015,$もしもし？\nセンパイですか？,"¡Hola, Mark!"
10080015,%s\nが%2F仲間になった！,¡%s se te ha unido!
10080015,8キミには　ボクが%1F言いたいことが\nわかるかい？,Y tú... ¿sabes lo que\nquiero decirte?
10080015,Lその%1F人は　いつも\n%1F渡り%2F廊下の%1F下あたりに\nいるみたいですよ！,¡Siempre está junto al pasaje!
10080015,Lボクには　もうわかっているよ。\nキミがなぜ　ここに%1F来たかってさ。,Sé a qué has venido.
10080015,Tその%1F人は　いつも\n%2F文化%1F部の%2F部室%1F棟の%1F近くに\nいるみたいですよ！,¡Siempre está por el edificio\nde las actividades culturales!
10080015,\センパイがスカウトしたい%1F人は\n%1F今までいた%2F場所から\n%2F移動したみたいですね！,¡El jugador que buscabas\nse ha ido a otra parte!
10080015,\ボクをサッカー%1F部に%1F入れたいんだろう？\nキミの%1F顔を%1F見れば　すぐにわかったよ。,"Quieres que juegue en tu equipo,\n¿verdad? Lo he sabido en cuanto\nte he visto la cara."
10080015,そんなんじゃ　ダメだね。,"Muy bien, ¡vamos allá!"
10080016,$もしもし？\nセンパイですか？,"¡Hola, Mark!"
10080016,%s\nが%2F仲間になった！,¡%s se te ha unido!
10080016,",%1F逃げるのか！？\nこのひきょう%1F者！","Uf, he vuelto a perder. ¿Cómo?...\n¿Que no te acuerdas? Ya jugamos\nhace un tiempo..."
10080016,",%1F逃げるのか！？\nこのひきょうもの！",¿Cómo que te vas? ¡Cobarde!
10080016,",いい%2F覚悟だな！\nでは　いくぞ！！",¡Ese es el espíritu!\n¡Vamos a jugar!
10080016,Dその%1F人は　いつも\n%3F駐車場の%1F近くに\nいるみたいですよ！,¡Siempre está cerca del\naparcamiento!
10080016,Hこうなったら　おまえと%2F特訓して\n%1F強さのヒミツをあばいてやる！,"¡Jua, ja, ja! ¿Qué te ha\nparecido, Mark? ¿Te ha\nquedado claro quién es mejor?"
10080016,Tおい　%2F円堂！\nここで%1F会ったが　１００%1F年%1F目！\nオレと%2F勝負しな！！,"¡Ha llegado tu hora, Mark!\n¡Vamos, juega contra mí!"
10080016,Xうう…　また%1F負けた。\nえっ　%1F覚えていない？\n%1F昔にも　%2F勝負したのに…。,¡Me entrenaré contigo para\ndescubrir por qué jugáis\ntan bien!
10080016,\センパイがスカウトしたい%1F人は\n%1F今までいた%2F場所から\n%2F移動したみたいですね！,¡El jugador que buscabas\nse ha ido a otra parte!
10080017,$もしもし？\nセンパイですか？,"¡Hola, Mark!"
10080017,%s\nが%2F仲間になった！,¡%s se te ha unido!
10080017,",なんだ　ちがうのか…。\nつまんないな。","Ah, ¿no?\nVaya rollazo..."
10080017,4よっしゃ　そうこなくちゃ！\nさあ　いくぜっ！,"¡Eso es! ¡Venga, vamos!"
10080017,<オレと%2F勝負して　%1F勝ったらな。\nへへっ　やるか！？,"Eso sí, me tendrías que ganar.\n¿Jugamos?"
10080017,@おっ　また%1F来たのか？\nさあっ　%1F早くバトルしようぜ！,"Oh, ¿has vuelto? Pues venga,\n¡vamos a jugar una pachanga!"
10080017,@なんだ　ちがうのか…。\nだったら　いったい%1F何の%1F用だ？,"¡Je, je! He perdido. ¡Jugaré\nen tu equipo, tal y como prometí!"
10080017,Pよー　%2F円堂！\nおまえ　サッカー%1F部のメンバー\n%1F集めてるんだって？,"¡Buenas, Mark! ¿Estás buscando\nnuevos compañeros para tu equipo?"
10080017,\オレ　%1F今の%2F部活やめようかと%1F思ってさ\nだから　%1F入ってやってもいいぜ\nただし…,"He pensado en dejar mi club.\nNo me importaría jugar contigo,\npero..."
10080017,\センパイがスカウトしたい%1F人は\n%1F今までいた%2F場所から\n%2F移動したみたいですね！,¡El jugador que buscabas\nse ha ido a otra parte!
10080017,`その%1F人は　いつも\nサッカーグラウンド%1F右%1F上の%2F花壇の%1F近くに\nいるみたいですよ！,¡Siempre está cerca de los\nmaceteros que hay al este\ndel campo de fútbol!
10080017,さあっ　いくぞ！,"Ah, ¿no?\nEntonces, ¿a qué has venido?"
10080017,なん,"¡Ojalá nos vaya bien, capitán!"
10080017,よう,"No has podido conmigo, ¿eh?\nDate por vencido."
10080018,$もしもし？\nセンパイですか？,"¡Hola, Mark!"
10080018,%s\nが%2F仲間になった！,¡%s se te ha unido!
10080018,",だったら　それを%1F教えてもらおうか。",Soy todo oídos.
10080018,0ふーん　キミ\nけっこう%1F強いんだねえ。,"Oh, eres bastante bueno."
10080018,4%1F何　キミ？\nボクに%1F何か%1F用があるワケ？,¿Qué quieres? ¿Te debo dinero\no algo?
10080018,8そのかわり…\nボクに%1F何かメリットはあるワケ？,¿Ganaré yo algo con eso?
10080018,@サッカーをしたら　このボクに\n%1F何かメリットはあるワケ？,¿Qué gano yo uniéndome al equipo\nde fútbol? ¿Me lo explicas?
10080018,@メリットが%1F無いのに\nこのボクが　%1F入るわけないだろ。,¿Cómo quieres que me una a tu\nequipo? ¿Qué gano yo con eso?
10080018,Hその%1F人は　いつも\nテニスコートの%1F近くに\nいるみたいですよ！,¡Siempre está cerca de\nlas pistas de tenis!
10080018,\センパイがスカウトしたい%1F人は\n%1F今までいた%2F場所から\n%2F移動したみたいですね！,¡El jugador que buscabas\nse ha ido a otra parte!
10080018,`…このボクに　サッカー%1F部へ%1F入れと？\nふふふっ…　%2F面白そうだし\n%1F入ってあげるヨ。,"¿Dices que quieres que juegue en\ntu equipo? Puede ser divertido.\nVenga, te haré caso. Ju, ju..."
10080018,つよ,"Venga, entraré en el equipo.\nSus cosas buenas ha de tener."
10080019,$もしもし？\nセンパイですか？,¡El jugador que buscabas\nse ha ido a otra parte!
10080019,%s\nが%2F仲間になった！,¡%s se te ha unido!
10080019,8オレをたおせたら\nサッカー%1F部に%1F入ってやるよ。,"¡Si me derrotas, jugaré en tu equipo!\n¿Aceptas el desafío?"
10080019,@あれ　%2F円堂じゃないか。\nこんな%1F所で%1F何してるんだ？,"¡Anda, tú por aquí!\n¿Cómo es eso?"
10080019,Dげげっ　まさかオレを\nサッカー%1F部にさそいに%1F来たのか！？,"Je, je... ¿Has venido a pedirme\nque entre en tu equipo?"
10080019,Lくっ…　%1F負けたぜ。\n%2F約束どおり　サッカー%1F部に\n%1F入ってやる。,Puf... He perdido. Seré fiel\na mi palabra y jugaré contigo.
10080019,Pその%1F人は　いつも\n%3F北校舎の%1F入り%1F口あたりに\nいるみたいですよ！,¡Siempre está cerca de la entrada\ndel edificio norte!
10080019,\うーん　%1F弱ったなあ。\nじゃあ　オレをたおしてみな。\nそうしたら　%1F入ってやるよ。,"Venga, os daré una oportunidad.\nSi me conseguís ganar, me uniré\na vuestro equipo."
10080019,\センパイがスカウトしたい%1F人は\n%1F今までいた%2F場所から\n%2F移動したみたいですね！,"¡Hola, Mark!"
10080019,それじゃあ　あきらめな。,No vale la pena...
10080019,それじゃあ　いくぞ！,¡Vamos allá!
10080019,はい,"He ganado. No tienes nada que\nhacer contra mí, resígnate."
10080019,やくそく,"¡Juntos llegaremos a lo más\nalto, capitán!"
10080020,$ちがうのか…　なら　いいが。,Pues vale.
10080020,$もしもし？\nセンパイですか？,"¡Hola, Mark!"
10080020,%s\nが%2F仲間になった！,¡%s se te ha unido!
10080020,0オレをサッカー%1F部に%1F入れるつもりか？,¿Me quieres en tu equipo?
10080020,8やっぱり　そうか…\nだったら　オレをたおすんだな！,"Ya veo... ¡Pues nada, vas\na tener que ganarme!"
10080020,@え　%2F円堂…！\nおまえが　ここにいるってことは\nまさか…,¡Mark! Si estás aquí... es que...
10080020,@その%1F人は\nサークル%1F棟の%1F近くに\nいるみたいですよ！,¡Está cerca del edificio\nde los clubes!
10080020,\%2F円堂！\nおまえが　ここにいるってことは\nオレをサッカー%1F部に%1F入れる%1F気だな？,¡Mark! Que hayas venido...\n¿significa que quieres que\nentre en el equipo de fútbol?
10080020,\センパイがスカウトしたい%1F人は\n%1F今までいた%2F場所から\n%2F移動したみたいですね！,¡El jugador que buscabas\nse ha ido a otra parte!
10080020,`くっ…　たおされちまった。\nしかたねえ！　こうなったら\nサッカー%1F部に%1F入ってやるよ。,"Uf, ¡qué rabia! ¡Ahora no me\nqueda otra que jugar en tu\nequipo!"
10080021,$もしもし？\nセンパイですか？,"¡Hola, Mark!"
10080021,%s\nが%2F仲間になった！,¡%s se te ha unido!
10080021,",もちろん　オレとも\nバトルするんだろ？","Supongo que te enfrentarás a mí, ¿no?"
10080021,0オレとも\nサッカーバトルをするんだろう？,¿Echamos una pachanga?
10080021,@まあ　%1F負けたもんはしかたない。\nおまえにしたがうよ。,"En fin, ya no hay nada que\nhacer... Haré lo que me digas."
10080021,Dその%1F人は　いつも\n%3F武道館の%1F近くに\nいるみたいですよ！,¡Siempre está cerca del pabellón\nde artes marciales!
10080021,Pくっ…　%1F負けちまったぜ。\nさすがに　サッカーバトルじゃ\n%1F勝てないな。,¡Qué rabia! Ya sabía yo que\nno ganaría esta pachanga.
10080021,\センパイがスカウトしたい%1F人は\n%1F今までいた%2F場所から\n%2F移動したみたいですね！,¡El jugador que buscabas\nse ha ido a otra parte!
10080021,dこんな%1F所にも　%1F現れたか…\nおまえは　%1F色んなヤツと\nサッカーバトルをしているらしいな。,Te estás recorriendo toda la\nciudad... Dicen que has jugado\ncontra todo tipo de rivales.
10080021,じゃあ　%1F始めようか。,¿Empezamos o qué?
10080021,なんだ…　しないのか。,¿Cómo que no?
10080022,$もしもし？\nセンパイですか？,"¡Hola, Mark!"
10080022,%s\nが%2F仲間になった！,¡%s se te ha unido!
10080022,0%1F逃げるのか！？\nこのおくびょうものめ！,¿Cómo que te vas? ¡Cobardica!
10080022,8よかろう！\nこのオレが　%2F相手をしてくれるわ！,¡Como quieras! ¡Seré tu rival!\n¿Estás preparado?
10080022,@くっくっく…\nオレをさがし%1F出すとは\nたいしたヤツだな。,"¡Ju, ju, ju!...\nMenudo eres, mira que\nponerte a buscarme..."
10080022,Dその%1F人は　いつも\n%2F鉄塔の%1F近くに\nいるみたいですよ！,¡Siempre se le ve por la zona\nde la torre!
10080022,Dほうびとして\nきさまに　このオレの%1F力を\n%1F貸してやろう。,"Ju, ju, ju... Me has dejado\nimpresionado. No te creas que\nes tan sencillo ganarme..."
10080022,\センパイがスカウトしたい%1F人は\n%1F今までいた%2F場所から\n%2F移動したみたいですね！,¡El jugador que buscabas\nse ha ido a otra parte!
10080022,ちから,"Estás de suerte. A partir\nde hoy, tendrás el privilegio\nde que juegue en tu equipo."
10080022,では　まいるぞ！,"¡Venga, que voy!"
10080023,$もしもし？\nセンパイですか？,"¡Hola, Mark!"
10080023,%s\nが%2F仲間になった！,¡%s se te ha unido!
10080023,4おまえさんが　サッカー%1F部の\n%2F円堂かね？,"¿Eres Mark, del equipo de fútbol?"
10080023,@おまえさんに%1F会ったら\nサッカーバトルができるらしいな。,Me parece que podemos montar\nuna pachanga con vosotros.
10080023,Dおっ　また%1F来ただかね？\nよしっ　サッカーバトルを\nするだ！,"Oh, ¿otra vez por aquí?\n¡A jugar una pachanga, pues!"
10080023,Pくっそー！　%1F負けちまっただー。\nでも　サッカーバトルって%1F楽しいべ！,"¡Vaya, he perdío! Pero ¡esto de\njugar pachangas tiene su miga!"
10080023,Pオラ　１%1F度サッカーバトルを\nやってみたかっただよ。\nさっそくやるだ！,"¡Quiero saber lo que se siente\nal jugar una pachanga!\n¡Venga, vamos a jugar!"
10080023,Xその%1F人は　いつも\n%3F河川敷グラウンドのベンチの%1F近くに\nいるみたいですよ！,¡Siempre está cerca de los bancos\nque hay en el campo de fútbol\ndel río!
10080023,\センパイがスカウトしたい%1F人は\n%1F今までいた%2F場所から\n%2F移動したみたいですね！,¡El jugador que buscabas\nse ha ido a otra parte!
10080023,たの,No dejes de volver a retarme\na pachangas.
10080023,よっしゃ　いくだよ！,"¡Muy bien, vamos allá!"
10080023,んだか？　ガッカリだべ。,¿Pasa algo? Menudo chasco me\nhe llevao contigo.
10080024,$もしもし？\nセンパイですか？,"¡Hola, Mark!"
10080024,%s\nが%2F仲間になった！,¡%s se te ha unido!
10080024,",よく%1F見つけれたな。\nほうびとして…",Por haberme encontrado...
10080024,8おまえに　オレをスカウトする\nチャンスをやろう！,¿Quieres que te dé una oportunidad\npara que me lleves a jugar a tu equipo?
10080024,Hふふふ…\nこんな%1F所にオレがいるなんて\n%1F思いもしなかっただろ？,"¡Ju, ju, ju! No te esperabas\nque estuviera aquí, ¿eh?"
10080024,\その%1F人は　いつも\nテニスコートの%1F近くにある%1F木の%1F後ろに\nいるみたいですよ！,¡Siempre está detrás del árbol\nque hay cerca de las pistas de\ntenis!
10080024,\センパイがスカウトしたい%1F人は\n%1F今までいた%2F場所から\n%2F移動したみたいですね！,¡El jugador que buscabas\nse ha ido a otra parte!
10080024,lよくチャンスをものにしたな。\nでは　オレをスカウトさせてやろう！\nオレは　%2F体力に%2F自信があるぞ！,"Has aprovechado muy bien tu\noportunidad. ¡Vamos, invítame\na jugar! ¡Tengo un buen físico!"
10080024,たいりょく,¡Los que no aprovechan sus\noportunidades no pueden\nconvertirse en campeones!
10080024,では　%1F去るのだ！,¿Quieres que te dé otra oportunidad\npara que me lleves a jugar a tu equipo?
10080024,では　いくぞ！,"¡Vamos, date el piro!"
10080025,$もしもし？\nセンパイですか？,"¡Hola, Mark!"
10080025,%s\nが%2F仲間になった！,¡%s se te ha unido!
10080025,0えー　そうなんですか？\n%2F残念だなあ。,No me digas. Qué lástima.
10080025,4えっ　%2F入部ですか？\nうーん　そうだなあ。,¿Eh? ¿Que entre en tu equipo?\nYa veremos...
10080025,8あはっ　こんにちは！\nボクに%1F何かご%1F用ですか？,"¡Hola, muy buenas!\n¿Te puedo ayudar en algo?"
10080025,<あはっ　もしかして\nまたリベンジに%1F来たんですか？,Ah... ¿Has venido otra vez\na vengarte de tu última derrota?
10080025,<じゃあ　ボクに%1F勝ったら　\n%2F入部してあげますよ！,"Hmm... Si me ganáis, me uniré\na vosotros, ¿vale?"
10080025,Dその%1F人は　いつも\n%2F鉄塔の%1F近くに\nいるみたいですよ！,¡Siempre se le ve por la zona\nde la torre!
10080025,Pうーん　%1F負けちゃいました。\nやっぱりサッカー%1F部って\nすごいんですね。,"Buf, he perdido... Los del equipo\nde fútbol sois increíbles..."
10080025,\センパイがスカウトしたい%1F人は\n%1F今までいた%2F場所から\n%2F移動したみたいですね！,¡El jugador que buscabas\nse ha ido a otra parte!
10080025,さあ　いきますよっ！,¡Vamos allá!
10080026,$もしもし？\nセンパイですか？,"¡Hola, Mark!"
10080026,$よーし　かかって%1F来やがれ！,"¡Venga, venid a por mí!"
10080026,%s\nが%2F仲間になった！,¡%s se te ha unido!
10080026,",くっ　くっそー！\n%1F負けちまった…。",¡Maldita sea!\n¿Cómo he podido perder?
10080026,4おまえ　オレに\n%1F負けるのが　%1F怖いんだな。,Te da miedo ver que soy\nmejor que tú.
10080026,8うーむ　オレが%2F入部してもいいけど\nそのかわり…,"Hmm... No me importaría jugar\nen tu equipo, pero primero..."
10080026,@その%1F人は\nサークル%1F棟の%1F近くに\nいるみたいですよ！,¡Está cerca del edificio\nde los clubes!
10080026,Hオレをたおしてみろよ！\nサッカー%1F部じゃないけど\n%1F負けないぜ！,"¡tendrás que ganarme! No\njuego al fútbol, pero ¡no\npienso perder! ¿Empezamos?"
10080026,Lおう　%2F円堂じゃないか！\nまた　サッカー%2F部員を\nさがしているのか？,"¡Oh, Mark! ¿Buscas gente?"
10080026,\オレをたおしたら\nサッカー%1F部に%1F入ってやるぜ。\nオレはゼッタイ%1F負けないけどな！,"Si me ganas, jugaré contigo.\nEs imposible, pero si quieres\nintentarlo..."
10080026,\センパイがスカウトしたい%1F人は\n%1F今までいた%2F場所から\n%2F移動したみたいですね！,¡El jugador que buscabas\nse ha ido a otra parte!
10080027,$それじゃあ　%1F始めようか。,¿Te piras?
10080027,$もしもし？\nセンパイですか？,"¡Hola, Mark!"
10080027,%1F逃げるのかい？,"Si me ganas, aceptaré cualquier\nfavor que me pidas, ¿vale?"
10080027,%s\nが%2F仲間になった！,¡%s se te ha unido!
10080027,8ごほうびに\nこのボクが　%2F相手をしてあげるよ。,"En agradecimiento, jugaré contigo."
10080027,Hキミがボクに%1F勝ったら\n%1F何でも%1F言うことを%1F聞いてあげるよ。,"Venga, te haré caso...\nTe lo has ganado. Juegas muy bien."
10080027,Pその%1F人は　いつも\n%3F河川敷のオブジェの%1F近くに\nいるみたいですよ！,¡Siempre está cerca de la\nestatua del campo de fútbol\ndel río!
10080027,Pふっふっふっふっふ…\nボクを%1F見つけるとは\n%1F運がいいヤツだな　キミは。,"Ju, ju, ju... Qué suertudo.\n¡Has conseguido encontrarme!..."
10080027,\センパイがスカウトしたい%1F人は\n%1F今までいた%2F場所から\n%2F移動したみたいですね！,¡El jugador que buscabas\nse ha ido a otra parte!
10080027,dなかなか　やるようだね。\nそれじゃあ　%2F約束だ。\n%1F何でも%1F言うことを%1F聞いてあげるよ。,"¿Quieres que juegue contigo?\n¿Estás seguro? Vale, me\napuntaré a tu equipo."
10080027,dもし　キミが%1F勝ったら\n%1F何でも%1F言うことを%1F聞いてあげるよ。\nさあ　%2F勝負するかい？,"Si ganas, haré lo que me pidas.\nQué, ¿jugamos?"
10080027,やくそく,Hay que entrenarse más.
10080028,$おやおや　%1F逃げるのかい。,"Ey, no te me escapes."
10080028,$もしもし？\nセンパイですか？,"¡Hola, Mark!"
10080028,%s\nが%2F仲間になった！,¡%s se te ha unido!
10080028,8なんだったら\nボクがそれを　%1F教えてあげようか？,¿Quieres que te lo demuestre?
10080028,<キミたちは　それをわかっていないから\n%1F弱いんだよ。,Sois malos porque no termináis\nde comprenderlo.
10080028,<スポーツで　いちばん%2F大事なのは\nアタマなんだよ。,"En el deporte, lo más importante\nes usar la cabeza."
10080028,Pなっ　なんてことだ！\nこのボクが　アタマの%2F勝負で\n%1F負けるなんて…！,¿Cómo es posible?\nHe perdido en un duelo\nde inteligencia...
10080028,\その%1F人は　いつも\nテニスコートの%1F近くにある%1F木の%1F後ろに\nいるみたいですよ！,¡Siempre está detrás del árbol\nque hay cerca de las pistas de\ntenis!
10080028,\センパイがスカウトしたい%1F人は\n%1F今までいた%2F場所から\n%2F移動したみたいですね！,¡El jugador que buscabas\nse ha ido a otra parte!
10080028,`キミたちは　アタマを%1F使わないから\n%1F弱いんだよ。\nボクがそれを　%1F教えてあげようか？,Sois malos porque no usáis\nvuestra cabeza. ¿Queréis que\nos enseñe a hacerlo?
10080028,しょうぶ,¡Te voy a acosar hasta que\npueda vencerte!
10080029,$もしもし？\nセンパイですか？,"¡Hola, Mark!"
10080029,%s\nが%2F仲間になった！,¡%s se te ha unido!
10080029,4あれ　もしかして\nここに%1F来たってことは…,¿No será que vienes a...?
10080029,4うっそ　%1F逃げちゃうの？\nかっこわるいな。,"¡Venga ya, no escapes!\n¡Qué patético!..."
10080029,@この%1F前の%2F勝負のリベンジでしょ。\nいいよ　やろうか？,"¿Quieres tomarte la revancha?\n¡Por mí, vale!"
10080029,Dあれあれ　もしかしてキミ？\nオレを%2F仲間にしたいヤツって。,"Anda, ¿el que quiere apuntarme\nen su equipo... eras tú?"
10080029,Lよしっ　じゃあオレと%2F勝負だ！\n%1F勝ったら%2F仲間になってあげるよ。,"¡Venga, juega contra mí! Si me\nganas, iré contigo."
10080029,Pうーん　でもさ\nキミ　%2F本当に%1F強いの？\nなんか%1F信じられないなー。,"Hmmm... Pero, oye..., ¿de verdad\nque eres bueno? Me cuesta creerlo."
10080029,Pその%1F人は　いつも\n%3F河川敷のグラウンドの%1F近くに\nいるみたいですよ！,¡Siempre está cerca del campo\nde fútbol del río!
10080029,\センパイがスカウトしたい%1F人は\n%1F今までいた%2F場所から\n%2F移動したみたいですね！,¡El jugador que buscabas\nse ha ido a otra parte!
10080029,へへっ\nじゃあ　いくぜ！！,"¡Je, je, je!\n¡Venga, vamos!"
10080030,$もしもし？\nセンパイですか？,"¡Hola, Mark!"
10080030,%s\nが%2F仲間になった！,¡%s se te ha unido!
10080030,4オレを%2F仲間にしたいのなら\nオレをたおしな！,¡Puf! ¡Qué tío más plomo!
10080030,8だったら　オレと%2F勝負して\nオレをたおしてみな！,¿Quieres meterme en tu equipo?
10080030,Tその%1F人は　いつも\n%3F野球場の%2F観客%1F席の%1F近くに\nいるみたいですよ！,¡Está siempre cerca de las gradas\nque hay en el campo de béisbol!
10080030,\センパイがスカウトしたい%1F人は\n%1F今までいた%2F場所から\n%2F移動したみたいですね！,¡El jugador que buscabas\nse ha ido a otra parte!
10080030,それじゃあ　いくぜ！！,"¡Pues venga, juega contra mí!\n¡A ver si puedes ganarme!"
10080030,ふん　つまらんヤツだ。,"¡Venga, vamos!"
10080031,$もしもし？\nセンパイですか？,"¡Hola, Mark!"
10080031,%s\nが%2F仲間になった！,¡%s se te ha unido!
10080031,0ほえー　キミ%1F強いなあー\nすごいやー。,¡Qué pasada! ¡Eres muy bueno!
10080031,Hボクー　キミの%2F仲間に\nなりたいよー。\nこれから　よろしくねー。,¡Quiero jugar en tu equipo!\n¡Me haces muy feliz!
10080031,Lあれー　また%1F来たんだー。\nもしかしてー\nもう１%1F回バトルするのー？,"Anda, ¿has vuelto?\n¿Quieres volver a jugar?"
10080031,Lあれー　もしかしてー\nキミー？\nボクをー　%2F仲間にしたいのってー。,¿Eh? ¿Eres tú quien quiere\nmeterme en el club de balompié?
10080031,Pその%1F人は　いつも\n%3F河川敷のグラウンドの%1F近くに\nいるみたいですよ！,¡Siempre está cerca del campo\nde fútbol del río!
10080031,\センパイがスカウトしたい%1F人は\n%1F今までいた%2F場所から\n%2F移動したみたいですね！,¡El jugador que buscabas\nse ha ido a otra parte!
10080031,`うーん　こまったなー\nボクよりー　%1F強いってー\n%2F証明できたらー　%1F考えてもいいよー。,"Hmmm... Pues no sé qué hacer...\nBueno, si demuestras ser mejor\nque yo, me lo pensaré. ¿Jugamos?"
10080031,えー　%1F逃げちゃうのー？,¿Eh? ¿Te vas?
10080031,なかま,"Puf, qué malos...\nVenid otro día que estéis\nun poco más inspirados..."
10080031,よーし　いくよー。,"Vale, ¡allá voy!"
10080032,$もしもし？\nセンパイですか？,¡El jugador que buscabas\nse ha ido a otra parte!
10080032,%s\nが%2F仲間になった！,¡%s se te ha unido!
10080032,<うおーっ　このオレをたおすとは\nたいしたヤツだーっ。,¡Qué patético!\n¡Qué patéticooo!
10080032,Dうおーっ！　また%1F来たのかーっ！\nリベンジするのかーっ！？,"¡Muy bien, vamos allá!"
10080032,Pうおーっ！　オレをサッカー%1F部に\n%1F入れたいというのはオマエかーっ！？,"¡Hola, Mark!"
10080032,Tその%1F人は　いつも\n%3F野球場の%2F観客%1F席の%1F近くに\nいるみたいですよ！,¡Esta siempre cerca de las gradas\nque hay en el campo de béisbol!
10080032,Xだったら　オレをたおしてみろ！\n%1F万が%1F一たおせたらっ\n%1F入ってやるぞーっ！！,¡Uoh! ¿Eres tú el que quiere\nmeterme en su equipo de fútbol?
10080032,\センパイがスカウトしたい%1F人は\n%1F今までいた%2F場所から\n%2F移動したみたいですね！,¡Está siempre cerca de las gradas\nque hay en el campo de béisbol!
10080032,どうだっ　やるかーっ！？,"¡Venga, a ver si puedes ganarme!\nSi se da la remota posibilidad\nde que lo consigues, me uniré a ti."
10080032,よしっ　いくぞーっ！！,"Qué, ¿vamos a ello?"
10080033,$もしもし？\nセンパイですか？,"¡Hola, Mark!"
10080033,%s\nが%2F仲間になった！,¡%s se te ha unido!
10080033,8デキないのなら\nサッカー%1F部ニハ　%1F入りまセン。,"Si no, te quedarás sin verme\njugar en tu equipo."
10080033,Dその%1F人は　いつも\n%2F鉄塔の%1F近くに\nいるみたいですよ！,¡Siempre se le ve por la zona\nde la torre!
10080033,Hこんなトコロまで　クルなんて\nこのワタシに　ナニか%1F用デスか？,¿Has venido hasta aquí para\ndecirme algo? ¿De qué se trata?
10080033,\センパイがスカウトしたい%1F人は\n%1F今までいた%2F場所から\n%2F移動したみたいですね！,¡El jugador que buscabas\nse ha ido a otra parte!
10080033,\ワタシにサッカーの%1F楽しさを\nワカらせてクダさい。\nもしデキたら　%1F入ッテあげマス。,"Si me enseñas por qué el fútbol\nes divertido, me uniré a tu equipo.\n¿De acuerdo?"
10080033,`サッカー%1F部に%1F入レ？\nふむ…　ここマデくるというコトは\nどうやらホンキらしいデスね。,"¿Que entre en el equipo de fútbol?\nParece que vas en serio... Si no,\nno habrías venido hasta aquí."
10080033,dなら　ワタシにサッカーの%1F楽しさを\nワカらせてクダさい。\nもしデキたら　%1F入ッテあげマス。,"¡Enséñame qué es lo que te gusta\ntanto del fútbol! Si me convences,\njugaré en tu equipo, ¿vale?"
10080033,デハ　いきマスよ！,"¡Venga, vamos allá!"
10080034,$もしもし？\nセンパイですか？,"¡Hola, Mark!"
10080034,%s\nが%2F仲間になった！,¡%s se te ha unido!
10080034,<へ　サッカー%1F部に%1F入れって？\nあいかわらずだなー。,¿Eh? ¿Que juegue contigo?\nTú siempre igual...
10080034,@おんやー　%2F円堂。\nこんな%1F所で　%1F何してるっぺ？？,"¿Qué tal, Mark?\n¿Qué haces por aquí?"
10080034,Lその%1F人は　いつも\n%1F渡り%2F廊下の%1F下あたりに\nいるみたいですよ！,¡Siempre está junto al pasaje!
10080034,Pおっ　また%1F来たっぺか。\nオラに%1F勝てたら\n%1F入ってやってもいいっぺ。,"¡Ju, ju! ¿Otra vez por aquí?\n¡Si me derrotas, jugaré\nen tu equipo! ¿De acuerdo?"
10080034,Tその%1F人は　いつも\n%2F文化%1F部の%2F部室%1F棟の%1F近くに\nいるみたいですよ！,¡Siempre está por el edificio\nde las actividades culturales!
10080034,\センパイがスカウトしたい%1F人は\n%1F今までいた%2F場所から\n%2F移動したみたいですね！,¡El jugador que buscabas\nse ha ido a otra parte!
10080034,`まあ　%2F円堂のたのみだし…\nそうだなー　オラに%1F勝てたら\n%1F入ってやってもいいっぺ。,Aceptaré tu propuesta si me\nganas en una pachanga. ¿Hecho?
10080034,そうかー　%2F残念だっぺ。,"Vaya, qué pena."
10080034,それじゃあ　いくっぺ！,"¡Venga, vamos allá!"
10080035,$もしもし？\nセンパイですか？,"¡Hola, Mark!"
10080035,%s\nが%2F仲間になった！,¡%s se te ha unido!
10080035,0ウガーッ！\nさっさと　どっかに%1F行け！,¡Grrr! ¡Vete a freír morcillas!
10080035,8ウガーッ！\nまだ　オレに%1F用があると%1F言うのか？,¡Grrr! ¡Vete a freír rábanos!
10080035,<その%1F人は\n%2F鉄塔の%1F近くに\nいるみたいですよ！,¡Está en el parque\nde la torre!
10080035,<ウガーッ　しつこい！\n%1F力ずくで　おいはらってやる！,"Grrr... Lo siento, me he\ncalentado un poquito."
10080035,Dウガーッ！　しつこい！\n%1F力ずくで　%1F追いはらってやる！！,¡Grrr! ¡Qué plomazo! ¡Te vas a\ntener que ir de aquí por las\nmalas!
10080035,Dウガーッ！　まだオレに\n%1F何か%1F用があるって%1F言うのか！,¡Grrr! ¿Quieres algo más?
10080035,Hウッ　ウガ〜…\nわっ　%1F悪かった…\nちょっと　イラついてんだ。,¡Perdóname! Jugaré en vuestro\nclub o en el que tú me digas.
10080035,P%1F入る%2F理由なんて　%1F無いウガーッ！\nさっさと　どっかに%1F行けいっ！,¡No encuentro motivos para jugar\ncon vosotros! ¡Grrr! ¡Date el\npiro!
10080035,\センパイがスカウトしたい%1F人は\n%1F今までいた%2F場所から\n%2F移動したみたいですね！,¡El jugador que buscabas\nse ha ido a otra parte!
10080035,tウガーッ！　サッカー%1F部に%1F入れだって？\nなんで　オレがそこに%1F入らないと\nいけないんだよっ　ウガーッ！,¡Grrr! ¿Que me una a tu equipo?\n¿Por qué? ¡Grrr!
10080035,わる,¡Grrr! ¡Vete a paseo!
10080036,$もしもし？\nセンパイですか？,"¡Hola, Mark!"
10080036,%s\nが%2F仲間になった！,¡%s se te ha unido!
10080036,4だったら　さっさと\nどこかに%1F行くのじゃな！,"Pues nada, marchaos a otra parte."
10080036,<うぬぬ　ワシに%1F勝つとは\nなかなか　やりおるわ…。,"Oh, me habéis sorprendido\nmuy gratamente..."
10080036,<なんじゃ　おぬしは！\nこのワシに　%1F何か%1F用なのか！,¿Quién eres y qué\nquieres de mí?
10080036,Pその%1F人は　いつも\n%3F河川敷のグラウンドの%1F近くに\nいるみたいですよ！,¡Siempre está cerca del campo\nde fútbol del río!
10080036,Pなんじゃ　また%1F来たのか。\nワシに%1F勝てたら\n%1F考えてやってもいいぞ。,"¿Otra vez aquí? Si me ganas,\nme pensaré lo de jugar contigo."
10080036,T…%1F何？　サッカー%1F部へ%1F入れとな？\nおい　いきなり%1F何を%1F言うんじゃ？,¿Qué? ¿Jugar contigo?\nPero ¿qué me estás contando?
10080036,\センパイがスカウトしたい%1F人は\n%1F今までいた%2F場所から\n%2F移動したみたいですね！,¡El jugador que buscabas\nse ha ido a otra parte!
10080036,dまあ…　%1F入ってやらんでもないが\nそうじゃな　ワシに%1F勝てたら\n%1F考えてやってもいいぞ。,"Bueno, tampoco me molestaría,\npero si queréis que me lo piense\ntendréis que ganarme primero."
10080036,では　%2F勝負じゃ！,"¡Bueno, a jugar!"
10080037,$もしもし？\nセンパイですか？,"¡Hola, Mark!"
10080037,%s\nが%2F仲間になった！,¡%s se te ha unido!
10080037,8なんだ　おまえのヤル%1F気は\nその%2F程度なのか…。,¡Vamos a jugar!
10080037,<まっ　まいった！\nさすがサッカー%1F部のキャプテンだ！,¿Has vuelto a por la revancha?
10080037,Pその%1F人は　いつも\n%1F小さいグラウンドの%1F近くに\nいるみたいですよ！,¡Siempre está cerca del\ncampo pequeño!
10080037,Pだったら　オレが\n%1F入ってやってもいいぜ。\nでも…　１つ%2F条件がある。,"Puede que me apunte a jugar\ncon vosotros, pero... con\nuna condición."
10080037,Tよお　%2F円堂！\nおまえ　サッカー%2F部員を\n%1F集めて%1F回ってるってホントか？,"¡Hola, Mark! ¿Es verdad que\nestás buscando jugadores\npara tu equipo?"
10080037,Xははっ　また%1F来たのか。\nこの%1F前のリベンジ…　だな！\n%2F面白い　さあやろう！,¿Así que eso es todo lo\nque tu equipo da de sí?...
10080037,\センパイがスカウトしたい%1F人は\n%1F今までいた%2F場所から\n%2F移動したみたいですね！,¡El jugador que buscabas\nse ha ido a otra parte!
10080037,いざ　%2F勝負っ！,¡Tienes que ganarme!\n¿Aceptas el reto?
10080038,$もしもし？\nセンパイですか？,"¡Hola, Mark!"
10080038,%s\nが%2F仲間になった！,¡%s se te ha unido!
10080038,0なんだ。\nだったら　この%1F話はナシだな。,"¿Cómo? Bueno, pues no\nte he dicho nada."
10080038,Dその%1F人は　いつも\n%3F河川敷の%2F道路に\nいるみたいですよ！,¡Siempre está en la carretera\nque hay cerca del río!
10080038,Hはー　やっぱり%1F強いな！\nサッカー%1F部のこと　あなどってたぜ！,"¡Pues sí que sois buenos!\nNo daba nada por vosotros,\npero se nota que sabéis jugar."
10080038,Lあれ　%2F円堂。\nおまえ　サッカー%2F部員を\n%1F集めに%1F回ってるのか。,"Anda, si es Mark.\n¿Buscas jugadores para tu equipo?"
10080038,Pオレに%1F入ってほしかったら\n%1F強い%2F部活ということを\n%2F証明してみな。,"Si quieres que juegue con\nvosotros, demuéstrame lo\nque vale tu equipo."
10080038,Tそうだなー　%1F今の%2F部活にも\nあきてきたし…\n%2F入部してやってもいいぜ。,Hmm... Estoy harto de mi club...\nPuede que no sea tan mala idea\nunirme al tuyo.
10080038,Tただし　オレに%1F勝ったらだ！\n%1F強い%2F部活じゃないと\n%1F入りたくないぜ！,¡Pero no quiero jugar en un equipo\nde mantas! Tendrás que demostrarme\nque vuestro equipo vale la pena.
10080038,\センパイがスカウトしたい%1F人は\n%1F今までいた%2F場所から\n%2F移動したみたいですね！,¡El jugador que buscabas\nse ha ido a otra parte!
10080038,つよ,Lo prometido es deuda.\nYa tenéis a un miembro\nmás en el equipo.
10080038,よしっ　いくぜ！！,"¡Venga, vamos allá!"
10080039,$もしもし？\nセンパイですか？,"¡Hola, Mark!"
10080039,%s\nが%2F仲間になった！,¡%s se te ha unido!
10080039,0なんだ　おまえ！\nオレに%1F用があるのか？,¿Qué mosca te ha picado?\n¿Quieres algo?
10080039,8なんだ　またおまえか\nここに%1F来たってことは…,¿Otra vez por aquí?\nNo será por...
10080039,8オレをスカウトしたいなら\nオレをたおしてみろよ。,"Si quieres que juegue con\nvosotros, prueba a ganarme."
10080039,<そうと%1F決まったら\nさっさと　かかって%1F来やがれ！,"¡Venga, aquí te espero!"
10080039,<たおす%2F自信がないなら\nとっとと　どっか%1F行きな！,"Si no te ves capaz de derrotarme,\ndeja de perder el tiempo conmigo."
10080039,Lなら　まずはオレに%1F勝ってからだ。\nそうしたら　%1F入ってもいいぜ。,"Vas a tener que ganarme.\nSi lo consigues, me uniré a ti.\n¿Empezamos?"
10080039,P…なに？　サッカー%1F部に%1F入れだと？\nつまり　オレをスカウトしたいのか。,Veo que quieres que me apunte\na tu equipo de fútbol.
10080039,Tその%1F人は　いつも\n%3F商店街のレンガの%2F広場あたりに\nいるみたいですよ！,¡Siempre está cerca de la plaza\nde adoquines del barrio comercial!
10080039,Tその%1F人は　いつも\n%3F河川敷グラウンドの%1F橋の%1F下に\nいるみたいですよ！,¡Siempre está debajo del puente\nque hay cerca del campo del río!
10080039,\センパイがスカウトしたい%1F人は\n%1F今までいた%2F場所から\n%2F移動したみたいですね！,¡El jugador que buscabas\nse ha ido a otra parte!
10080040,$ほほほ　\nでは　いきますよっ！,"¡Jo, jo, jo! ¡Cuidado, que voy!"
10080040,$もしもし？\nセンパイですか？,"¡Hola, Mark!"
10080040,%s\nが%2F仲間になった！,¡%s se te ha unido!
10080040,8ほほほ　いい%2F覚悟です。\nでは　いきますよっ！,"¡Jo, jo, jo! Así se hace.\n¿Preparado?"
10080040,<ほほほ\nでは　この%1F話は\nなかったということで…。,"¡Jo, jo, jo! Bueno, pues hagamos\ncomo si nunca se hubiera\nproducido esta conversación..."
10080040,<ほほほ　\nでは　この%1F話は\nなかったということで…。,"¡Jo, jo, jo! Bueno, pues hagamos\ncomo si nunca hubiéramos tenido\nesta conversación..."
10080040,@でしたら　ワタシが\n%1F入ってさしあげましょう。\nただし…,"A mi no me importaría jugar\ncontigo, pero..."
10080040,Hほほほ　また%1F来たのですね。\n%2F今度はワタシに%1F勝てますかね？,"¡Jo, jo, jo! Otra vez por aquí,\n¿eh? ¡A ver si esta vez puedes\nconmigo!"
10080040,Pその%1F人は　いつも\n%1F小さいグラウンドの%1F近くに\nいるみたいですよ！,¡Siempre está cerca del\ncampo pequeño!
10080040,Pワタシと%2F勝負して\nあなたが%1F勝ったら\n%1F入るというのはどうですか？,"¿y si jugamos para decidir si\nme apunto o no? Si ganas, me\nuniré a vosotros."
10080040,\ほほほ　%2F円堂さん。\nサッカー%1F部に%1F入ってくれる%1F人を\nさがしているのですって？,"¡Jo, jo, jo! ¡Mark!\n¿Buscas candidatos para formar\nparte de tu equipo?"
10080040,\センパイがスカウトしたい%1F人は\n%1F今までいた%2F場所から\n%2F移動したみたいですね！,¡El jugador que buscabas\nse ha ido a otra parte!
10080040,`ほほほ…　なかなかやりますね。\n%2F約束ですし　サッカー%1F部に\n%1F入ってあげましょう。,"¡Jo, jo, jo! Te he visto bien.\nYa que lo he prometido, jugaré\nen tu equipo."
10080040,やくそく,"¡Jo, jo, jo! Solo aceptaré unirme\na tu equipo si me ganas."
10080041,$もしもし？\nセンパイですか？,"¡Hola, Mark!"
10080041,%s\nが%2F仲間になった！,¡%s se te ha unido!
10080041,0うい〜ッス　\nオレに　なんか%1F用かい？,¡Buenas! ¿Querías algo?
10080041,0ええー　%1F逃げるのかよ。\nつまんねーの。,¿Eh? ¿Os dais el piro?\nQué rajados...
10080041,4へへっ　バトルだぜ！\nさあ　かかって%1F来な！,"¡Pachanga al canto!\nJe, je... Venga, ¡vamos a empezar!"
10080041,8そうと%1F決まったら\nさっさと　かかって%1F来な！,"Venga, ¡venid a por nosotros!"
10080041,8たおす%2F自信がないなら\nどっかに%1F行っちまいな。,"Si no te ves capaz de derrotarme,\ndeja de perder el tiempo conmigo."
10080041,Dだったら　オレをたおすんだな。\nそうしたら　%1F入ってやるよ。,"Tendréis que derrotarme.\nSi lo conseguís, me uniré a\nvuestro equipo. ¿Os parece bien?"
10080041,Hその%1F人は　いつも\n%2F体育%2F倉庫の%1F近くに\nいるみたいですよ！,¡Siempre está cerca del trastero\ndel gimnasio!
10080041,Hその%1F人は　いつも\nサークル%1F棟の%1F近くに\nいるみたいですよ！,¡Siempre está cerca del\nedificio de los clubes!
10080041,Pえ？　サッカー%1F部に%1F入れって？\nつまり　オレをスカウトしたいんだな。,"¿Que me una al club de fútbol?\n¿Qué pasa, me has estado ojeando?"
10080041,Pおっ　また%1F来たな。\nオレをスカウトしたいなら\nオレをたおしてみろよ。,"Oh, ¿otra vez por aquí?\nSi me queréis, tendréis que\nderrotarme. ¿Aceptáis el desafío?"
10080041,Tちっ！　%1F負けちまったぜ。\nしょうがねえ！\nサッカー%1F部に%1F入ってやるか。,"Pche, he perdido...\n¡Qué se le va a hacer! Ahora\ntendré que jugar con vosotros."
10080041,\センパイがスカウトしたい%1F人は\n%1F今までいた%2F場所から\n%2F移動したみたいですね！,¡El jugador que buscabas\nse ha ido a otra parte!
10080041,はい,Vaya peñazo. Así que este\nes el club de fútbol...
10080042,$もしもし？\nセンパイですか？,"¡Hola, Mark!"
10080042,%s\nが%2F仲間になった！,¡%s se te ha unido!
10080042,4だったら　ボクが%1F入ってあげるよ。\nただし…,"Entonces jugaré contigo, pero..."
10080042,4キミの%2F勝負なら\nいつでも%1F買ってやるよ！,"¡Si quieres que te demuestre\nquién es mejor, solo tienes\nque pedírmelo!"
10080042,8キミが　オレより\n%1F強かったらの%1F話だけどね！,¡tendrás que demostrarme que\njuegas mejor al fútbol que yo!
10080042,<その%1F人は\n%2F鉄塔の%1F近くに\nいるみたいですよ！,¡Siempre está en el parque\nde la torre!
10080042,Hリベンジに%1F来たんだろ？\n%2F今度こそ　ボクに%1F勝ってみなよ。,"¿Has venido a tomarte la revancha?\nVenga, a ver si esta vez me ganas."
10080042,X%2F円堂くん…　なかなかやるね。\n%2F約束だ　サッカー%1F部に\n%1F入ってあげるよ。,"¡Jo, jo, jo! Te he visto bien.\nYa que lo he prometido, jugaré\nen tu equipo."
10080042,\やあ　%2F円堂くん。\nキミ　サッカー%1F部に%1F入ってくれる\nヤツをさがしてるんだって？,"¡Hola, Mark! ¿Estás reclutando\njugadores para tu equipo?"
10080042,\センパイがスカウトしたい%1F人は\n%1F今までいた%2F場所から\n%2F移動したみたいですね！,¡El jugador que buscabas\nse ha ido a otra parte!
10080042,えんどう,"Si te vuelves mejor que yo,\nentraré en tu equipo."
10080042,さあ　いくよ！！,"¡Venga, vamos!"
10080043,$もしもし？\nセンパイですか？,"¡Hola, Mark!"
10080043,%s\nが%2F仲間になった！,¡%s se te ha unido!
10080043,8おまえには　オレが%1F言いたいことが\nわかるかい？,"Ah, ¿no?\nEntonces, ¿a qué has venido?"
10080043,8おまえには　オレが%1F言いたいことが\nわかるか？,Y tú... ¿sabes lo que\nquiero decirte?
10080043,@なんだ　ちがうのか…。\nだったら　いったい%1F何の%1F用だ？,"Ajá... ¡Venga, vamos!"
10080043,Dその%1F人は　いつも\n%3F野球場の%1F近くに\nいるみたいですよ！,¡Está siempre cerca del campo\nde béisbol!
10080043,Hオレには　もうわかっている。\nおまえがなぜ　ここに%1F来たのか…,Sé a qué has venido.
10080043,\オレをサッカー%1F部に%1F入れたいんだろう？\nおまえの%1F顔を%1F見れば　すぐにわかるぞ。,"Quieres que juegue en tu equipo,\n¿verdad? Lo he sabido en cuanto\nte he visto la cara."
10080043,\センパイがスカウトしたい%1F人は\n%1F今までいた%2F場所から\n%2F移動したみたいですね！,¡El jugador que buscabas\nse ha ido a otra parte!
10080043,あと,"Me has dejado anonadado.\nYa sabes lo que te voy a decir,\n¿no?"
10080044,$もしもし？\nセンパイですか？,¡Siempre está cerca del tablón\nde avisos que hay en la torre!
10080044,%s\nが%2F仲間になった！,¡%s se te ha unido!
10080044,",%1F逃げるのか！？\nこのひきょう%1F者！",¿Cómo que te vas? ¡Cobarde!
10080044,",%1F逃げるのか！？\nこのひきょうもの！","¡Ey, Mark! ¡Voy a borrar de\ntu cara esa sonrisa para\nsiempre! ¡Juega conmigo!"
10080044,",いい%2F覚悟だな！\nでは　いくぞ！！",¡Ese es el espíritu!\n¡Vamos a jugar!
10080044,0くっ　くそー\nオレが%1F負けるなんて…。,¡Maldita sea!\n¿Cómo he podido perder?
10080044,Hこうなったら　おまえと%2F特訓して\n%1F強さのヒミツをあばいてやる！,¡Me entrenaré contigo para\ndescubrir por qué jugáis\ntan bien!
10080044,Lその%1F人は　いつも\n%2F鉄塔の%3F掲示板の%1F近くに\nいるみたいですよ！,¡Siempre está cerca del tablón\nde anuncios que hay en la torre!
10080044,\センパイがスカウトしたい%1F人は\n%1F今までいた%2F場所から\n%2F移動したみたいですね！,¡El jugador que buscabas\nse ha ido a otra parte!
10080045,$もしもし？\nセンパイですか？,"¡Hola, Mark!"
10080045,%s\nが%2F仲間になった！,¡%s se te ha unido!
10080045,4%2F仕方ありませんね…。\nじゃあ　いきますよ！,Qué remedio...\n¡Vamos a jugar!
10080045,8おや　ちがうのですか…。\nこれは%2F失礼しました。,"Ah, ¿no? Pues vale..."
10080045,D%2F円堂くんじゃありませんか。\nいったい　なんのご%1F用ですか？,"Hombre, Mark.\n¿Qué te trae por aquí?"
10080045,Dえっ　サッカー%1F部へ%1F入れと？\nうーん　%1F困りましたね。,"¿Que si me uno al equipo de\nfútbol? Umm... Vaya, me pones\nen un compromiso."
10080045,Dおや　%2F円堂くん。\nもしかして　リベンジに\n%1F来たのですか？,"Ah, Mark... ¿Has venido otra vez\na vengarte de tu última derrota?"
10080045,Dそうですね…\nわたしに%1F勝ったら\n%1F入ってさしあげましょう。,"Si consigues ganarme, no pondré\nninguna objeción. ¿Trato hecho?"
10080045,Pその%1F人は　いつも\n%3F河川敷グラウンドの%2F海岸に\nいるみたいですよ！,"¡Siempre está en la orilla del\nrío, cerca del campo de fútbol!"
10080045,\センパイがスカウトしたい%1F人は\n%1F今までいた%2F場所から\n%2F移動したみたいですね！,¡El jugador que buscabas\nse ha ido a otra parte!
10080045,hおや　%1F負けてしまいましたか。\nそれでは　%2F約束ですし\nサッカー%1F部に%1F入ってあげましょう。,"Vaya, has conseguido ganarme.\nYa que lo he prometido, jugaré\nen tu equipo."
10080045,それじゃあ　%2F勝負です！,¡Que empiece el partido!
10080045,やくそく,He ganado. Olvídate de lo\nde unirme a tu equipo...
10080046,$もしもし？\nセンパイですか？,"¡Hola, Mark!"
10080046,%s\nが%2F仲間になった！,¡%s se te ha unido!
10080046,<おー　%2F円堂どん。\nこんな%1F所で　%1F何してるだね？,"¿Qué haces por aquí, Mark?"
10080046,<その%1F人は　いつも\n%3F河川敷に　いるみたいですよ！,¡Siempre está por\nla zona del río!
10080046,@へ　サッカー%1F部に%1F入れって？\nあいかわらずだやなー。,¿Eh? ¿Que juegue contigo?\nTú siempre igual...
10080046,Dはー　%1F強いべなー。　\nさすがサッカー%1F部のキャプテンだー。,"¡A mí también me han entrado\nmuchas ganas de jugar al fútbol!\n¡Méteme en tu equipo, por favor!"
10080046,Pあれー　また%1F来たべか。\nオラに%1F勝てたら\n%1F入ってやってもいいべよ。,"¡Ju, ju! ¿Otra vez por aquí?\n¡Si me derrotas, jugaré\nen tu equipo! ¿De acuerdo?"
10080046,Tその%1F人は　いつも\n%3F商店街のラーメン%1F屋の%1F近くに\nいるみたいですよ！,¡Siempre está por la tienda\nde fideos chinos del barrio\ncomercial!
10080046,\センパイがスカウトしたい%1F人は\n%1F今までいた%2F場所から\n%2F移動したみたいですね！,¡El jugador que buscabas\nse ha ido a otra parte!
10080046,`まあ　%2F円堂のたのみだし…\nそうだなー　オラに%1F勝てたら\n%1F入ってやってもいいだよ。,"Bueno, va. Como te tengo aprecio,\nte daré una oportunidad. Me uniré\nal equipo si me ganas, ¿de acuerdo?"
10080046,そうかー？　%2F残念だべ。,¿De verdad? Qué lástima.
10080046,それじゃあ　いくだ！,¡Vamos allá!
10080046,それじゃあ　いくべ！,¡Me has dejado sin palabras!\nSe nota que eres el capitán...
10080046,つよ,¡Te va a costar mucho ganarme!
10080047,$もしもし？\nセンパイですか？,"¡Hola, Mark!"
10080047,%s\nが%2F仲間になった！,¡%s se te ha unido!
10080047,8あれ　%2F円堂くん。\nこんな%1F所で%1F何してるの？,"¡Anda, tú por aquí!\n¿Cómo es eso?"
10080047,<ボクに%1F勝ったら\nサッカー%1F部に%1F入ってあげるよ。,"Jugaré con vosotros, pero tómatelo\ncomo un favor personal, ¿vale?"
10080047,Lその%1F人は　いつも\n%2F鉄塔の%2F小屋の%1F近くに\nいるみたいですよ！,¡Siempre ronda la caseta de\nla torre!
10080047,Lその%1F人は　いつも\n%2F駅前のコンビニの%1F近くに\nいるみたいですよ！,¡Siempre está cerca de la tienda\nde 24 h que hay por la estación!
10080047,Xくっ…　%1F負けちゃったか。\n%2F約束どおり　サッカー%1F部に\n%1F入ってあげるよ。,Puf... He perdido.
10080047,\うーん…　そうだな　\nじゃあ　ボクに%1F勝ったら\nサッカー%1F部に%1F入ってあげるよ。,"Hmm... Si me ganáis, me uniré\na vosotros, ¿vale?"
10080047,\センパイがスカウトしたい%1F人は\n%1F今までいた%2F場所から\n%2F移動したみたいですね！,¡El jugador que buscabas\nse ha ido a otra parte!
10080047,hえっ　サッカー%1F部に%1F入らないかって？\nここまで%1F来るなんて\nよっぽど　ボクがほしいんだね。,¿Has venido a invitarme a que me\napunte a tu equipo? Pues sí que\ntienes ganas de que juegue contigo.
10080047,それじゃあ　あきらめてね。,No vale la pena...
10080047,それじゃあ　いくよ！,"Muy bien, ¡vamos allá!"
10080047,はい,"He ganado. No tienes nada que\nhacer contra mí, resígnate."
10080047,やくそく,Será un orgullo jugar contigo.
10080048,$ちがうのか…\nなら　いいか。,"Ah, ¿no? Tú mismo\ncon tu mecanismo."
10080048,$ちがうのか…\nなら　いいがな。,"Ah, ¿no? Allá tú..."
10080048,$もしもし？\nセンパイですか？,"¡Hola, Mark!"
10080048,%s\nが%2F仲間になった！,¡%s se te ha unido!
10080048,0オレをサッカー%1F部に%1F入れるつもりか？,¿Me quieres en tu equipo?
10080048,8やっぱり　そうか…\nだったら　オレをたおすんだな！,"Ya veo... ¡Pues nada, vas\na tener que ganarme!"
10080048,Lおっ　おまえは%2F円堂…！\nおまえが　ここにいるってことは\nまさか…,¡Mark! Si estás aquí... es que...
10080048,Lその%1F人は　いつも\n%2F鉄塔の%3F掲示板の%1F近くに\nいるみたいですよ！,¡Siempre está cerca del tablón\nde anuncios que hay en la torre!
10080048,\センパイがスカウトしたい%1F人は\n%1F今までいた%2F場所から\n%2F移動したみたいですね！,¡El jugador que buscabas\nse ha ido a otra parte!
10080048,`くっ…　たおされちまった。\nしかたねえ！　こうなったら\nサッカー%1F部に%1F入ってやるよ。,"Uf, ¡qué rabia! ¡Ahora no me\nqueda otra que jugar en tu\nequipo!"
10080048,xえっ　%2F円堂！　また%1F来たのか…。\nおまえが　ここにいるってことは\nオレをサッカー%1F部に%1F入れる%1F気だな？,¡Mark! Que hayas venido...\n¿significa que quieres que\nentre en el equipo de fútbol?
10080049,$%2F後悔しても%1F知らないぜ！,¡Luego no os arrepintáis!
10080049,$もしもし？\nセンパイですか？,"¡Hola, Mark!"
10080049,%s\nが%2F仲間になった！,¡%s se te ha unido!
10080049,0なんだよ\nじゃあ　%1F何しに%1F来たんだ…。,"¿Eh? Entonces, ¿a qué has venido?"
10080049,Dあんた　サッカー%1F部に%1F入るヤツを\nさがしてるんだってな。,He oído por ahí que estás\nbuscando jugadores para tu equipo.
10080049,Dヘヘッ　%2F面白い…。\nこの%1F前のリベンジに%1F来たのかよ？,"¿Quieres tomarte la revancha?\nJe, je... Será divertido."
10080049,Lその%1F人は　いつも\n%3F河川敷の%1F船の%1F近くに\nいるみたいですよ！,¡Siempre está cerca del\nembarcadero del río!
10080049,Lオレは　けっこう%1F強いぜ。\nもちろん　オレとも\nバトルするんだろ？,Soy bastante bueno...\n¿Te hace una pachanga?
10080049,Pチッ…　%1F負けちまったぜ。\nさすがに　サッカーバトルじゃ\n%1F勝てないか。,¡Qué rabia! Ya sabía yo que\nno ganaría esta pachanga.
10080049,Tへへっ　あんたが%2F円堂か。\nいつか%1F来るんじゃないかって\n%1F思ってたぜ。,"Je, je... ¿Eres Mark?\nMe preguntaba si no vendrías\npor aquí... ¡Te ha costado!"
10080049,\センパイがスカウトしたい%1F人は\n%1F今までいた%2F場所から\n%2F移動したみたいですね！,¡El jugador que buscabas\nse ha ido a otra parte!
10080050,$もしもし？\nセンパイですか？,"¡Hola, Mark!"
10080050,%s\nが%2F仲間になった！,¡%s se te ha unido!
10080050,0%1F逃げるのか！？\nこのおくびょう%1F者め！,"Ju, ju, ju... Me has dejado\nimpresionado. No te creas que\nes tan sencillo ganarme..."
10080050,0%1F逃げるのか！？\nこのおくびょうものめ！,¿Cómo que te vas? ¡Cobardica!
10080050,8いいだろう！\nこのオレが　%2F相手をしてくれる！,¡Como quieras! ¡Seré tu rival!\n¿Estás preparado?
10080050,8くっくっく…\nオレをたおすとは\nたいしたヤツだな。,"Estás de suerte. A partir\nde hoy, tendrás el privilegio\nde que juegue en tu equipo."
10080050,@くっくっく…\nオレをさがし%1F出すとは\nたいしたヤツだな。,"¡Ju, ju, ju!...\nMenudo eres, mira que\nponerte a buscarme..."
10080050,Dその%1F人は　いつも\n%3F駐車場の%1F近くに\nいるみたいですよ！,¡Siempre está cerca del\naparcamiento!
10080050,Dほうびとして\nきさまに　このオレの%1F力を\n%1F貸してやろう。,"¡Ju, ju, ju!...\n¿Eso es todo?"
10080050,Hその%1F人は　いつも\n%2F体育%2F倉庫の%1F近くに\nいるみたいですよ！,¡Siempre está cerca del trastero\ndel gimnasio!
10080050,Pくっくっく…\nリベンジに%1F来たのか…\nいいだろう　%2F相手になってやる。,"¡Ja, ja! ¿Has venido a por más?\n¡Vamos allá, pues!"
10080050,\センパイがスカウトしたい%1F人は\n%1F今までいた%2F場所から\n%2F移動したみたいですね！,¡El jugador que buscabas\nse ha ido a otra parte!
10080050,では　いくぞっ！,"¡Cuidado, que voy!"
10080051,$もしもし？\nセンパイですか？,"¡Hola, Mark!"
10080051,%s\nが%2F仲間になった！,¡%s se te ha unido!
10080051,0おや　%1F逃げるのですか？　\n…ブザマな。,"Ey, no te me escapes.\nQué lamentable..."
10080051,0フフフ…　\nあなたが%2F円堂くんですか？,"Ju, ju... ¿Eres Mark?"
10080051,Dフフフ…　さすがですね。\nあなたの%1F力　ウワサ%2F以上だ…。,"Jo, jo... Vaya, eres mejor de\nlo que había oído..."
10080051,Pその%1F人は　いつも\n%3F河川敷グラウンドの%2F海岸に\nいるみたいですよ！,"¡Siempre está en la orilla del\nrío, cerca del campo de fútbol!"
10080051,Tあなた　ウワサでは\n%1F色んな%1F人と　サッカーバトルを\nしているそうですねぇ。,Corre el rumor de que estás\njugando pachangas prácticamente\ncon todo aquel que te encuentras.
10080051,\センパイがスカウトしたい%1F人は\n%1F今までいた%2F場所から\n%2F移動したみたいですね！,¡El jugador que buscabas\nse ha ido a otra parte!
10080051,dフフフ…　リベンジするのですね。\nもし%1F勝てたら　サッカー%1F部に\n%1F入ってさしあげますよ。,"Ju, ju... ¿Vienes a por la revancha?"
10080051,hフフフ…　わたしと%2F勝負しませんか？\nもし%1F勝てたら　サッカー%1F部に\n%1F入ってさしあげますよ。,"¡Jo, jo, jo! Si me ganas,\njugaré contigo."
10080051,いじょう,Era de esperar...\n¿Por quién me tomabas?
10080051,ちから,"Lo prometido es deuda. Me uniré\na vosotros, pero tienes que\ndejarme jugar las pachangas."
10080051,フフフ…　いきますよっ！,"¡Jo, jo, jo! ¡Vamos allá!"
10080052,$%2F勝負するしかないだろ！！,¡tenemos que enfrentarnos\nel uno al otro!
10080052,$もしもし？\nセンパイですか？,"¡Hola, Mark!"
10080052,%1F逃げんなよ！,¡Mark! ¡Vamos a jugar!
10080052,%s\nが%2F仲間になった！,¡%s se te ha unido!
10080052,8%2F円堂！\nオレとおまえが%2F出会ってしまったら…,¡Mark! Ahora que tú y yo\nnos hemos encontrado...
10080052,L%2F勝負もケリがついたことだし\n%2F今度は　%2F一緒にサッカーしようか。,"¡Maldita sea, he perdido!\nBien jugado, Mark."
10080052,Lその%1F人は　いつも\n%3F河川敷の%1F船の%1F近くに\nいるみたいですよ！,¡Siempre está cerca del\nembarcadero del río!
10080052,\センパイがスカウトしたい%1F人は\n%1F今までいた%2F場所から\n%2F移動したみたいですね！,¡El jugador que buscabas\nse ha ido a otra parte!
10080052,こんど,"¡Ju, ju, ju!... ¡Victoria!"
10080052,しょうぶ,Ahora que ya hemos saldado\ncuentas en el terreno de juego...\n¿qué te parece si jugamos juntos?
10080052,よっしゃあ　いくぜ！！,¡No escapes!
10080053,$もしもし？\nセンパイですか？,"¡Hola, Mark!"
10080053,%s\nが%2F仲間になった！,¡%s se te ha unido!
10080053,0なんだよ　\nヤル%1F気になってたのに…。,¿Qué? Ahora que me habían\nentrado ganas...
10080053,Hあれ　%2F円堂。\nもしかして　ボクに\n%2F入部しろって%1F言うの？？,"Oh, Mark. ¿Vienes a decirme que\nquieres que juegue contigo?"
10080053,Hその%1F人は\n%3F正門前グラウンドの%1F近くに\nいるみたいですよ！,¡Está cerca del campo de fútbol\nde la entrada principal!
10080053,Lボクって　けっこう%2F器用なんだ。\nそりゃー　%2F仲間にしたくなるよね。,Soy bastante habilidoso... Normal\nque quieras tenerme en tu equipo.
10080053,Tその%1F人は　いつも\n%2F文化%1F部の%2F部室%1F棟の%1F近くに\nいるみたいですよ！,¡Siempre está por el edificio\nde las actividades culturales!
10080053,\センパイがスカウトしたい%1F人は\n%1F今までいた%2F場所から\n%2F移動したみたいですね！,¡El jugador que buscabas\nse ha ido a otra parte!
10080053,`ボクの%2F器用さが%1F活かせるって\n%2F証明できたら%2F入部してあげる。\nどう　やってみる？,"Si me demuestras que sois\ndignos de mi juego, me apunto.\n¿Qué te parece?"
10080053,へへっ　いくよっ！,"¡Je, je! ¡Vamos!"
10080054,$えー…　%1F試してみようよ。,Hmm... Vamos a ver.
10080054,$もしもし？\nセンパイですか？,"¡Hola, Mark!"
10080054,%s\nが%2F仲間になった！,¡%s se te ha unido!
10080054,<でも　ボクはカンタンに\n%2F入部なんてしてやらないよ。,Pero no te creas que voy a jugar\nen tu equipo así como así.
10080054,@えへへー\nボクを%1F見つけるとは\n%1F運がいいヤツだなー。,¡Ahí va! ¡Eres un tío con suerte!\nNo todo el mundo me encuentra...
10080054,@ボクに%1F勝ったら　%2F入部してあげる。\nどう　やってみる？,Tienes que ganarme.
10080054,Hえへへー　また%1F来たんだ。\nいいよ　もう１%1F回\nバトルしようか。,"¡Hala, has vuelto! Vale,\n¿jugamos otro partido?"
10080054,Lその%1F人は　いつも\n%3F河川敷のトイレの%1F近くに\nいるみたいですよ！,¡Siempre ronda los baños\nque hay en el río!
10080054,\センパイがスカウトしたい%1F人は\n%1F今までいた%2F場所から\n%2F移動したみたいですね！,¡El jugador que buscabas\nse ha ido a otra parte!
10080054,lえへへー　%1F負けちゃった。\nボク　けっこう%1F強かっただろ？\nだから　おまえの%1F力になってやるよ。,"¡Guau, he perdido!...\nPero no soy nada malo, ¿verdad?\nSeguro que os soy útil."
10080054,つよ,"¿Qué os ha parecido?\nJuego bien, ¿eh?"
10080054,ＯＫ！　いくよっ！,¡Vale! ¡Vamos allá!
10080055,$それじゃあ　%1F始めようか。,¿Te piras?
10080055,$もしもし？\nセンパイですか？,"¡Hola, Mark!"
10080055,%1F逃げるのかい？,"Si me ganas, aceptaré cualquier\nfavor que me pidas, ¿vale?"
10080055,%s\nが%2F仲間になった！,¡%s se te ha unido!
10080055,Hそんなキミにサービスタイムだ。\nボクが　%2F相手をしてあげるよ。,Te haré un favor y\njugaré contra ti.
10080055,Hキミがボクに%1F勝ったら\n%1F何でも%1F言うことを%1F聞いてあげるよ。,"Juegas muy bien, ¿sabes?\nPídeme lo que quieras."
10080055,Lその%1F人は　いつも\n%3F河川敷のサクの%1F周りに\nいるみたいですよ！,¡Siempre va por los alrededores\nde la valla que hay en el parque\ndel río!
10080055,Pふっふっふっふっふ…\nボクを%1F見つけるとは\n%1F運がいいヤツだな　キミは。,"Ju, ju, ju... Qué suertudo.\n¡Has conseguido encontrarme!..."
10080055,\センパイがスカウトしたい%1F人は\n%1F今までいた%2F場所から\n%2F移動したみたいですね！,¡El jugador que buscabas\nse ha ido a otra parte!
10080055,dなかなか　やるようだね。\nそれじゃあ　%2F約束だ。\n%1F何でも%1F言うことを%1F聞いてあげるよ。,"¿Quieres que juegue contigo?\n¿Estás seguro? Vale, me\napuntaré a tu equipo."
10080055,dもし　キミが%1F勝ったら\n%1F何でも%1F言うことを%1F聞いてあげるよ。\nさあ　%2F勝負するかい？,"Si ganas, haré lo que me pidas.\nQué, ¿jugamos?"
10080055,やくそく,Hay que entrenarse más...
10080056,$おやおや　%1F逃げるのかい。,"Ey, ¿qué es eso de escaparse?"
10080056,$もしもし？\nセンパイですか？,"¡Hola, Mark!"
10080056,%s\nが%2F仲間になった！,¡%s se te ha unido!
10080056,8フフ…\nバトルに%2F必要なのは\nアタマなのだよ。,"En las pachangas, es importante\njugar con cabeza."
10080056,<このボクが　それを　\n%1F教えてあげようではないか。,¿Quieres que te lo demuestre?
10080056,<キミたちは　それをわかっていないから\n%1F弱いのだよ。,Sois malos porque no termináis\nde comprenderlo.
10080056,@その%1F人は　いつも\nプールサイドに\nいるみたいですよ！,¡Siempre está junto\na la piscina!
10080056,Dその%1F人は　いつも\n%2F正門の%1F近くに\nいるみたいですよ！,¡Siempre está cerca de la entrada\nprincipal del instituto!
10080056,\センパイがスカウトしたい%1F人は\n%1F今までいた%2F場所から\n%2F移動したみたいですね！,¡El jugador que buscabas\nse ha ido a otra parte!
10080056,`キミたちは　アタマを%1F使わないから\n%1F弱いんだよ。\nボクがそれを　%1F教えてあげよう。,Sois malos porque no usáis\nvuestra cabeza. ¿Queréis\nque os enseñe a hacerlo?
10080056,さあ　かかっておいで。,¡Qué mal! ¡Me han superado\nen un duelo de inteligencia!\nVisto lo visto...
10080056,さあ　かかってきなさい。,"¡Venid, vamos!"
10080057,$もしもし？\nセンパイですか？,"¡Hola, Mark!"
10080057,%s\nが%2F仲間になった！,¡%s se te ha unido!
10080057,8ゲヘヘッ　おまえが　\nサッカー%1F部の%2F円堂か？,"¡Jur, jur!...\n¿Eres Mark, del equipo de fútbol?"
10080057,<おまえに%1F会ったら\nサッカーバトルができるらしいな。,Me parece que podemos montar\nuna pachanga con vosotros.
10080057,@ちょうど　%1F暴れたかったところだ！\nさっそくやろうぜ！,¡Me acaban de entrar ganas de\nhacer el loco! ¿Jugamos?
10080057,Dその%1F人は　いつも\n%2F噴水の%1F近くに\nいるみたいですよ！,¡Siempre está cerca de la fuente!
10080057,Dその%1F人は　いつも\n%3F駐車場の%1F近くに\nいるみたいですよ！,¡Siempre está cerca del\naparcamiento!
10080057,Dゲヘヘッ　リベンジか？\nちょうど　%1F暴れたかったところだ！,"¡Jur, jur! ¿Has venido a por más?\n¡Vamos allá, pues!"
10080057,\センパイがスカウトしたい%1F人は\n%1F今までいた%2F場所から\n%2F移動したみたいですね！,¡El jugador que buscabas\nse ha ido a otra parte!
10080057,\チッ　このオレが%1F負けるなんて…。\nだが　ひさびさに%1F暴れられて\n%1F楽しかったぜ！,¡Espero poder hacerlo contigo\na partir de ahora!
10080057,あば,"¡Jur, jur!...\n¡Hay que perder el control!"
10080057,ゲヘヘッ　いくぜ！,"¡Jur, jur!... ¡Prepárate!"
10080057,ゲヘヘッ　いくぜ！！,"¡Será posible!... Bueno, al menos\nme lo he pasado genial. ¡Llevaba\nmucho tiempo sin hacer el loco!"
10080057,チッ　つまんねーな。,"Pche, qué aburrimiento..."
10080058,$もしもし？\nセンパイですか？,"¡Hola, Mark!"
10080058,%s\nが%2F仲間になった！,¡%s se te ha unido!
10080058,",しっ　%2F仕方ない…　\nいきますよっ！",Bu-bueno...\n¡Vamos allá!
10080058,<あっ　こ　こんにちは…。\nまた%1F来たんですか…！？,Ah... ¿no quieres jugar? Eh...
10080058,@あっ　こ　こんにちは…。\nボクに　%1F何かご%1F用ですか…？,"¡Ho-hola, muy buenas!\n¿Te puedo ayudar en algo?"
10080058,Dえっ　バトルに%1F勝ったら\n%2F入部しろって%1F言うんですか！？,¿Eh? Que si me ganáis... ¿me\ntengo que apuntar a vuestro\nequipo?...
10080058,Lその%1F人は　いつも\n%2F鉄塔の%2F小屋の%1F近くに\nいるみたいですよ！,¡Siempre ronda la caseta de\nla torre!
10080058,Lその%1F人は　いつも\n%2F駅前のコンビニの%1F近くに\nいるみたいですよ！,¡Siempre está cerca de la tienda\nde 24 h que hay por la estación!
10080058,P%2F約束ですし　サッカー%1F部に\n%1F入ります。\nよっ　よろしくたのみます！,"Anda, si eres un má-máquina...\nSe nota que eres el capitán\ndel equipo de fútbol."
10080058,\センパイがスカウトしたい%1F人は\n%1F今までいた%2F場所から\n%2F移動したみたいですね！,¡El jugador que buscabas\nse ha ido a otra parte!
10080058,はい,He ga-ganado...
10080058,やくそく,Un trato es un trato. Me uno a\nvuestro equipo. ¡Ojalá hagamos\ngrandes co-cosas juntos!
10080059,$もしもし？\nセンパイですか？,"¡Hola, Mark!"
10080059,%s\nが%2F仲間になった！,¡%s se te ha unido!
10080059,Dその%1F人は\nサッカー%2F部室の%1F近くに\nいるみたいですよ！,¡Está cerca del club de fútbol!
10080059,Dその%1F人は　いつも\n%3F体育館の%1F近くに\nいるみたいですよ！,¡Siempre está cerca del gimnasio!
10080059,Hフフ…　なかなかやるね。\n%2F約束どおり　%2F仲間になってやるよ。,"¡Venga, vamos!"
10080059,Lボクは　なんでもお%2F見通しなんだ。\nキミがここに%1F来たワケだってね。,"Yo lo veo venir todo, y\ntambién imaginaba que te\npasarías por aquí."
10080059,Pでも　タダじゃ%2F入部してやらないよ。\n%1F言ってる%2F意味が　わかるかい？,Pero no te creas que voy a jugar\nen tu equipo así como así.\n¿Sabes por dónde voy?...
10080059,Pフフッ\nリベンジに%1F来たって%1F顔だね。\nいいよ　%2F相手になってあげる。,"Muy mal. Ju, ju..."
10080059,\センパイがスカウトしたい%1F人は\n%1F今までいた%2F場所から\n%2F移動したみたいですね！,¡El jugador que buscabas\nse ha ido a otra parte!
10080059,\ボクをサッカー%1F部に%1F入れたいんだろ？\nキミの%1F顔を%1F見れば　すぐにわかったよ。,"Quieres que juegue en tu equipo,\n¿verdad? Lo he sabido en cuanto\nte he visto la cara."
10080059,それじゃあ　いくよ！！,"Ju, ju...\n¿Has venido a por la revancha?"
10080059,なかま,"Ju, ju... Regresa cuando quieras."
10080059,やくそく,"No ha estado mal...\nJugaré con vosotros, tal y\ncomo habíamos quedado."
10080059,フフッ　ダメだなあ。,"Muy bien, ¡vamos allá!"
10080060,$うおーっ　%1F逃げるのかっ！？,"¡Uoh! ¡Muy bien, vamos allá!"
10080060,$もしもし？\nセンパイですか？,¡Siempre está cerca del\ngimnasio!
10080060,%s\nが%2F仲間になった！,¡%s se te ha unido!
10080060,4うおーっ\nおまえが%1F来るのを%1F待ってたぞ！,¡Uoh! ¿Te largas?
10080060,8うおーっ！　\nオレの%2F体力は　ハンパじゃないぜ！,"¡Hola, Mark!"
10080060,<その%1F人は\n%3F駐車場の%1F近くに\nいるみたいですよ！,¡Siempre está cerca del\naparcamiento!
10080060,Dその%1F人は　いつも\n%3F体育館の%1F近くに\nいるみたいですよ！,¡Siempre está cerca del gimnasio!
10080060,Hおまえが　オレより\n%1F力があるのなら\n%2F仲間になってやるぞーっ！,"¡Uoh! ¡Mi resistencia\nno es poca, precisamente!"
10080060,\センパイがスカウトしたい%1F人は\n%1F今までいた%2F場所から\n%2F移動したみたいですね！,¡El jugador que buscabas\nse ha ido a otra parte!
10080060,うおーっ　いくぞーっ！！,"¡Si demuestras ser mejor que yo,\nme uniré a tu equipo! ¡Juguemos!"
10080060,たいりょく,Ugh... No sabía que en este\nmundo pudiera haber alguien\nmás fuerte que yo...
10080061,$もしもし？\nセンパイですか？,"¡Hola, Mark!"
10080061,%s\nが%2F仲間になった！,¡%s se te ha unido!
10080061,Dその%1F人は　いつも\n%3F住宅街の%2F公園に\nいるみたいですよ！,¡Siempre está en el parque\nde la zona residencial!
10080061,Hおめーか？\nオレをサッカー%1F部に\n%2F入部させたいというヤツは。,¿Eres tú el que me quiere hacer\njugar en su equipo?
10080061,L%1F弱い%2F部活には　%1F入りたくないんでな。\nさあ　%2F覚悟はいいか？,"No quiero entrar en un equipo\nde pringados. Bueno, ¿estáis\npreparados?"
10080061,Lその%1F人は　いつも\n%2F鉄塔のベンチの%1F近くに\nいるみたいですよ！,¡Siempre está por los bancos\ndel parque de la torre!
10080061,\センパイがスカウトしたい%1F人は\n%1F今までいた%2F場所から\n%2F移動したみたいですね！,¡El jugador que buscabas\nse ha ido a otra parte!
10080061,hオレをサッカー%1F部に%1F入れたいのなら\nオレの%1F力を　%1F活かせる%1F部だって\n%2F証明してみろよ。,¡Pche! ¡Vete a freír morcillas!
10080061,pオレは　%2F体力がじまんなんだ。\nオレの%1F力を　%1F活かせる%1F部だって\n%2F証明できたら%2F入部してやるよ。,"Estoy muy orgulloso de mi fuerza.\nSi me demuestras que sois dignos\nde ella, me uniré a vosotros."
10080061,じゃあ　いくぜ！,"¡Venga, vamos!"
10080061,たいりょく,Pche... Mira que encontrarme con\nalguien más resistente que yo...
10080062,$もしもし？\nセンパイですか？,"¡Hola, Mark!"
10080062,$よしっ\nそれじゃあ　いくぜ！,¡Vamos allá! ¡Venga!
10080062,%s\nが%2F仲間になった！,¡%s se te ha unido!
10080062,",なんだよー\n%2F証明させてくれよなー。","¡Venga, hombre!\n¡Deja que te demuestre\nlo bueno que soy!"
10080062,0やっぱり　キャプテンだね。\n%1F強いぜ！,Se nota que eres el capitán.\n¡Juegas muy bien!
10080062,8うーん　サッカー%1F部って\nたいしたことないなあ。,Pues sí que sois poca cosa...\nMenudo equipo.
10080062,8だから　サッカー%1F部に\n%1F入ってやってもいいぜ？,No haría ascos a entrar en\ntu equipo...
10080062,Dこの%1F前の%2F勝負のリベンジだな？\nへへっ　そうこなくっちゃ！,¿Vienes a por la revancha?
10080062,Hえっ　%1F信じられないって？\nだったら\nプレイで%2F証明してやるよ！,"Si no me crees, espérate\na verme jugar."
10080062,Hその%1F人は　いつも\n%2F鉄塔の%1F池の%1F近くに\nいるみたいですよ！,¡Siempre se le ve cerca del\nestanque de la torre!
10080062,Hへへっ\nオレ　こう%1F見えても　\nけっこうサッカーうまいんだぜ！,"Aunque no lo aparente, en\nrealidad juego bastante bien\nal fútbol. ¡Je, je!..."
10080062,Lその%1F人は　いつも\n%2F駅前のコンビニの%1F近くに\nいるみたいですよ！,¡Siempre está cerca de la tienda\nde 24 h que hay por la estación!
10080062,\センパイがスカウトしたい%1F人は\n%1F今までいた%2F場所から\n%2F移動したみたいですね！,¡El jugador que buscabas\nse ha ido a otra parte!
10080062,つよ,"Quiero entrenar más...\nAcéptame en tu equipo, por favor."
10080062,よっし　いくぜ！！,¡Bien! ¡Vamos!
10080063,$もしもし？\nセンパイですか？,"¡Hola, Mark!"
10080063,%s\nが%2F仲間になった！,¡%s se te ha unido!
10080063,4おっ　%2F円堂！\nやっぱり　また%1F来たんだな！,"¿Cómo?\n¡Venga, enséñamelo!"
10080063,Dそうかー　%2F円堂のたのみなら\nボク%1F入ろうかなー。\nでも…,"Podría jugar contigo,\nya que me lo pides, pero..."
10080063,Hその%1F人は　いつも\n%2F鉄塔の%2F真下あたりに\nいるみたいですよ！,¡Siempre está delante de la torre!
10080063,L%1F今の%2F部活よりも\nサッカーが%2F面白いってこと\n%1F見せてくれる？,¿me podrías enseñar por qué\nvale la pena que cambie de club?
10080063,Lその%1F人は　いつも\n%2F駅前の%2F本屋の%1F近くに\nいるみたいですよ！,¡Siempre está por la librería\nque hay cerca de la estación!
10080063,Pあれれ　サッカー%2F部員を\n%1F集めてる%1F人って\nもしかして%2F円堂のこと？,"¿Estás buscando nuevos\nmiembros para tu equipo?\n¿No serás Mark, por casualidad?"
10080063,\センパイがスカウトしたい%1F人は\n%1F今までいた%2F場所から\n%2F移動したみたいですね！,¡El jugador que buscabas\nse ha ido a otra parte!
10080063,へへっ　じゃあいくぜ！,"Je, je... ¡Vamos!"
10080064,$もしもし？\nセンパイですか？,"¡Hola, Mark!"
10080064,%2F仕方ない　いくぜっ！,¡Pche! ¡Vete a freír morcillas!
10080064,%s\nが%2F仲間になった！,¡%s se te ha unido!
10080064,Lその%1F人は　いつも\n%2F鉄塔のベンチの%1F近くに\nいるみたいですよ！,¡Siempre está por los bancos\ndel parque de la torre!
10080064,P…なんだ？\nまだ　オレに%1F用があるのか？\nあきらめの%1F悪いヤツだなー。,¡Mark! ¡Vamos a jugar!
10080064,Tその%1F人は　いつも\n%2F円堂センパイのお%1F家の%1F近くに\nいるみたいですよ！,Siempre está cerca de tu casa.
10080064,Tだったら　オレが\n%1F入ってやってもいいぜ。\nでも…　１つ%2F条件があるなー。,"Puede que me apunte a jugar\ncon vosotros, pero... con\nuna condición."
10080064,Xオッス　%2F円堂！\nおめー　サッカー%2F部員を\n%1F集めて%1F回ってるってホントか？,"¡Hola, Mark! ¿Es verdad que\nestás buscando jugadores\npara tu equipo?"
10080064,\へー　さすがサッカー%1F部！\nやっぱりスゴイんだな。\nオレも　きょうみが%1F出てきたよ。,Qué pesado eres...\n¿Todavía quieres más?
10080064,\センパイがスカウトしたい%1F人は\n%1F今までいた%2F場所から\n%2F移動したみたいですね！,¡El jugador que buscabas\nse ha ido a otra parte!
10080064,さあっ　%2F勝負だ！,¡Tienes que ganarme!\n¿Aceptas el reto?
10080065,$もしもし？\nセンパイですか？,"¡Hola, Mark!"
10080065,%s\nが%2F仲間になった！,¡%s se te ha unido!
10080065,8やあ　こんにちは。\nボクに　%1F何かご%1F用ですか？,"¡Hola, muy buenas!\n¿Te puedo ayudar en algo?"
10080065,@ボクにサッカーバトルで%1F勝ったら\n%1F入ってもいいですよ。,¿Otra vez por aquí?\nNo será para... ¿jugar la revancha?
10080065,H…え？　サッカー%1F部へ%1F入れって？\nなんとも　いきなりですね…。,"¿Eh? ¿Que juegue contigo?\nEs que así, de sopetón..."
10080065,Lおや　あなたですか\nここに%1F来たってことは…\nリベンジするんですね。,"¿Sí? Pues nada, que te vaya bien."
10080065,Lその%1F人は　いつも\n%3F河川敷のベンチの%1F近くに\nいるみたいですよ！,¡Siempre está cerca de los bancos\nque hay en el campo de fútbol\ndel río!
10080065,\まあ　あなたのたのみだし…\nボクにサッカーバトルで%1F勝ったら\n%1F入ってもいいですよ。,"Bueno, va. Como te tengo aprecio,\nte daré una oportunidad. Me uniré\nal equipo si me ganas, ¿de acuerdo?"
10080065,\センパイがスカウトしたい%1F人は\n%1F今までいた%2F場所から\n%2F移動したみたいですね！,¡El jugador que buscabas\nse ha ido a otra parte!
10080065,それじゃあ　いきますよ！,¡Empecemos con lo nuestro!
10080066,$もしもし？\nセンパイですか？,"¡Hola, Mark!"
10080066,%s\nが%2F仲間になった！,¡%s se te ha unido!
10080066,4なんだ　キミ？\nボクに%1F何か%1F用があるの？,¿Qué quieres?\n¿Te debo dinero o algo?
10080066,Dその%1F人は　いつも\n%2F鉄塔の%1F近くに\nいるみたいですよ！,¡Siempre se le ve por la zona\nde la torre!
10080066,Lその%1F人は　いつも\n%2F駅前のコンビニの%1F近くに\nいるみたいですよ！,¡Siempre está cerca de la tienda\nde 24 h que hay por la estación!
10080066,Pあ　あれっ？　ヘンだな…\n%2F今日はちょっと　%2F調子が%1F悪いみたいだ。,¿Eh? Qué raro... Hoy no me siento\nmuy bien que digamos...
10080066,Xなーんてね。\nボクより%1F強いって%2F証明してくれなきゃ\n%2F入部してやらないよ。,"Je... Qué más quisieras.\nSi me demuestras que eres mejor\nque yo, me uniré a tu equipo, ¿vale?"
10080066,Xボクに　サッカー%1F部へ%1F入れって？\nうーん　%2F面白そうだし\n%1F入ってあげる。,"¿Dices que quieres que juegue en\ntu equipo? Puede ser divertido.\nVenga, te haré caso."
10080066,\なんだ　キミか。\nボクより%1F強いって%2F証明してくれなきゃ\n%2F入部してやらないよ。,"¿Tú otra vez? Si me demuestras\nque eres mejor que yo, me uniré\na tu equipo. ¿De acuerdo?"
10080066,\センパイがスカウトしたい%1F人は\n%1F今までいた%2F場所から\n%2F移動したみたいですね！,¡El jugador que buscabas\nse ha ido a otra parte!
10080066,うーん　つまんないな。,"Buf, qué rollo..."
10080066,きょう,A la hora de la verdad soy un\nhacha. Ya verás qué juego tan\nmagnífico despliego.
10080066,ちょうし,"¿Y bien? Soy bueno, ¿eh?"
10080066,へへっ　いくよっ！,"¡Je, je! ¡Vamos!"
10080067,$もしもし？\nセンパイですか？,"¡Hola, Mark!"
10080067,%s\nが%2F仲間になった！,¡%s se te ha unido!
10080067,4ヘッ　%1F話が%1F早いぜ。\nじゃあ　いくぞ！！,"Me has dejado anonadado.\nYa sabes lo que te voy a decir,\n¿no?"
10080067,8おまえには　オレが%1F言いたいことが\nわかるか？,¿Sabes lo que quiero decirte?
10080067,<ヘッ　そうか…　%1F話が%1F早いな。\nじゃあ　いくぜ！！,"Perfecto, a buen entendedor...\n¡A jugar, pues!"
10080067,Dオレには　わかるぜ…。\nおまえがなぜ　ここに%1F来たかってさ。,Sé a qué has venido.
10080067,Dオレを%2F入部させたいんだろう？\nみーんな　お%1F見とおしさ！,"Quieres que juegue en tu equipo,\n¿verdad? Lo veía venir a la legua."
10080067,Tその%1F人は　いつも\n%3F河川敷グラウンドの%1F橋の%1F下に\nいるみたいですよ！,¡Siempre está debajo del puente\nque hay cerca del campo del río!
10080067,\なかなか　やるじゃないか。\nこの%1F後　オレが%1F言うセリフも\nおまえにならわかるだろ？,¡Me apunto a tu equipo!\n¡Ahora eres mi capitán!
10080067,\センパイがスカウトしたい%1F人は\n%1F今までいた%2F場所から\n%2F移動したみたいですね！,¡El jugador que buscabas\nse ha ido a otra parte!
10080067,あと,"Puf, qué rollo..."
10080067,ふん　つまらんっ！,"Puf, ¡qué peñazo!"
10080068,$もしもし？\nセンパイですか？,"¡Hola, Mark!"
10080068,%s\nが%2F仲間になった！,¡%s se te ha unido!
10080068,",ボクをサッカー%1F部に%1F入れるつもり？","me quieres en tu equipo, ¿verdad?"
10080068,0うう　また%1F来たんだ。\nしつこいなあ。,"Ah, ¿no?\nPues... menos mal."
10080068,Dあっ　%2F円堂くん…！\nキミが　ここにいるってことは\nまさか…,"¡Ah, Mark! Si estás aquí es\nporque..."
10080068,Hうー　やっぱり%1F強いね。\n%2F約束だし　サッカー%1F部に%1F入るよ。,"Pues nada, ¡a jugar se ha dicho!"
10080068,Tその%1F人は　いつも\n%3F商店街のレンガの%2F広場あたりに\nいるみたいですよ！,¡Siempre está cerca de la plaza\nde adoquines del barrio comercial!
10080068,Tその%1F人は　いつも\n%3F河川敷グラウンドの%1F橋の%1F下に\nいるみたいですよ！,¡Siempre está debajo del puente\nque hay cerca del campo del río!
10080068,\センパイがスカウトしたい%1F人は\n%1F今までいた%2F場所から\n%2F移動したみたいですね！,¡El jugador que buscabas\nse ha ido a otra parte!
10080068,`うう…　こまったなあ\nじゃあ　ボクとバトルしようよ。\nボクに%1F勝ったら%1F考えてあげる。,"Uf, vaya... Está bien, juega\ncontra mí y si me ganas me lo\npienso."
10080068,しかたない　%2F勝負だ！,Otra vez tú... Qué pesadito.\n¿Quieres que volvamos a jugar?
10080069,$もしもし？\nセンパイですか？,"¡Hola, Mark!"
10080069,%s\nが%2F仲間になった！,¡%s se te ha unido!
10080069,0おや　ちがうのデスか…。\nがっかりデス。,"Ah, ¿no?\nQué decepción..."
10080069,0おや　ちがうのデスか…。\nガッカリです。,"¿Ah, no?...\nQué decepción..."
10080069,4えっ　サッカー%1F部へ%1F入れと？\nナルホド…,¿Eh? ¿Que juegue en el equipo\nde fútbol? Claro...
10080069,@ふふ　さすがに%1F強いデスね。\n%1F楽しませてもらいマシタ。,"Ju, ju... Eres verdaderamente\nbueno. Me has hecho disfrutar\nmucho."
10080069,D%2F円堂くんじゃありまセンか。\nいったい　なんのご%1F用デスか？,"Eres Mark, ¿no?\n¿Pasa algo?"
10080069,Dわたしに%1F勝ってみなサイ！\nもしデキたら　%1F入ッテあげマス。,"Vas a tener que ganarme.\nSi lo consigues, me uniré a ti.\n¿Te parece justo?"
10080069,Hいいデショウ…\nわたしに%1F勝ったら\n%1F入ってさしあげまショウ！,Venga... ¡Gáname y me uniré\nal equipo!
10080069,Lその%1F人は　いつも\n%2F鉄塔のベンチの%1F近くに\nいるみたいですよ！,¡Siempre está por los bancos\ndel parque de la torre!
10080069,Lその%1F人は　いつも\n%3F住宅街の%2F電柱の%1F前に\nいるみたいですよ！,¡Siempre está delante del poste\nde electricidad que hay en la\nzona residencial!
10080069,\センパイがスカウトしたい%1F人は\n%1F今までいた%2F場所から\n%2F移動したみたいですね！,¡El jugador que buscabas\nse ha ido a otra parte!
10080069,それじゃあ　%2F勝負デス！,"¡Venga, a jugar!"
10080069,たの,"No hay nada de qué avergonzarse.\nSoy demasiado bueno, es eso."
10080069,つよ,"De acuerdo, jugaré contigo."
10080070,$もしもし？\nセンパイですか？,"¡Hola, Mark!"
10080070,%s\nが%2F仲間になった！,¡%s se te ha unido!
10080070,0あれー\nだったら　いったい%1F何の%1F用だ？,"¿Eh? Entonces, ¿qué\nes lo que quieres?"
10080070,Dしつこいなー\nもう　%1F力づくでも\nどこかに%1F行ってもらうよ！,¡Grrr! ¡Qué plomazo! ¡Te vas a\ntener que ir de aquí por las\nmalas!
10080070,Dその%1F人は　いつも\n%3F住宅街の%2F公園に\nいるみたいですよ！,¡Siempre está en el parque\nde la zona residencial!
10080070,Lその%1F人は　いつも\n%2F鉄塔の%2F小屋の%1F近くに\nいるみたいですよ！,¡Siempre ronda la caseta de\nla torre!
10080070,Pおんや　もしかして\nオラを%2F仲間にしたいっちゅーのは\nおまえさんかい？,Hala... ¿No me digas que eras\ntú el que quería que entrara\nen el club de fútbol?
10080070,T%1F負けちまったー。\nまあ　%2F約束だしなー\nサッカー%1F部に%1F入ってやるぜ。,"Maldita sea, he perdido...\nMuy bien, entraré en\nel equipo de fútbol."
10080070,Tもしかして　\nまた　サッカー%1F部に%1F入れとか\n%1F言うんじゃないだろうな？,¿No habrás venido otra vez\ncon la misma cantinela?
10080070,\センパイがスカウトしたい%1F人は\n%1F今までいた%2F場所から\n%2F移動したみたいですね！,¡El jugador que buscabas\nse ha ido a otra parte!
10080070,`うーん　こまったなー\nそうだ！　オラより%1F強いって\n%2F証明できたら　%1F考えてやろう！,"Puf, ¿qué hago?... Mira, si\ndemuestras ser mejor que yo,\naceptaré. ¿Te parece bien?"
10080070,よーし　いくぞー。,"Vale, ¡allá voy!"
10080071,$もしもし？\nセンパイですか？,"¡Hola, Mark!"
10080071,%s\nが%2F仲間になった！,¡%s se te ha unido!
10080071,4せっかくのチャンスなのに…\n%2F後悔するぞ。,Tuviste una oportunidad...\ny ahora te vas a arrepentir.
10080071,8おまえに　オレをスカウトする\nチャンスをやるぜ！,¿Quieres que te dé otra oportunidad\npara que me lleves a jugar a tu equipo?
10080071,8よく%1F見つけたな。\nそれじゃあ　%1F大サービスだ！,Has conseguido encontrarme.\nTe haré un gran favor.
10080071,Hははっ\nこんな%1F所にオレがいるなんて\n%1F思いもしなかっただろ？,"Ja, ja... Nunca te imaginaste que\npudiera estar aquí, ¿verdad?"
10080071,Lなかなか　やるな！\n%2F約束どおり　サッカー%1F部に\n%1F入ってやろう。,"¡No lo haces nada mal!\nJugaré contigo, como quedamos."
10080071,Pその%1F人は　いつも\n%3F河川敷グラウンドの%2F海岸に\nいるみたいですよ！,"¡Siempre está en la orilla del\nrío, cerca del campo de fútbol!"
10080071,Pよし　%1F大サービスだ。\nおまえに　オレをスカウトする\nチャンスをやろう！,Te daré otra oportunidad.\n¿Quieres aprovecharla?
10080071,Tその%1F人は　いつも\n%3F商店街のレンガの%2F広場あたりに\nいるみたいですよ！,¡Siempre está cerca de la plaza\nde adoquines del barrio comercial!
10080071,\センパイがスカウトしたい%1F人は\n%1F今までいた%2F場所から\n%2F移動したみたいですね！,¡El jugador que buscabas\nse ha ido a otra parte!
10080071,さあ　%2F勝負だ！,"Venga, ¡a jugar!"
10080071,やくそく,Qué lástima... Trenes como este\nno pasan todos los días.
10080072,$おやおや　%1F逃げるのかい。,"Ey, no te me escapes."
10080072,$もしもし？\nセンパイですか？,"¡Hola, Mark!"
10080072,%s\nが%2F仲間になった！,¡%s se te ha unido!
10080072,4ボクが　%1F今からそれを\n%2F証明してあげよう！,¿Quieres que te lo demuestre?
10080072,@アタマがいいヤツが\nスポーツ%1F界の%2F王者になれるのさ。,Las personas inteligentes son los reyes\ndel deporte. ¿Estás de acuerdo?
10080072,@アタマがいいヤツが\nスポーツ%1F界の%2F王者になれるのさ！,Las personas inteligentes somos los ases\ndel deporte.
10080072,Dその%1F人は　いつも\n%2F正門の%1F近くに\nいるみたいですよ！,¡Siempre está cerca de la entrada\nprincipal del instituto!
10080072,Dその%1F人は　いつも\n%3F焼却炉の%1F近くに\nいるみたいですよ！,¡Siempre se le ve cerca de\nla incineradora!
10080072,Pふふっ　%1F知ってるかい？\nスポーツでいちばん%2F大事なのは\nアタマだって。,"Dicen que en el deporte lo más\nimportante es usar la cabeza.\nJu, ju... ¿Lo sabías?"
10080072,\センパイがスカウトしたい%1F人は\n%1F今までいた%2F場所から\n%2F移動したみたいですね！,¡El jugador que buscabas\nse ha ido a otra parte!
10080072,さあ　いくよ！,"¡Venga, vamos!"
10080073,$えっ　に　%1F逃げちゃうの？,¿Eh? Te... ¿te marchas?
10080073,$もしもし？\nセンパイですか？,"¡Hola, Mark!"
10080073,%s\nが%2F仲間になった！,¡%s se te ha unido!
10080073,",そうこなくっちゃ！\nでは　いくぞ！！","¡Eso es! ¡Venga, vamos!"
10080073,Pこうなったら　オレのことを\n%1F思い%1F出してくれるまで\nつきまとってやる！,¡Voy a ser tu sombra hasta que\nconsigas recordarme!
10080073,Pその%1F人は　いつも\n%3F河川敷のグラウンドの%1F近くに\nいるみたいですよ！,¡Siempre está cerca del campo\nde fútbol del río!
10080073,Tおい　%2F円堂！\nここで%1F会ったが　おまえの%1F運のツキ！\nボクと%2F勝負だ！！,"¡Ey, Mark! La suerte te ha\nabandonado... ¿Estás listo\npara enfrentarte a mí?"
10080073,Xうう…　また%1F負けた。\nえっ　%1F覚えていない？\n%1F昔にも　%2F勝負したのに…。,"Uf, he vuelto a perder. ¿Cómo?...\n¿Que no te acuerdas? Ya jugamos\nhace un tiempo..."
10080073,Xおい　%2F円堂！\nここで%1F会ったが　おまえの%1F運のツキ！\nボクと%2F勝負しな！！,Sigues sin tener suerte. ¿Estás listo\npara enfrentarte a mí de nuevo?
10080073,\その%1F人は　いつも\n%3F商店街のピンクでかわいいお%1F店の%1F近くに\nいるみたいですよ！,¡Siempre está al comienzo de la plaza\nde adoquines del barrio comercial!
10080073,\センパイがスカウトしたい%1F人は\n%1F今までいた%2F場所から\n%2F移動したみたいですね！,¡El jugador que buscabas\nse ha ido a otra parte!
10080074,$もしもし？\nセンパイですか？,"¡Hola, Mark!"
10080074,%s\nが%2F仲間になった！,¡%s se te ha unido!
10080074,0なんだ　ちがうのか…。\nまあ　いいけどな。,"Anda... Bueno, da igual."
10080074,4あれ　%2F円堂？\nこんな%1F所でなにしてんだよ。,¿Eh? ¡Mark!\n¿Qué has venido a hacer por aquí?
10080074,8なんだ　またおまえか\nここに%1F来たってことは…,¿Otra vez por aquí?\nNo será por...
10080074,Dその%1F人は　いつも\n%2F噴水の%1F近くに\nいるみたいですよ！,¡Siempre está cerca de la fuente!
10080074,Dまた　サッカー%1F部に%1F入れとか\n%1F言うんじゃないだろうな？,¿No habrás venido otra vez\ncon la misma cantinela?
10080074,Hその%1F人は　いつも\nサークル%1F棟の%1F近くに\nいるみたいですよ！,¡Siempre está cerca del\nedificio de los clubes!
10080074,Xあいかわらずだなあ。\nじゃあ　オレをたおしてみな。\nそうしたら　%1F入ってやるさ。,"Siempre igual... Bueno, ya sabes\ncómo funciona esto. Gáname y me\nuniré a tu equipo."
10080074,Xちっ　%1F負けちまった。\nまあ　%2F約束だしな…\nサッカー%1F部に%1F入ってやるさ。,"Maldita sea, he perdido...\nMuy bien, entraré en\nel equipo de fútbol."
10080074,\センパイがスカウトしたい%1F人は\n%1F今までいた%2F場所から\n%2F移動したみたいですね！,¡El jugador que buscabas\nse ha ido a otra parte!
10080074,dえっ　オレを%1F待っていたって？\nまた　サッカー%1F部に%1F入れとか\n%1F言うんじゃないだろうな？,¿Eh? ¿Me buscabas? No me\ndigas que vas a pedirme que\nentre en el equipo...
10080074,やくそく,Vuelve cuando te hayas entrenado\nun poco más.
10080075,$もしもし？\nセンパイですか？,"¡Hola, Mark!"
10080075,%s\nが%2F仲間になった！,¡%s se te ha unido!
10080075,",あちょーっ！\nおまえ　%1F強いなっ！",¡Yeeeja! ¡Eres bueno!
10080075,0あちょーっ！\nこの　おくびょうものめっ！,¡Yeeeja! ¡Serás cobardica!
10080075,<あちょーっ！\nおまえ　オレ%1F様に%1F何か%1F用かっ？,¡Yeeeja! ¿Qué quieres de mí?
10080075,Dだったら　オレをたおしてみな。\nそうしたら　%1F入ってやるぜ！,"Para eso tendrás que derrotarme.\nSi lo consigues, me uniré a ti."
10080075,Hあちょーっ！　オレをたおしてみな。\nそうしたら　%1F入ってやるぜ！,"¡Yeeeeja! A ver si esta vez me ganas.\nSi lo consigues, jugaré en tu club, ¿vale?"
10080075,Hオレ%1F様に　サッカー%1F部へ%1F入れと？\nあちょーっ　%2F面白いっ！,¿Que juegue en tu equipo?\n¡Suena divertido!
10080075,Lその%1F人は　いつも\n%2F鉄塔の%3F掲示板の%1F近くに\nいるみたいですよ！,¡Siempre está cerca del tablón\nde anuncios que hay en la torre!
10080075,Lその%1F人は　いつも\n%2F駅前のコンビニの%1F近くに\nいるみたいですよ！,¡Siempre está cerca de la tienda\nde 24 h que hay por la estación!
10080075,\センパイがスカウトしたい%1F人は\n%1F今までいた%2F場所から\n%2F移動したみたいですね！,¡El jugador que buscabas\nse ha ido a otra parte!
10080075,あちょーっ　いくぞっ！,"¡Yeeeja, vamos allá!"
10080075,つよ,"¡Me han entrado ganas de jugar\nen tu equipo! ¡Acéptame, por\nfavor!"
10080076,$%1F逃げるとは…　%1F情けない。,Intenta derrotarme de nuevo si quieres\nque te acompañe en el camino del fútbol.
10080076,$もしもし？\nセンパイですか？,"¡Hola, Mark!"
10080076,%s\nが%2F仲間になった！,¡%s se te ha unido!
10080076,<…%2F円堂か。\nそれがしに　%1F何か%1F用でもあるのか？,"¿Puedo ayudarte en algo, Mark?"
10080076,Dその%1F人は　いつも\n%3F住宅街の%2F公園に\nいるみたいですよ！,¡Siempre está en el parque\nde la zona residencial!
10080076,Hならば　それがしをたおすがいい。\nさすれば　%1F入って%1F進ぜよう。,"Habrás de derrotarme. Consíguelo\ny avanzaré a tu lado, ¿de acuerdo?"
10080076,L…ほう　%2F入部しないかと？\nここまで%1F来るとは　%2F本気と%1F見える。,"Ajá, así que me quieres en tu\nequipo... Se ve que vas en serio,\nmenuda caminata te has pegado..."
10080076,Lその%1F人は　いつも\n%2F鉄塔の%2F小屋の%1F近くに\nいるみたいですよ！,¡Siempre ronda la caseta de\nla torre!
10080076,Tそれがしをたおすがいい。\nさすれば　サッカー%1F部に\n%1F入って%1F進ぜよう。,"Me has abatido, por lo que no\nqueda sino unir fuerzas contigo."
10080076,Xくっ　それがしが%1F敗れるとは…。\n%2F約束だ　サッカー%1F部に\n%1F入ってやろう。,"¡Luchemos por ser los mejores,\ncapitán!"
10080076,\センパイがスカウトしたい%1F人は\n%1F今までいた%2F場所から\n%2F移動したみたいですね！,¡El jugador que buscabas\nse ha ido a otra parte!
10080076,では　まいる！,Mira que huir... Patético.
10080076,やぶ,No hay por qué deprimirse... Es\nsolo que uno es demasiado bueno.
10080077,$もしもし？\nセンパイですか？,"¡Hola, Mark!"
10080077,%s\nが%2F仲間になった！,¡%s se te ha unido!
10080077,",そうか？\nまー　いつでも%1F来るべ。","¿Lo qué?\nBueno, pues ya vendrás cuando\nquieras."
10080077,<うーん　%2F入部してもいいけど\n１つ%2F条件があるな…,"Por mí bien, entraré en tu equipo\nde fútbol, pero con una condición."
10080077,@あんたが　オラより\n%1F強いってこと　%2F証明しておくれよ。,Tendrás que demostrarme que juegas\nmejor que yo. ¿De acuerdo?
10080077,Hその%1F人は　いつも\n%2F鉄塔の%1F池の%1F近くに\nいるみたいですよ！,¡Siempre se le ve cerca del\nestanque de la torre!
10080077,Lおんやー　もしかして\nオラを%2F仲間にしたいっちゅー%1F人は\nあんたか？,Hala... ¿No me digas que eras\ntú el que quería que entrara\nen el club de fútbol?
10080077,Lその%1F人は　いつも\n%2F駅前の%2F本屋の%1F近くに\nいるみたいですよ！,¡Siempre está por la librería\nque hay cerca de la estación!
10080077,Xおっ　また%1F来たか。\nあんたが　オラより\n%1F強いってこと　%2F証明してくれよ。,"Anda, ¿otra vez por aquí?\nDemuéstrame quién de los dos\nes mejor."
10080077,\センパイがスカウトしたい%1F人は\n%1F今までいた%2F場所から\n%2F移動したみたいですね！,¡El jugador que buscabas\nse ha ido a otra parte!
10080077,`はー　やっぱり%1F強いべな。\nオラも　サッカーをやりたくなったぞ\n%2F入部させておくれよ！,"¡Vaya, qué bueno eres! Has\nhecho que me entren ganas de\napuntarme a tu equipo."
10080077,さあっ　バトルだべっ！,¡A jugar!
10080077,つよ,"Buf, cuánto paquete..."
10080078,$もしもし？\nセンパイですか？,¡Siempre está cerca de\nla tienda de maquetas del barrio\ncomercial!
10080078,$ヒヒ…　%1F口ほどでもない…。,"¡Ji, ji! Quieres retarme\na mí también a una pachanga,\n¿verdad?"
10080078,%s\nが%2F仲間になった！,¡%s se te ha unido!
10080078,4ヒヒ…　もちろん　\nオレともバトルするんだろ？,"Mark... Evans... ¡Ji, ji, ji!\nDicen que has jugado contra\ntodo tipo de rivales."
10080078,Dヒヒ…　また%1F来たのか…\nもちろん\nオレとバトルするんだろ？,"Ji, ji... Qué, ¿empezamos?"
10080078,Hその%1F人は\n%3F河川敷グラウンドの%1F近くに\nいるみたいですよ！,¡Está cerca del campo de fútbol\nde la entrada principal!
10080078,Pその%1F人は　いつも\n%3F商店街のプラモ%1F屋の%1F近くに\nいるみたいですよ！,¡Siempre está cerca de la tienda\nde maquetas del barrio comercial!
10080078,Pヒーヒヒ…　まっ　まいった。\nサッカー%1F部に%1F入るから\nゆるしてくれ…！,"Ji, ji... Muy creído te lo tenías."
10080078,\センパイがスカウトしたい%1F人は\n%1F今までいた%2F場所から\n%2F移動したみたいですね！,¡El jugador que buscabas\nse ha ido a otra parte!
10080079,$もしもし？\nセンパイですか？,"¡Hola, Mark!"
10080079,%s\nが%2F仲間になった！,¡%s se te ha unido!
10080079,",にっ　%1F逃げるのか！？　ずるい…。",Interesante...\n¿Vienes a echar otra pachanga?
10080079,8もふっ！\nあんたが　サッカー%1F部の%2F円堂だな！,"Tú eres Mark, del club\nde fútbol, ¿no?"
10080079,8もふーっ！\nオレをたおすとは\nたいしたヤツだな。,A mí también me han entrado\nganas de ponerme a jugar al\nfútbol en serio. ¡Me uno al club!
10080079,Dあんたに%1F会ったら\nサッカーバトルできるらしい\nじゃないか！,¡Dicen que quien te ve se\npone a jugar una pachanga\ncontra tu equipo! ¿Verdad que sí?
10080079,Dその%1F人は\nサッカー%2F部室の%1F近くに\nいるみたいですよ！,¡Está cerca del club de fútbol!
10080079,Dその%1F人は　いつも\n%3F体育館の%1F近くに\nいるみたいですよ！,¡Siempre está cerca del\ngimnasio!
10080079,Hもふっ！\nオレ１%1F回　サッカーバトルを\nやってみたかったのだ！,"Quería jugar una,\n¿te parece bien?"
10080079,Tもふっ！　%2F面白いっ。\nもう１%1F回　サッカーバトルを\nやりに%1F来たのか！？,Me has dejado impresionado.\nNo te creas que es tan sencillo\nganarme...
10080079,\センパイがスカウトしたい%1F人は\n%1F今までいた%2F場所から\n%2F移動したみたいですね！,¡El jugador que buscabas\nse ha ido a otra parte!
10080079,もふっ！　%1F行くぞっ！,¿Te vas? Qué espabilado...
10080080,$それじゃあ　バトル%2F開始だ！,¡Que empiece el duelo!
10080080,$もしもし？\nセンパイですか？,"¡Hola, Mark!"
10080080,%s\nが%2F仲間になった！,¡%s se te ha unido!
10080080,",オレ%1F様と%2F勝負して%1F勝ってみろ！",¡Tienes que ganarme!
10080080,<おまえ　オレ%1F様に%1F負けるのが\nそんなにコワいのか？,¿Tanto miedo te da\nperder contra mí?
10080080,@その%1F人は　いつも\n%1F駅の%1F近くに\nいるみたいですよ！,¡Siempre se le ve cerca\nde la estación!
10080080,Hその%1F人は　いつも\n%2F鉄塔の%2F真下あたりに\nいるみたいですよ！,¡Siempre está delante de la torre!
10080080,Lうーん　まいった！\nやっぱり%2F毎日%2F練習してるヤツは\n%1F違うな！,"Ey, que no es eso..."
10080080,Lオレ%1F様と%2F勝負して%1F勝ったら\nサッカー%1F部に%1F入ってやるぜ！,"Si demuestras ser mejor que yo,\n¡me uniré a tu equipo!"
10080080,T%2F円堂じゃないか。\nおまえ　まだサッカー%2F部員を\n%1F集めて%1F回ってるのか？,¡Mark! ¿Sigues dando vueltas\nbuscando jugadores para tu\nequipo?
10080080,\だったら　このオレ%1F様が\n%1F入ってやってもいいぞ。\nでも…　１つ%2F条件があるな。,"Puede que me apunte a jugar\ncon vosotros, pero... con\nuna condición."
10080080,\センパイがスカウトしたい%1F人は\n%1F今までいた%2F場所から\n%2F移動したみたいですね！,¡El jugador que buscabas\nse ha ido a otra parte!
10080080,ちが,"¡He ganado! ¡Ja, ja!"
10080080,へへっ　いくぜっ！,"¡Je, je! ¡Vamos!"
10080080,まいにち,"¡Vaya! Se nota cuando uno se\nentrena todos los días, ¿eh?"
10080080,れんしゅう,"Odio perder. Entraré en tu equipo,\nme haré mejor y te venceré."
10080081,$もしもし？\nセンパイですか？,"¡Hola, Mark!"
10080081,%s\nが%2F仲間になった！,¡%s se te ha unido!
10080081,8テメぇに　オレをスカウトする\nチャンスをやるぜ！,una oportunidad para que me\nlleves a jugar a tu equipo.\n¿Te parece bien?
10080081,<ま　%1F見つかっちゃしょうがねえ。\nごほうびとして…,"Por haberme encontrado,\nte daré..."
10080081,Hけけけ…\nこんな%1F所にオレがいるなんて\n%1F思いもしなかっただろ？,"¡Ju, ju, ju! No te esperabas\nque estuviera aquí, ¿eh?"
10080081,Hケケケ…　いいぜ\nテメぇに　オレをスカウトする\nチャンスをやるぜ！,"¡Je, je! ¡Allá voy!"
10080081,Lその%1F人は　いつも\n%2F鉄塔のベンチの%1F近くに\nいるみたいですよ！,¡Siempre está por los bancos\ndel parque de la torre!
10080081,Lその%1F人は　いつも\n%3F住宅街の%2F公園の%1F近くに\nいるみたいですよ！,¡Siempre está cerca del parque\nde la zona residencial!
10080081,Tケケケ…　なかなかやるな。\n%2F約束は%1F守るぜ！\nオレをスカウトさせてやろう！,"Lo haces bastante bien.\n¡Venga, tal y como prometí,\ndejaré que me apuntes a tu club!"
10080081,\センパイがスカウトしたい%1F人は\n%1F今までいた%2F場所から\n%2F移動したみたいですね！,¡El jugador que buscabas\nse ha ido a otra parte!
10080081,やくそく,"¡Je, je!...\nEra lógico que esto pasara."
10080081,ケケケッ　いくぜ！,"¡Venga, vamos allá!"
10080081,チッ　%1F消えちまいな！,"Je, je. ¿Quieres que te dé otra\noportunidad para que me lleves a jugar\na tu equipo?"
10080082,$もしもし？\nセンパイですか？,"¡Hola, Mark!"
10080082,%s\nが%2F仲間になった！,¡%s se te ha unido!
10080082,",よしっ　いい%2F返事だ！\nいくぞっ！","¡Esa es la respuesta que\nquería oír! ¡Venga, vamos!"
10080082,0…オレの　\n%1F買いかぶりすぎだったか？,"Me he hecho demasiadas\nilusiones contigo, quizás..."
10080082,4キミの%1F気もちには%1F答えたいが…\nそうだな…,Me gustaría poder ayudarte...
10080082,8まずはオレに%1F勝ってからだ！\nさあ　やるか！？,"¡si consigues ganarme!\nQué, ¿jugamos?"
10080082,Lその%1F人は　いつも\n%3F商店街のコンビニの%1F前に\nいるみたいですよ！,¡Siempre está cerca de la tienda\nde 24 h que hay por la zona\ncomercial!
10080082,Tさすがはサッカー%1F部キャプテンだ。\nキミの%1F力を　もっと%1F知りたいな…。,Se nota que eres el capitán del\nequipo de fútbol. Quiero saber\nmás de esas habilidades tuyas...
10080082,Tその%1F人は　いつも\n%3F河川敷グラウンドの%1F橋の%1F下に\nいるみたいですよ！,¡Siempre está debajo del puente\nque hay cerca del campo del río!
10080082,Tふふっ　また%1F来たな！\nオレに%1F勝ったら\nサッカー%1F部に%2F入部してやろう！,"¡Ju, ju! ¿Otra vez por aquí?\n¡Si me derrotas, jugaré\nen tu equipo! ¿De acuerdo?"
10080082,Xふーむ　キミのその%1F顔…\nボクをスカウトしたくて\nしょうがないって%1F感じだね。,Umm... Tienes cara de que te\nmueres por meterme en tu equipo.
10080082,\センパイがスカウトしたい%1F人は\n%1F今までいた%2F場所から\n%2F移動したみたいですね！,¡El jugador que buscabas\nse ha ido a otra parte!
10080082,ちから,"Bien, me apuntaré a tu equipo,\npero... ¡tendrás que tratarme bien!"
10080083,$もしもし？\nセンパイですか？,"¡Hola, Mark!"
10080083,%s\nが%2F仲間になった！,¡%s se te ha unido!
10080083,",くっ　くっそー！　%1F負けちまった…。",¡Maldita sea!\n¿Cómo he podido perder?
10080083,<げげっ　%2F円堂！\nおまえ　%1F何しに%1F来たんだよ！,"¡Eh, Mark! Vaya, ¿qué\nhaces por aquí?"
10080083,Dその%1F人は　いつも\n%2F鉄塔の%1F近くに\nいるみたいですよ！,¡Siempre se le ve por la zona\nde la torre!
10080083,H…まさか　\nオレを%2F入部させたいとか\n%1F言うんじゃないだろうな。,¿No habrás venido a decirme que\nquieres que juegue en tu equipo?...
10080083,Hやっぱりそうか！\nそういうことは\nオレをたおしてから%1F言いな！,"Ya veo... ¡Pues nada, primero\nvas a tener que ganarme!"
10080083,Hオレを%2F入部させたいのなら\nサッカーバトルでオレに%1F勝ってみな！,"¡Si quieres reclutarme, tendrás\nque ganarme! ¿Jugamos?"
10080083,Lその%1F人は　いつも\n%2F駅前の%2F本屋の%1F近くに\nいるみたいですよ！,¡Siempre está por la librería\nque hay cerca de la estación!
10080083,\センパイがスカウトしたい%1F人は\n%1F今までいた%2F場所から\n%2F移動したみたいですね！,¡El jugador que buscabas\nse ha ido a otra parte!
10080083,よしっ　サッカーバトルだ！,¿Eh?... Menos mal.
10080084,$もしもし？\nセンパイですか？,"¡Hola, Mark!"
10080084,%1F逃げるのかい？,"¡Venga, que voy!\nNo sabes la que te espera..."
10080084,%s\nが%2F仲間になった！,¡%s se te ha unido!
10080084,@よしっ　ごほうびに\nこのボクが　%2F相手をしてあげるよ。,"En agradecimiento, jugaré contigo."
10080084,Dその%1F人は　いつも\n%3F住宅街の%2F公園に\nいるみたいですよ！,¡Siempre está en el parque\nde la zona residencial!
10080084,Hふーむ\nこのボクを%1F見つけるとは\n%1F運がいいヤツだな　キミは。,"Ju, ju, ju... Qué suertudo.\n¡Has conseguido encontrarme!..."
10080084,Hキミがボクに%1F勝ったら\n%1F何でも%1F言うことを%1F聞いてあげるよ。,¿Te piras?
10080084,Lその%1F人は　いつも\n%2F鉄塔のベンチの%1F近くに\nいるみたいですよ！,¡Siempre está por los bancos\ndel parque de la torre!
10080084,\センパイがスカウトしたい%1F人は\n%1F今までいた%2F場所から\n%2F移動したみたいですね！,¡El jugador que buscabas\nse ha ido a otra parte!
10080084,dふーむ　なかなかやるな。\nそれじゃあ　%2F約束だ。\n%1F何でも%1F言うことを%1F聞いてあげるよ。,"Venga, ¡a jugar!"
10080084,h%1F万が%1F一　キミが%1F勝ったら\nなんでも%1F言うことを%1F聞いてあげるよ。\nさあ　%2F勝負するかい？,"Si ganas, haré lo que me pidas.\nQué, ¿jugamos?"
10080084,さあ　%2F勝負だ！,"Si me ganas, aceptaré cualquier\nfavor que me pidas, ¿vale?"
10080084,なん,"¿Quieres que juegue contigo?\n¿Estás seguro? Vale, me\napuntaré a tu equipo."
10080084,やくそく,"Venga, te haré caso...\nTe lo has ganado. Juegas muy bien."
10080085,$もしもし？\nセンパイですか？,"¡Hola, Mark!"
10080085,%s\nが%2F仲間になった！,¡%s se te ha unido!
10080085,4えーっ　\nせっかくヤル%1F気になってたのに…。,¿Eh? Ahora que me había planteado\nen serio lo de jugar...
10080085,8もちろん　タダでとは%1F言わないぜ。\nそうだな…,"Tranquilo, que puedes salir\nbeneficiado de ella."
10080085,<その%1F人は　いつも\n%3F河川敷に　いるみたいですよ！,¡Siempre está por\nla zona del río!
10080085,Pその%1F人は　いつも\n%3F商店街の%1F本%1F屋の%1F近くに\nいるみたいですよ！,¡Siempre está por la librería\nque hay en el barrio comercial!
10080085,Pオレに%1F勝てたら　サッカー%1F部に\n%1F入ってやるさ。\nさあ　どうだ！？,"Si me ganas, me apuntaré al\nclub de fútbol. ¿Hace?"
10080085,Xよう　%2F円堂！\nサッカーバトルをやらないか？\n%2F最近　%1F体がなまってきてさ。,"¿Qué tal, Mark? ¿Echamos una\npachanga? Se me está atrofiando\nel cuerpo..."
10080085,\センパイがスカウトしたい%1F人は\n%1F今までいた%2F場所から\n%2F移動したみたいですね！,¡El jugador que buscabas\nse ha ido a otra parte!
10080085,はい,"Puf, esto no ha servido ni\nde calentamiento."
10080085,やくそく,Una promesa es una promesa.\n¡Me apunto a tu equipo!\n¡Ahora eres mi capitán!
10080085,よっし　%2F勝負だ！,¡Vamos a jugar!
10080086,$もしもし？\nセンパイですか？,"¡Hola, Mark!"
10080086,%s\nが%2F仲間になった！,¡%s se te ha unido!
10080086,0%1F早くすませてよね…\nじゃあ　いくよ！,"Acaba rápido... Venga, ¡vamos!"
10080086,0ふわぁ〜\n%1F用がないなら　%1F帰ってよ。,"Uaaah... Si no quieres nada, largo."
10080086,0ふわぁ〜　まだやるの？\nめんどくさいな〜。,Uaah... ¿Sigues queriendo\njugar? Qué pereza...
10080086,8このオレと%2F勝負して%1F勝ったらね。\nどう　やる？,Tendrías que ganarme en un\npartidete... ¿Qué dices?
10080086,8ふわぁ〜　ねむい。\nえっ　%2F入部しないかって？,Uaaah... Qué sueño...\n¿Eh? ¿Que si quiero\njugar en tu equipo?
10080086,<ふわぁ〜　%1F負けちゃったか…。\nしかたないなぁ…。,"Uaaah, he perdido... Lástima..."
10080086,Dう〜ん…。\nまあ　ヒマだし…　%1F入ってもいいよ。\nただし…,"Bueno, tengo tiempo...\nEstá bien, pero..."
10080086,Dええ〜っ　%2F冗談だったのに…。\nしかたないな〜　いくよっ！,"¿Eh? Pero si iba de broma...\nEn fin, por hablar... ¡Que voy!"
10080086,Lその%1F人は　いつも\n%3F商店街のコンビニの%1F前に\nいるみたいですよ！,¡Siempre está por la tienda de\n24 h del barrio comercial!
10080086,Xその%1F人は　いつも\n%3F河川敷グラウンドのベンチの%1F近くに\nいるみたいですよ！,¡Siempre está cerca de los bancos\nque hay en el campo de fútbol\ndel río!
10080086,\センパイがスカウトしたい%1F人は\n%1F今までいた%2F場所から\n%2F移動したみたいですね！,¡El jugador que buscabas\nse ha ido a otra parte!
10080087,$もしもし？\nセンパイですか？,"¡Hola, Mark!"
10080087,%s\nが%2F仲間になった！,¡%s se te ha unido!
10080087,",おっ　\nリベンジをしに%1F来たのだな！",¡Oh! ¿Has venido a vengarte?
10080087,8よしやろう！　%1F今やろう！\n%1F今すぐやろう！！,¡Vamos a jugar! ¡Ahora!\n¡No me hagas esperar más!
10080087,<その%1F人は　いつも\n%3F河川敷に　いるみたいですよ！,¡Siempre está por\nla zona del río!
10080087,@ははっ　%1F強いな！\nさすが　サッカー%1F部のキャプテンだ。,"¡Ja, ja! Me gusta cómo juegas.\nNo esperaba menos del capitán\ndel equipo de fútbol."
10080087,@むむっ！\nオレを　さがし%1F出すとは\nたいしたヤツだっ！,Hmm... Así que has estado\nbuscándome... Lo tuyo tiene mérito.
10080087,Hあんたに%1F会ったら\nサッカーバトルが\nできるらしいじゃないか！,¡Dicen que quien te ve se\npone a jugar una pachanga\ncontra tu equipo! ¿Verdad que sí?
10080087,Tその%1F人は　いつも\n%3F商店街のゲームショップの%1F近くに\nいるみたいですよ！,¡Siempre se le ve por\nla tienda de videojuegos\ndel barrio comercial!
10080087,\センパイがスカウトしたい%1F人は\n%1F今までいた%2F場所から\n%2F移動したみたいですね！,¡El jugador que buscabas\nse ha ido a otra parte!
10080087,つよ,"Tal y como prometí, me meto en\ntu equipo. ¡Será divertido!"
10080087,なんだ　やらないのか？,¿Qué pasa? ¿Te rajas?
10080087,よしっ　バトルだ！！,"¡Venga, a jugar!"
10080088,$もしもし？\nセンパイですか？,"¡Hola, Mark!"
10080088,%s\nが%2F仲間になった！,¡%s se te ha unido!
10080088,0まっ　まいった…！\nスゴイぜ　あんた…。,"Jugaré con vosotros,\ntal y como acordamos."
10080088,@なんだあ　おまえは\nこのオレ%1F様に　%1F何か%1F用かよ？,¿Quién eres y qué\nquieres de mí?
10080088,Lああ？　サッカー%1F部に%1F入れって？\nじょうだんは%1F顔だけにしろよ。,"¿Eh? ¿Que entre en el equipo?\nNo me vengas con bromas, anda."
10080088,Lしつこいぜ！\n%1F口で%1F言ってもわからないなら…\nサッカーバトルだ！,¡Qué plomo! Si no lo entiendes\ncon palabras... ¡te lo haré\nentender con goles!
10080088,Lその%1F人は　いつも\n%3F商店街のコンビニの%1F前に\nいるみたいですよ！,¡Siempre está delante de\nla tienda de 24 h que hay\nen el barrio comercial!
10080088,Pその%1F人は　いつも\n%3F河川敷グラウンドの%2F海岸に\nいるみたいですよ！,"¡Siempre está en la orilla del\nrío, cerca del campo de fútbol!"
10080088,\センパイがスカウトしたい%1F人は\n%1F今までいた%2F場所から\n%2F移動したみたいですね！,¡El jugador que buscabas\nse ha ido a otra parte!
10080088,かくごしなっ！,¡Reza lo que sepas!
10080088,さっさと%1F消えなっ！,"¡Ostras, qué pasada!...\nJuegas muy bien."
10080089,$もしもし？\nセンパイですか？,"¡Hola, Mark!"
10080089,%s\nが%2F仲間になった！,¡%s se te ha unido!
10080089,4よしっ　そうと%1F決まれば\n%1F今すぐやろうっ！,Pues ya está claro...\n¿Jugamos o qué?
10080089,8サッカーバトルをすれば\n%1F少しはヤセられるかな？,¿Crees que si jugamos una pachanga\nperderé peso?
10080089,<なんだ　ちがうのか…。\nダイエットのジャマしないでよ。,"Anda... Bueno, no interfieras\nen mi dieta."
10080089,<ふー　ふー　\nダイエットのために%2F運動してるんだ。,"Uf, uf... Estoy haciendo deporte\npara intentar adelgazar."
10080089,Dこんだけ%2F運動すれば　ヤセるね！\nヤセるよ！　ヤセますよ！,"Si hago todo ese deporte,\ndebería adelgazar. ¡Voy a perder\npeso! ¡Lo prometo!"
10080089,Dそうだ！\nサッカーバトルをすれば\n%1F少しはヤセられるかな？,"¡Ya sé! Si jugamos una pachanga,\na lo mejor puedo perder un poco\nde peso..."
10080089,Dその%1F人は　いつも\n%3F河川敷の%2F船場に\nいるみたいですよ！,¡Siempre está cerca del\nmuelle del río!
10080089,\その%1F人は　いつも\n%3F商店街の%1F大きいスポーツショップ%1F前に\nいるみたいですよ！,¡Siempre está delante de\nla tienda de deportes grande\nque hay en el barrio comercial!
10080089,\センパイがスカウトしたい%1F人は\n%1F今までいた%2F場所から\n%2F移動したみたいですね！,¡El jugador que buscabas\nse ha ido a otra parte!
10080089,うんどう,¡Voy a ponerme a dieta a partir\nde hoy con tu ayuda!
10080089,よーし！　ヤセるぞっ！,¡Bien! ¡Podré adelgazar!
10080090,$もしもし？\nセンパイですか？,"¡Hola, Mark!"
10080090,%s\nが%2F仲間になった！,¡%s se te ha unido!
10080090,",だったら　それを%1F教えてもらおうか。",Soy todo oídos.
10080090,",ふむ…\nこのボクに　%1F何か%1F用かい？",¿Qué pasa contigo?\n¿Quieres algo?
10080090,@まあ…　%1F何かメリットがあるなら\n%1F考えてもいいがね。,"¿Y qué gano yo con eso?\nSi vale la pena, igual me lo pienso."
10080090,@メリットも%1F無いのに\nボクが%1F入ると%1F思ったのかね？,"Encima de que no saco nada\ncon eso, ¿quieres que me una\na tu equipo?"
10080090,Dふむ　なるほど…\nサッカーも　なかなか\n%2F面白いものだな。,Esto del fútbol no está nada mal.
10080090,Lふむ…　\nサッカーをしたら　このボクに\n%1F何かメリットはあるのかい？,¿Me vas a demostrar qué gano\nyo si juego al fútbol?
10080090,Pその%1F人は　いつも\n%3F商店街の%3F青果店の%1F近くに\nいるみたいですよ！,¡Siempre está cerca de la\nfrutería del barrio comercial!
10080090,Pその%1F人は　いつも\n%3F河川敷グラウンドの%2F海岸に\nいるみたいですよ！,"¡Siempre está en la orilla del\nrío, cerca del campo de fútbol!"
10080090,T…なに？　サッカー%1F部へ%1F入れと？\nボクが　そんなにヒマに%1F見えるかね？,"¿Cómo? ¿Jugar al fútbol, dices?\nPero ¿tan aburrido me ves?"
10080090,\センパイがスカウトしたい%1F人は\n%1F今までいた%2F場所から\n%2F移動したみたいですね！,¡El jugador que buscabas\nse ha ido a otra parte!
10080090,おもしろ,"Venga, entraré en el equipo.\nSus cosas buenas ha de tener."
10080091,$もしもし？\nセンパイですか？,"¡Hola, Mark!"
10080091,%s\nが%2F仲間になった！,¡%s se te ha unido!
10080091,4およっ　おかしいなー\n%1F負けちゃったぞ…。,Qué raro... He perdido.
10080091,@およっ　%2F円堂じゃないか！\nこんな%1F所で%1F何してるの？,"¿Qué haces por aquí, Mark?"
10080091,Lそうだ　バトルしようよ！\nオレに%1F勝てたら\n%2F入部してあげるからさ！,"¡Ya lo tengo! Vamos a jugar\nuna pachanga, y si me ganas\nme uniré a tu equipo."
10080091,Lその%1F人は　いつも\n%2F鉄塔の%2F小屋の%1F近くに\nいるみたいですよ！,¡Siempre ronda la caseta de\nla torre!
10080091,T…オレをサッカー%1F部へさそいに%1F来た？\nうーん　うーん\nどうしよっかなー。,¿Has venido a invitarme a jugar\ncontigo? Pues... Hmm... No sé\nmuy bien qué hacer.
10080091,Tおよっ　リベンジに%1F来たんだな！\nオレに%1F勝てたら\n%2F入部してあげるよ！,"Has venido a tomarte la revancha,\n¿eh? Si me ganas, me paso a tu\nequipo."
10080091,Tその%1F人は　いつも\n%2F円堂センパイのお%1F家の%1F近くに\nいるみたいですよ！,"¡Siempre está cerca de tu\ncasa, Mark!"
10080091,\センパイがスカウトしたい%1F人は\n%1F今までいた%2F場所から\n%2F移動したみたいですね！,¡El jugador que buscabas\nse ha ido a otra parte!
10080091,およっ　あきらめるの？,¿Te rindes?
10080091,それじゃあ　いっくぞー！,"¡Venga, vamos!"
10080092,$もしもし？\nセンパイですか？,"¡Hola, Mark!"
10080092,%s\nが%2F仲間になった！,¡%s se te ha unido!
10080092,",おっ　\nまた%1F力だめしに%1F来たのか？",Oh... ¿Has vuelto para echarme\nun nuevo pulso?
10080092,0なんだよ\nじゃあ　%1F何しに%1F来たんだ…。,"¿Eh? Entonces, ¿a qué has venido?"
10080092,<へへっ　たおされちまった。\nオレも　まだまだだな…。,"Je, je... He perdido.\nAún tengo que mejorar mucho..."
10080092,Dあんた　サッカー%1F部に%1F入るヤツを\nさがしてるんだってな。,He oído por ahí que estás\nbuscando jugadores para tu equipo.
10080092,Lオレは　けっこう%1F強いぜ。\n１%1F回　%1F力だめしをしたかったんだ！,Que sepas que soy bastante bueno.\n¿Quieres que midamos nuestras fuerzas?
10080092,Pあっ　あんた%2F円堂だろ？\nいつか%1F来るんじゃないかって\n%1F思ってたぜ。,"Eres Mark, ¿no? Ya sabía yo que\nacabarías viniendo por aquí."
10080092,Pその%1F人は　いつも\n%3F商店街のプラモ%1F屋の%1F近くに\nいるみたいですよ！,¡Siempre está cerca de la tienda\nde maquetas del barrio comercial!
10080092,Tその%1F人は　いつも\n%3F河川敷グラウンドの%1F橋の%1F下に\nいるみたいですよ！,¡Siempre está debajo del puente\nque hay cerca del campo del río!
10080092,\センパイがスカウトしたい%1F人は\n%1F今までいた%2F場所から\n%2F移動したみたいですね！,¡El jugador que buscabas\nse ha ido a otra parte!
10080092,よしっ　バトルだ！,¡Vamos a echar una pachanga!
10080093,$もしもし？\nセンパイですか？,"¡Hola, Mark!"
10080093,%s\nが%2F仲間になった！,¡%s se te ha unido!
10080093,8…ならば　オレと%2F勝負して\nオレをたおしてみな！,¡Vas a tener que jugar contra\nmí y derrotarme!
10080093,D%1F言わなくてもわかる…　おまえ…\nオレを%2F仲間にしたいのか？,¿Quieres meterme en tu equipo?\nNo hace falta ni que me lo digas.
10080093,Dその%1F人は　いつも\n%3F河川敷の%2F道路に\nいるみたいですよ！,¡Siempre está en la carretera\nque hay cerca del río!
10080093,L…また%1F来たのか。\n…ならば　オレと%2F勝負して\nオレをたおしてみな！,"¿Otra vez tú? Pues venga, juega\ncontra mí... ¡a ver si me ganas!"
10080093,Pその%1F人は　いつも\n%3F商店街のカメラ%1F屋の%1F前に\nいるみたいですよ！,¡Siempre está delante de\nla tienda de cámaras del\nbarrio comercial!
10080093,Xふっ…　みごとだ。\nでは　オレをスカウトさせてやろう。\nよろしくな…　キャプテン。,"Buf, ha sido espectacular. En\nfin, te dejo que me apuntes en\nel equipo, capitán."
10080093,\センパイがスカウトしたい%1F人は\n%1F今までいた%2F場所から\n%2F移動したみたいですね！,¡El jugador que buscabas\nse ha ido a otra parte!
10080093,…いくぜ！！,¡Allá voy!...
10080093,…そうか　%2F残念だ。,Ah... Pues qué pena.
10080094,$えー…　%1F試してくださいよ。,"¿Eh? Vamos, prueba conmigo."
10080094,$もしもし？\nセンパイですか？,"¡Hola, Mark!"
10080094,%s\nが%2F仲間になった！,¡%s se te ha unido!
10080094,8だったら　ボクを\nメンバーに%1F入れてみません？,"Si tan mal lo tienes, ¿por qué\nno me aceptas en tu equipo?"
10080094,<その%1F人は　いつも\n%3F河川敷に　いるみたいですよ！,¡Siempre está por\nla zona del río!
10080094,Hこんにちは！\nサッカー%1F部のメンバーを\n%1F集めているんですか？,"¡Buenas, Mark! Estás buscando\njugadores para tu equipo,\n¿verdad?"
10080094,Pこう%1F見えてサッカー%2F上手なんです。\nなんだったら　%1F試してみます？,"¡Aunque no lo parezca,\nsoy bueno jugando al fútbol!\n¿Quieres hacer la prueba?"
10080094,Tその%1F人は　いつも\n%3F商店街のゲームショップの%1F近くに\nいるみたいですよ！,¡Siempre se le ve por\nla tienda de videojuegos\ndel barrio comercial!
10080094,Xあっ　また%1F来たんですね。\nボクのサッカーの%2F上手さ\nまた　%1F試してみます？,"Otra vez aquí, ¿eh? ¿Estás listo\npara comprobar lo bueno que soy?"
10080094,\センパイがスカウトしたい%1F人は\n%1F今までいた%2F場所から\n%2F移動したみたいですね！,¡El jugador que buscabas\nse ha ido a otra parte!
10080094,hはー　%1F負けちゃいました。\nでも　けっこう%2F上手でしょう？\nボクが　%1F力になってあげますよ。,"¡Guau, he perdido!...\nPero no soy nada malo, ¿verdad?\nSeguro que os soy útil."
10080094,じょうず,¿Qué pasa? Nosotros\ntambién sabemos jugar.
10080094,ＯＫ！　いきますよ！,¡Vale! ¡Allá voy!
10080095,$もしもし？\nセンパイですか？,"¡Hola, Mark!"
10080095,$ヘッ　%2F後悔しても%1F遅いぜ！,"¡Je, je!\n¡Es tarde para arrepentirse!"
10080095,%s\nが%2F仲間になった！,¡%s se te ha unido!
10080095,<その%1F人は　いつも\n%3F河川敷に　いるみたいですよ！,¡Siempre está por\nla zona del río!
10080095,<どうしもって%1F言うなら…\nオレとバトルしてみるかい？,Si tanto te empeñas...\n¿Quieres jugar contra mí?
10080095,Pその%1F人は　いつも\n%3F商店街のカメラ%1F屋の%1F前に\nいるみたいですよ！,¡Siempre está delante de\nla tienda de cámaras del\nbarrio comercial!
10080095,Pヘヘッ　オレは%2F体力には\n%2F自信があるんだ。\nゼッタイに%1F負けないぜ。,"Je, apuesto a que no aguantáis\ntan bien un partido como yo.\n¿Estáis preparados?"
10080095,Xアーん？　なんだぁ。\nオレにサッカー%1F部に%1F入れだって？\nヘッ　お%1F断りだぜ。,"¿Qué dices tú? ¿Que juegue\nen el equipo de fútbol? Juas,\nqué más quisieras."
10080095,\センパイがスカウトしたい%1F人は\n%1F今までいた%2F場所から\n%2F移動したみたいですね！,¡El jugador que buscabas\nse ha ido a otra parte!
10080095,`オレをたおしたら\nサッカー%1F部に%1F入ってやるぜ。\n%2F体力なら　ダレにも%1F負けないぜ！,"¡Je, je! ¡Patanes!"
10090001,$さあ　%1F教えてもらおうか！,"Umm... De modo que lo que consigo\ncon el fútbol es pasar un buen\nrato... ¡Jugaré más, pues!"
10090001,$もしもし？\nセンパイですか？,"¡Hola, Mark!"
10090001,%s\nが%2F仲間になった！,¡%s se te ha unido!
10090001,",ならば　それを%1F教えてもらおうか！","¡Venga, dímelo!"
10090001,<では　%1F用はないな。\n%1F今すぐ　どっかへ%1F行きな！,"Si no quieres nada, deja\nde perder el tiempo conmigo."
10090001,<んっ？　なんだおまえは…。\nオレに%1F何か%1F用なのか？,¿Eh? ¿Qué has venido\na hacer aquí?
10090001,Tその%1F人は　いつも\n%3F西校舎の%1F入り%1F口の%1F近くに\nいるみたいですよ！,¡Siempre está cerca de la entrada\ndel edificio oeste!
10090001,\オレが　サッカー%1F部に%1F入ったら\nメリットがあるってことを\n%1F教えてくれるんだろ？,¿Me vas a decir las ventajas que\ntengo si ingreso en tu equipo?
10090001,\センパイがスカウトしたい%1F人は\n%1F今までいた%2F場所から\n%2F移動したみたいですね！,¡El jugador que buscabas\nse ha ido a otra parte!
10090001,h…オレにサッカー%1F部へ%1F入れと？\nふむ　%1F入ってやってもいいが\nオレに　メリットはあるのか？,"¿Que entre en el equipo de\nfútbol? Por mí bien, pero\n¿sacaría algo con eso?"
10090002,$もしもし？\nセンパイですか？,"¡Hola, Mark!"
10090002,%s\nが%2F仲間になった！,¡%s se te ha unido!
10090002,4まずは　おまえの%2F実力を\nためさせてくれ！,¡muéstrame todo lo que sabes hacer!
10090002,4オス！　%2F円堂！\nオレに%1F何か%1F用なのか？,"¡Buenas, Mark! ¿Qué te trae\npor aquí?"
10090002,Dその%1F人は　いつも\n%2F正門の%1F近くに\nいるみたいですよ！,¡Siempre está cerca de la entrada\nprincipal del instituto!
10090002,P…サッカー%1F部に%1F入れって？\nそうだな…\nオレに%1F入ってほしいのなら…,"¿Quieres que juegue contigo?\nVale, pues en ese caso..."
10090002,Pオレに%1F入ってほしいのなら\nまずは　おまえの%2F実力を\nためさせてくれ！,¿Es que no quieres que\njuegue contigo?
10090002,\センパイがスカウトしたい%1F人は\n%1F今までいた%2F場所から\n%2F移動したみたいですね！,¡El jugador que buscabas\nse ha ido a otra parte!
10090002,それでは　いくぞ！,"¡Venga, vamos allá!"
10090003,$それじゃあ　%1F始めようぜ。,"Olvídate de mí, anda."
10090003,$もしもし？\nセンパイですか？,"¡Hola, Mark!"
10090003,%s\nが%2F仲間になった！,¡%s se te ha unido!
10090003,",じゃあ　オレのことは%1F忘れてくれ。",¡El fútbol es muy divertido!\nQuién me iba a decir que lo\nfuese tanto...
10090003,4おう　%2F円堂！\nオレに%1F何か%1F用なのか？,"¡Hola, Mark! ¿Qué te cuentas?"
10090003,Pその%1F人は　いつも\n%3F本校舎の%1F入り%1F口あたりに\nいるみたいですよ！,¡Siempre está cerca de la entrada\ndel edificio principal!
10090003,\センパイがスカウトしたい%1F人は\n%1F今までいた%2F場所から\n%2F移動したみたいですね！,¡El jugador que buscabas\nse ha ido a otra parte!
10090003,`だったら　そのサッカーを\n%1F少しやらせてくれよ。\n%2F面白かったら　%1F入ってもいいぜ。,"Vamos a jugar un poco. Si me\nparece divertido esto del\nfútbol, me apunto a tu equipo."
10090003,l…なに？　サッカー%1F部に%1F入れだって？\nおいおい…　いきなりすぎだろ。\nまあ　おまえらしいけどな。,"¿Eh? ¿Que si juego al fútbol?\n¿Y me lo preguntas así, de buenas\na primeras? Típico de ti..."
10090003,lオレに%1F入ってほしいなら\nサッカーを　%1F少しやらせてくれよ。\n%2F面白かったら　%1F入ってもいいぜ。,"Anda, de modo que\nel fútbol es así...\nNo tiene nada de divertido."
10090004,$もしもし？\nセンパイですか？,"¡Hola, Mark!"
10090004,%s\nが%2F仲間になった！,¡%s se te ha unido!
10090004,0またおまえかよ。\nいい%2F加減あきらめな！,Bien.\nPues... empecemos.
10090004,4んっ？　なんだおまえ？\nオレに%1F何か%1F用か？,¿Qué mosca te ha picado?\n¿Quieres algo?
10090004,Lその%1F人は　いつも\n%1F渡り%2F廊下の%1F下あたりに\nいるみたいですよ！,¡Siempre está junto al pasaje!
10090004,Pだったら　オレをたおしてみなよ。\nそうしたら　%1F入ってやってもいいぜ。,Enséñame lo que vales.\nGáname y me uniré a tu equipo.
10090004,\センパイがスカウトしたい%1F人は\n%1F今までいた%2F場所から\n%2F移動したみたいですね！,¡El jugador que buscabas\nse ha ido a otra parte!
10090004,d…なに？　サッカーしないかって？\nそうか…　おまえがサッカー%1F部の\n%2F熱血キャプテンだな。,"¿Eh? ¿Que si juego contigo? Ah,\ntú eres el capitán del club de\nfútbol. Lo llevas en la sangre..."
10090005,$もしもし？\nセンパイですか？,"¡Hola, Mark!"
10090005,%s\nが%2F仲間になった！,¡%s se te ha unido!
10090005,4まずは　おまえの%2F実力を\nためさせてくれ！,¡enséñame qué tal se te\nda jugar al fútbol!
10090005,4オス！　%2F円堂！\nオレに%1F何か%1F用なのか？,"¡Buenas, Mark! ¿Qué te trae\npor aquí?"
10090005,Hその%1F人は\n%3F正門前グラウンドの%1F近くに\nいるみたいですよ！,¡Está cerca del campo de fútbol\nde la entrada principal!
10090005,Pオレに%1F入ってほしいのなら\nまずは　おまえの%2F実力を\nためさせてくれ！,¿Es que no quieres que\njuegue contigo?
10090005,T…サッカー%1F部に%1F入れって？\nそうだな…\nオレに%1F入ってほしいのだったら…,¿Que juegue en el club de fútbol?\nAjá... Pues si quieres que me\napunte a tu equipo...
10090005,\センパイがスカウトしたい%1F人は\n%1F今までいた%2F場所から\n%2F移動したみたいですね！,¡El jugador que buscabas\nse ha ido a otra parte!
10090005,それでは　いくぞ！,"¡Venga, vamos allá!"
10090006,$もしもし？\nセンパイですか？,"¡Hola, Mark!"
10090006,%s\nが%2F仲間になった！,¡%s se te ha unido!
10090006,0またおまえかよ。\nいい%2F加減あきらめな！,Enséñame lo que vales.\nGáname y me uniré a tu equipo.
10090006,Pだったら　オレをたおしてみなよ。\nそうしたら　%1F入ってやってもいいぜ。,"¿Eh? ¿Que si juego contigo? Ah,\ntú eres el capitán del club de\nfútbol. Lo llevas en la sangre..."
10090006,\センパイがスカウトしたい%1F人は\n%1F今までいた%2F場所から\n%2F移動したみたいですね！,¡El jugador que buscabas\nse ha ido a otra parte!
10090006,`その%1F人は　いつも\nサッカーグラウンド%1F右%1F上の%2F花壇の%1F近くに\nいるみたいですよ！,¡Siempre está cerca de los\nmaceteros que hay al este\ndel campo de fútbol!
10090006,d…なに？　サッカーしないかって？\nそうか…　おまえがサッカー%1F部の\n%2F熱血キャプテンだな。,¿Qué mosca te ha picado?\n¿Quieres algo?
10090007,$もしもし？\nセンパイですか？,"¡Hola, Mark!"
10090007,%s\nが%2F仲間になった！,¡%s se te ha unido!
10090007,<その%1F人は\n%2F正門の%1F近くに\nいるみたいですよ！,¡Está cerca de la entrada\nprincipal!
10090007,Dまたですか？\n%2F何度やっても%1F変わらないと%1F思いますよ。,"¿Otra vez? Por mucho que juegues,\nvas a seguir perdiendo. ¿Quieres\nenfrentarte a mí de todas formas?"
10090007,Xえっ？\nサッカー%1F部に%1F入れですか？\nいきなり%1F言われても　%1F困りますよ…。,"¿Eh? ¿Que entre en el equipo?\nEs que así, de golpe y porrazo...\nNecesito tiempo para pensarlo."
10090007,Xでも…　センパイのたのみなので\nやってみて%2F面白かったら\n%1F入ってもいいですよ。,"Bueno, ya que eres tú quien me\nlo pide... Probaré a jugar y si\nme gusta me uniré al equipo, ¿vale?"
10090007,\センパイがスカウトしたい%1F人は\n%1F今までいた%2F場所から\n%2F移動したみたいですね！,¡El jugador que buscabas\nse ha ido a otra parte!
10090007,xサッカーって%2F面白いんですね。\n%2F約束ですから　%1F入らせてもらいますよ。\nこれから　よろしくおねがいしますね。,"El fútbol es divertido... Vale,\njugaré en tu equipo como prometí.\nNo os fallaré."
10090007,おもしろ,"El fútbol apenas es divertido.\nTe lo dije, si no me gustaba no\nentraría en tu equipo..."
10090008,$もしもし？\nセンパイですか？,¡El jugador que buscabas\nse ha ido a otra parte!
10090008,%s\nが%2F仲間になった！,¡%s se te ha unido!
10090008,",なんだ？\nもう１%1F度%2F勝負するのか？","¿Qué mosca te ha picado? Bueno,\nya que insistes, jugaré contigo,\n¿vale?"
10090008,8おまえ…！\nいつもサッカー　サッカー\nうるせえぞ！,"¡Ya vale de dar la murga\ncon el fútbol! Que si fútbol\nesto, que si fútbol lo otro..."
10090008,D%2F勝負しろ！\nおまえが%1F勝ったら\nオレもサッカーしてやるよ！,"¡Vamos a jugar! Si me ganas,\nme uniré a vuestro equipo."
10090008,Lその%1F人は\n%3F西校舎の%1F入り%1F口の%1F近くに\nいるみたいですよ！,¡Está cerca de la entrada\ndel edificio oeste!
10090008,Xこれがサッカーか。\nなかなか　やりがいがあるな。\nオレも%2F仲間に%1F入れてくれよ。,Así que el fútbol es así...\nEs un deporte que vale la pena\njugar. Acéptame como compañero.
10090008,\センパイがスカウトしたい%1F人は\n%1F今までいた%2F場所から\n%2F移動したみたいですね！,"¡Hola, Mark!"
10090008,なかま,Conque así es el fútbol...\nPues vaya.\nDudo que quiera volver a jugar.
10090009,$もしもし？\nセンパイですか？,"¡Hola, Mark!"
10090009,%s\nが%2F仲間になった！,¡%s se te ha unido!
10090009,Dまたですか？\n%2F何度やっても%1F変わらないと%1F思いますよ。,"¿Otra vez? Por mucho que juegues,\nvas a seguir perdiendo. ¿Quieres\nenfrentarte a mí de todas formas?"
10090009,Hその%1F人は　いつも\nサークル%1F棟の%1F近くに\nいるみたいですよ！,¡Siempre está cerca del\nedificio de los clubes!
10090009,Xえっ？\nサッカー%1F部に%1F入れですか？\nいきなり%1F言われても　%1F困りますよ…。,"¿Eh? ¿Que entre en el equipo?\nEs que así, de golpe y porrazo...\nNecesito tiempo para pensarlo."
10090009,Xでも…　センパイのたのみなので\nやってみて%2F面白かったら\n%1F入ってもいいですよ。,"Bueno, ya que eres tú quien me\nlo pide... Probaré a jugar y si\nme gusta me uniré al equipo, ¿vale?"
10090009,\サッカーって\nあんまり%2F面白くないですね…。\n%2F約束ですから　%1F入らないですよ。,"El fútbol apenas es divertido.\nTe lo dije, si no me gustaba no\nentraría en tu equipo..."
10090009,\センパイがスカウトしたい%1F人は\n%1F今までいた%2F場所から\n%2F移動したみたいですね！,¡El jugador que buscabas\nse ha ido a otra parte!
10090009,xサッカーって%2F面白いんですね。\n%2F約束ですから　%1F入らせてもらいますよ。\nこれから　よろしくおねがいしますね。,"El fútbol es divertido... Vale,\njugaré en tu equipo como prometí.\nNo os fallaré."
10090010,$もしもし？\nセンパイですか？,"¡Hola, Mark!"
10090010,%s\nが%2F仲間になった！,¡%s se te ha unido!
10090010,",どうだ！\nこれが%2F本当の%2F実力だ！！","¿Qué te ha parecido, Mark?\n¡A eso se le llama jugar al\nfútbol!"
10090010,Dその%1F人は　いつも\n%3F駐車場の%1F近くに\nいるみたいですよ！,¡Siempre está cerca del\naparcamiento!
10090010,Dよお　%2F円堂！\nこの%1F前の%2F試合は　%1F負けたよ。\nだがな…,"¡Ey, Mark! El último partido\nlo perdí."
10090010,H２%1F度も%1F同じ%2F相手に%1F負けはしない！\n%1F来るなら%1F来い！！,¡No pienso perder dos veces contra\nel mismo rival! ¡Ven aquí si tienes\nagallas!
10090010,\センパイがスカウトしたい%1F人は\n%1F今までいた%2F場所から\n%2F移動したみたいですね！,¡El jugador que buscabas\nse ha ido a otra parte!
10090010,`オレなら%1F勝っていたさ。\nさあ　もう１%1F度%2F勝負しろ！\n%2F今度は　%1F負けないぞ！！,¡Tienes que jugar contra mí\nde nuevo! Esta vez no perderé.
10090010,`２%1F度も%1F負けた…　%2F完敗だ。\n%2F完敗の%1F証として\nこれからは　おまえたちにつくぜ！,"He perdido de nuevo...\nFracaso total. Como prueba de que\nme has ganado, me uno a tu club."
10090011,$もしもし？\nセンパイですか？,"¡Hola, Mark!"
10090011,%s\nが%2F仲間になった！,¡%s se te ha unido!
10090011,0%2F今度こそ　%2F本気でかかって%1F来い！,"¡Vamos, jugad en serio!"
10090011,Dその%1F人は　いつも\n%3F駐車場の%1F近くに\nいるみたいですよ！,¡Siempre está cerca del\naparcamiento!
10090011,Lおい　%2F円堂！\nおまえたち…\nこの%1F前の%2F試合でズルしなかったか？,"¡Ey, Mark! ¿No haríais\ntrampas en el último partido?"
10090011,X%1F今　%1F手をぬいただろ？\nオレの%1F目はごまかせないぞ。\nもっと%2F本気でやれ！,"Habéis aflojado algo, ¿no?\nA mí no me engañáis.\n¡Tenéis que jugar más en serio!"
10090011,\センパイがスカウトしたい%1F人は\n%1F今までいた%2F場所から\n%2F移動したみたいですね！,¡El jugador que buscabas\nse ha ido a otra parte!
10090011,`う　うたがって%1F悪かったな。\nわびにオレの%1F力を%1F貸してやるぜ！\nありがたく%1F思いな。,"Siento haber dudado de ti. Como\nautocastigo, jugaré en tu equipo.\nYa puedes ir dándome las gracias."
10090011,lズルしてないと%1F言うのなら\nもう１%1F度　%2F勝負してもらうぞ。\nおまえたちの%2F実力を%1F見せてみろ！,"Si me aseguras que no, vamos a\njugar otro partido. ¡Queremos\nver de lo que sois capaces!"
10090012,$もしもし？\nセンパイですか？,"¡Hola, Mark!"
10090012,%s\nが%2F仲間になった！,¡%s se te ha unido!
10090012,",%2F何度やっても　ザコはザコなんだよ！","Por mucho que lo intentes, quien\nes malo es malo. ¿Quieres volver\na jugar de todas formas?"
10090012,0ザコは%2F調子にのるなよ。\nわかったか！,"No os emocionéis, paquetes.\n¿Me habéis oído?"
10090012,Hその%1F人は　いつも\nサークル%1F棟の%1F近くに\nいるみたいですよ！,¡Siempre está cerca del\nedificio de los clubes!
10090012,Pおまえら　%2F最近%1F勝ってるからって\nちょっと%2F調子にのってないか！？,¿Vais de chulos solo porque\núltimamente estáis ganando\nalgún partido?
10090012,T%3F生意気なんだよー！\nオレが　%2F現実を%1F教えてやるぜ。\n%2F勝負しやがれ！,"¡Qué creídos! Voy a hacer que\nabráis los ojos. ¡A jugar, vamos!"
10090012,Xか　かんべんしてくれー！\nオレが%1F悪かった！\n%1F何でもするから　%1F許してくれ！,"¡Disculpa, no era mi intención\nenfadarte! Haré lo que tú me\npidas, pero ¡perdóname, por favor!"
10090012,\センパイがスカウトしたい%1F人は\n%1F今までいた%2F場所から\n%2F移動したみたいですね！,¡El jugador que buscabas\nse ha ido a otra parte!
10090013,$もしもし？\nセンパイですか？,"¡Hola, Mark!"
10090013,%s\nが%2F仲間になった！,¡%s se te ha unido!
10090013,Dその%1F人は　いつも\n%3F駐車場の%1F近くに\nいるみたいですよ！,¡Siempre está cerca del\naparcamiento!
10090013,Hそのていどの%2F実力で　あの%2F部費か…。\n%1F金のむだづかいだな。,Tanto dinero para esto... Menudo\ndespilfarro de presupuesto.
10090013,Pそんなにオレに%1F認めてもらいたいのか？\nＯＫ　いいぜ！　かかって%1F来な！,¿Tantas ganas tenéis de justificar\nlo que se gasta el insti en vosotros?
10090013,Tおまえら　ずいぶん%2F沢山\n%2F部費をもらってるらしいな。\n%1F気にいらねえ…。,Parece que estáis chupando mucho\ndinero del insti para vuestro\nclub... ¡No os trago!
10090013,\センパイがスカウトしたい%1F人は\n%1F今までいた%2F場所から\n%2F移動したみたいですね！,¡El jugador que buscabas\nse ha ido a otra parte!
10090013,hそんなに%2F部費をもらう%2F価値が\nおまえらにあるのかどうか\nこのオレが%1F確かめてやる！　いくぞ！,"Voy a comprobar si el instituto\nhace bien en gastarse dinero en\nel club de fútbol, ¿vale?"
10090013,рｽ　たしかに%2F実力はあるようだな…。\n%1F認めてやるかわりにオレを%2F入部させろ！\nそしてオレにも　%2F部費を%1F使わせろー！！,Está claro que los gastos del club\nestán justificados. ¡Me apunto a\ntu equipo para sacarles partido!
10090014,$もしもし？\nセンパイですか？,"¡Hola, Mark!"
10090014,%s\nが%2F仲間になった！,¡%s se te ha unido!
10090014,@その%1F人は\nサークル%1F棟の%1F近くに\nいるみたいですよ！,¡Está cerca del edificio\nde los clubes!
10090014,Hそのていどの%2F実力で　あの%2F部費か…。\n%1F金のむだづかいだな。,Tanto dinero para esto... Menudo\ndespilfarro de presupuesto.
10090014,Pそんなにオレに%1F認めてもらいたいのか？\nＯＫ　いいぜ！　かかって%1F来な！,¿Tantas ganas tenéis de justificar\nlo que se gasta el insti en vosotros?
10090014,Tおまえらずいぶん%2F沢山\n%2F部費をもらってる\nらしいな。\n%1F気にいらねえ…。,Parece que estáis chupando mucho\ndinero del insti para vuestro\nclub... ¡No os trago!
10090014,\センパイがスカウトしたい%1F人は\n%1F今までいた%2F場所から\n%2F移動したみたいですね！,¡El jugador que buscabas\nse ha ido a otra parte!
10090014,hそんなに%2F部費をもらう%2F価値が\nおまえらにあるのかどうか\nこのオレが%1F確かめてやる！　いくぞ！,"Voy a comprobar si el instituto\nhace bien en gastarse dinero en\nel club de fútbol, ¿vale?"
10090014,рｽ　たしかに%2F実力はあるようだな…。\n%1F認めてやるかわりにオレを%2F入部させろ！\nそしてオレにも　%2F部費を%1F使わせろー！！,Está claro que los gastos del club\nestán justificados. ¡Me apunto a\ntu equipo para sacarles partido!
10090015,$もしもし？\nセンパイですか？,"¡Hola, Mark!"
10090015,%s\nが%2F仲間になった！,¡%s se te ha unido!
10090015,D%2F今度の%2F球技%2F大会で\nサッカーをすることになったんだ。,"En la próxima competición de\ndeportes de pelota, he decidido\nque jugaré al fútbol."
10090015,Dその%1F人は　いつも\n%3F駐車場の%1F近くに\nいるみたいですよ！,¡Siempre está cerca del\naparcamiento!
10090015,Xおいおい…\nこんなんじゃ　%2F練習になんないよ。\nもっとまじめにやってくれよな。,"Oye, este entrenamiento no sirve\npara nada. ¡Seriedad!"
10090015,\センパイがスカウトしたい%1F人は\n%1F今までいた%2F場所から\n%2F移動したみたいですね！,¡El jugador que buscabas\nse ha ido a otra parte!
10090015,hそれで　%2F女子にいい%1F所%1F見せたいから\nちょこっとサッカー%1F教えてくれよ。\nなぁ　たのむよ！,"¡Enséñame a jugar al fútbol para\nque pueda vacilar delante de\nlas chicas! ¡Vamos, anda!"
10090015,hちょこっとのつもりだったけど\nすっかりサッカーにはまっちゃったよ。\nこのままプレイしてていいだろ？,Solo quería probar un poquito y\nhe acabado enganchado al fútbol.\n¡No puedo parar de jugar!
10090015,l%2F球技%2F大会で%2F優勝とかしたら\nやっぱ%2F女子に　もてるよな。\nよし　がんばって%2F練習しようぜ！,"Si gano la competición, fijo que\npodré triunfar con las chicas.\n¿Entrenamos juntos otra vez?"
10090016,$もしもし？\nセンパイですか？,¡El jugador que buscabas\nse ha ido a otra parte!
10090016,%s\nが%2F仲間になった！,¡%s se te ha unido!
10090016,0%2F今度は　イメージ%1F通りになるかな…？,¿Me ayudas a entender en\nqué consiste el fútbol?
10090016,@うーん…\nなんかちょっと\nイメージと%1F違うんだよな…。,Hmm... Es diferente a como\nme lo había imaginado.
10090016,Pその%1F人は　いつも\n%3F北校舎の%1F入り%1F口あたりに\nいるみたいですよ！,¡Siempre está cerca de la entrada\ndel edificio norte!
10090016,\センパイがスカウトしたい%1F人は\n%1F今までいた%2F場所から\n%2F移動したみたいですね！,"¡Hola, Mark!"
10090016,hそこで%2F早速だけど　どんな%1F感じになるか\nやってみないか！？\nおまえも　そういうの%1F好きだろ？,Pero primero me gustaría ver cómo\nfunciona ese deporte. ¿Podemos\njugar una pachanga ahora mismo?
10090016,xこれでメインは　サッカーに%2F決定だな！\n%3F学園祭で　%2F成功させるためにも\nこれから　%2F協力よろしくたのむよ。,¡Decidido! ¡El evento principal del\nfestival será un partido! Vamos\na conseguir que sea un éxito.
10090016,|%2F円堂！　お%1F願いがあるんだけど…\n%2F今度の%3F学園祭の　メインイベントで\nサッカーをしようって　%1F話があってさ。,¡Mark! Estamos pensando que el\nevento principal del festival del\ninstituto sea un partido de fútbol.
10090017,$もしもし？\nセンパイですか？,"¡Hola, Mark!"
10090017,%s\nが%2F仲間になった！,¡%s se te ha unido!
10090017,D%2F今度の%2F球技%2F大会で\nサッカーをすることになったんだ。,"En la próxima competición de\ndeportes de pelota, he decidido\nque jugaré al fútbol."
10090017,Hその%1F人は　いつも\nテニスコートの%1F近くに\nいるみたいですよ！,¡Siempre está cerca de\nlas pistas de tenis!
10090017,Xおいおい…\nこんなんじゃ　%2F練習になんないよ。\nもっとまじめにやってくれよな。,"Oye, este entrenamiento no sirve\npara nada. ¡Seriedad!"
10090017,\センパイがスカウトしたい%1F人は\n%1F今までいた%2F場所から\n%2F移動したみたいですね！,¡El jugador que buscabas\nse ha ido a otra parte!
10090017,hそれで　%2F女子にいい%1F所%1F見せたいから\nちょこっとサッカー%1F教えてくれよ。\nなぁ　たのむよ！,"¡Enséñame a jugar al fútbol para\nque pueda vacilar delante de\nlas chicas! ¡Vamos, anda!"
10090017,hちょこっとのつもりだったけど\nすっかりサッカーにはまっちゃったよ。\nこのままプレイしてていいだろ？,Solo quería probar un poquito y\nhe acabado enganchado al fútbol.\n¡No puedo parar de jugar!
10090017,l%2F球技%2F大会で%2F優勝とかしたら\nやっぱ%2F女子に　もてるよな。\nよし　がんばって%2F練習しようぜ！,"Si gano la competición, fijo que\npodré triunfar con las chicas.\n¿Entrenamos juntos otra vez?"
10090018,$もしもし？\nセンパイですか？,"¡Hola, Mark!"
10090018,%s\nが%2F仲間になった！,¡%s se te ha unido!
10090018,Dおまえらも　オレ%1F様のサッカー%1F部に\n%1F入れてやろうか？,¿Seguís creyendo que sois mejores?
10090018,\その%1F人は　いつも\nテニスコートの%1F近くにある%1F木の%1F後ろに\nいるみたいですよ！,¡Siempre está detrás del árbol\nque hay cerca de las pistas de\ntenis!
10090018,\センパイがスカウトしたい%1F人は\n%1F今までいた%2F場所から\n%2F移動したみたいですね！,¡El jugador que buscabas\nse ha ido a otra parte!
10090018,h%1F決まったな。\nこれからは　オレ%1F様がひきいる\nＮＥＷサッカー%1F部の%2F時代の%1F始まりだぜ！,"Ha quedado claro. A partir de\nahora empieza una nueva era,\n¡la era del equipo que lidero!"
10090018,pおまえら　%2F弱小のフリしてたのか？\nこうなったら　オレもそっちに%1F入るぞ！\n　%2F一緒にプレイしようぜ。,"Os hacíais pasar por malos, ¿no?\n¡Tengo que unirme a vosotros!\nJuguemos juntos al fútbol."
10090018,tだが…　%1F同じ%2F学校に２つもサッカー%1F部は\nいらないだろ。　だからどっちが%1F残るか\n%2F勝負してもらうぞ！,Lo que pasa es que un mismo insti\nno necesita dos equipos... Veamos\ncuál de los dos merece quedarse.
10090018,�おい%2F円堂！　オレ%1F様は　おまえら%2F弱小と\n%2F一緒にプレイなんてできん。\n%1F新しいサッカー%1F部を%1F作らせてもらう！,"¡Ey, Mark! No puedo jugar con\npetardos como vosotros. ¡Yo mismo\nformaré un nuevo equipo de fútbol!"
10090019,$もしもし？\nセンパイですか？,¡El jugador que buscabas\nse ha ido a otra parte!
10090019,%s\nが%2F仲間になった！,¡%s se te ha unido!
10090019,0%2F今度は　イメージ%1F通りになるかな…？,¿Me ayudas a entender en\nqué consiste el fútbol?
10090019,@うーん…\nなんかちょっと\nイメージと%1F違うんだよな…。,Es diferente a como me lo había imaginado.
10090019,Pその%1F人は　いつも\n%3F北校舎の%1F入り%1F口あたりに\nいるみたいですよ！,¡Siempre está cerca de la entrada\ndel edificio norte!
10090019,\センパイがスカウトしたい%1F人は\n%1F今までいた%2F場所から\n%2F移動したみたいですね！,"¡Hola, Mark!"
10090019,hそこで%2F早速だけど　どんな%1F感じになるか\nやってみないか！？\nおまえも　そういうの%1F好きだろ？,Pero primero me gustaría ver cómo\nfunciona ese deporte. ¿Podemos\njugar una pachanga ahora mismo?
10090019,xこれでメインは　サッカーに%2F決定だな！\n%3F学園祭で　%2F成功させるためにも\nこれから　%2F協力よろしくたのむよ。,¡Decidido! ¡El evento principal del\nfestival será un partido! Vamos\na conseguir que sea un éxito.
10090019,|%2F円堂！　お%1F願いがあるんだけど…\n%2F今度の%3F学園祭の　メインイベントで\nサッカーをしようって　%1F話があってさ。,¡Mark! Estamos pensando que el\nevento principal del festival del\ninstituto sea un partido de fútbol.
10090020,$もしもし？\nセンパイですか？,"¡Hola, Mark!"
10090020,%s\nが%2F仲間になった！,¡%s se te ha unido!
10090020,",いい%2F覚悟だな。\nじゃあ　いくぜ！！","Así me gusta.\n¡Vamos, a jugar!"
10090020,4%2F根性は　あるようだな。\nじゃあ　いくぜ！！,"Parece que tienes agallas.\nEstá bien, ¡vamos allá!"
10090020,<この%1F前の%2F勝負のリベンジだろ？\nさあ　やろうぜ！！,"¿Vienes a quitarte el mal sabor\nde boca de la última derrota?\nVamos, estoy listo."
10090020,<このオレと%2F勝負して%1F勝ったらな。\nさあ　やるか！？,Tendrías que ganarme en un\npartidete... ¿Qué dices?
10090020,@なんだったら\nオレが%1F入ってやってもいいぜ。\nただし…,"Si tanta falta te hago, jugaré\ncontigo, pero..."
10090020,Dどうした　%2F円堂？\nこのオレと%2F勝負するのが　%1F怖いのか？,"¿Qué pasa, Mark?\n¿Te da miedo enfrentarte a mí?"
10090020,Hその%1F人は　いつも\nテニスコートの%1F近くに\nいるみたいですよ！,¡Siempre está cerca de\nlas pistas de tenis!
10090020,Tよう　%2F円堂！\n%2F最近　サッカー%1F部のメンバーを\n%1F集めてるんだってな。,"¡Hola, Mark! Me han dicho que\nbuscas jugadores para tu equipo."
10090020,Tよう　%2F円堂！\nおまえが%1F来るのを%1F待ってたぜ。\nここに%1F来たってことは…,"¡Hola, Mark! Estaba esperando\nque vinieras, porque eso solo\npuede significar una cosa..."
10090020,Xなんだ…　%1F違うのか。\nてっきり　リベンジと%1F思って\nワクワクしてたんだがな。,"Ah, ¿no quieres la revancha?\nJo, ahora que estaba empezando\na hacerme ilusiones... Qué chasco."
10090020,\センパイがスカウトしたい%1F人は\n%1F今までいた%2F場所から\n%2F移動したみたいですね！,¡El jugador que buscabas\nse ha ido a otra parte!
10090021,$もしもし？\nセンパイですか？,"¡Hola, Mark!"
10090021,%s\nが%2F仲間になった！,¡%s se te ha unido!
10090021,Hその%1F人は　いつも\nテニスコートの%1F近くに\nいるみたいですよ！,¡Siempre está cerca de\nlas pistas de tenis!
10090021,Lオレのかっこよさをみんなに\nアピールできるスポーツを\nさがしていてね。,Estoy buscando un deporte que\nme permita demostrarle a todo\nel mundo lo mucho que valgo.
10090021,Lノンノン！\nこんなんじゃ　オレのかっこよさを\n%1F引き%1F出せないよ。,"Así no hay manera de demostrar\nmi atractivo... ¡No, no!"
10090021,Tかっこよさっていうものは\n%2F内面からにじみ%1F出るものさ。\nオレのようにな。,El atractivo es algo que se lleva\npor dentro y que brota hacia fuera.\n¿Quieres que te lo vuelva a demostrar?
10090021,\センパイがスカウトしたい%1F人は\n%1F今までいた%2F場所から\n%2F移動したみたいですね！,¡El jugador que buscabas\nse ha ido a otra parte!
10090021,dキミ　サッカー%1F部だろ？\nちょうどいいや。　サッカーで\nアピールできるか%1F試させてもらうよ。,"Eres del club de fútbol, ¿verdad?\nMira qué bien. Voy a probar si\ncon un balón puedo lucirme."
10090021,tかっこいいよ　オレかっこいいよ！\nお%1F礼に　このオレのかっこよさで\nサッカー%1F部を%2F人気にさせてやるさ。,¡Soy un as! ¡Soy un as! Me uniré\na tu equipo en agradecimiento.\n¡Ya verás qué popular se hará!
10090022,$もしもし？\nセンパイですか？,"¡Hola, Mark!"
10090022,%s\nが%2F仲間になった！,¡%s se te ha unido!
10090022,8なんだ　おまえのヤル%1F気は\nその%2F程度なのか…。,¡Vamos a jugar!
10090022,Hその%1F人は　いつも\nテニスコートの%1F近くに\nいるみたいですよ！,¡Siempre está cerca de\nlas pistas de tenis!
10090022,Pだったら　オレが\n%1F入ってやってもいいぜ。\nでも…　１つ%2F条件がある。,"Puede que me apunte a jugar\ncon vosotros, pero... con\nuna condición."
10090022,Tよお　%2F円堂！\nおまえ　サッカー%2F部員を\n%1F集めて%1F回ってるってホントか？,"¡Hola, Mark! ¿Es verdad que\nestás buscando jugadores\npara tu equipo?"
10090022,Xははっ　また%1F来たのか。\nこの%1F前のリベンジ…　だな！\n%2F面白い　さあやろう！,¿Así que eso es todo lo\nque tu equipo da de sí?...
10090022,\センパイがスカウトしたい%1F人は\n%1F今までいた%2F場所から\n%2F移動したみたいですね！,¡El jugador que buscabas\nse ha ido a otra parte!
10090022,いざ　%2F勝負っ！,¡Tienes que ganarme!\n¿Aceptas el reto?
10090023,$もしもし？\nセンパイですか？,"¡Hola, Mark!"
10090023,%s\nが%2F仲間になった！,¡%s se te ha unido!
10090023,0なんだ　おまえ！\nオレに%1F用があるのか？,¿Qué mosca te ha picado?\n¿Quieres algo?
10090023,8なんだ　またおまえか\nここに%1F来たってことは…,¿Otra vez por aquí?\nNo será por...
10090023,8オレをスカウトしたいなら\nオレをたおしてみろよ。,"Si quieres que juegue con\nvosotros, prueba a ganarme."
10090023,<そうと%1F決まったら\nさっさと　かかって%1F来やがれ！,"¡Venga, aquí te espero!"
10090023,<たおす%2F自信がないなら\nとっとと　どっか%1F行きな！,"Si no te ves capaz de derrotarme,\ndeja de perder el tiempo conmigo."
10090023,Lなら　まずはオレに%1F勝ってからだ。\nそうしたら　%1F入ってもいいぜ。,"Vas a tener que ganarme.\nSi lo consigues, me uniré a ti.\n¿Empezamos?"
10090023,P…なに？　サッカー%1F部に%1F入れだと？\nつまり　オレをスカウトしたいのか。,Veo que quieres que me apunte\na tu equipo de fútbol.
10090023,Tその%1F人は　いつも\n%3F野球場の%2F観客%1F席の%1F近くに\nいるみたいですよ！,¡Está siempre cerca de las gradas\nque hay en el campo de béisbol!
10090023,\センパイがスカウトしたい%1F人は\n%1F今までいた%2F場所から\n%2F移動したみたいですね！,¡El jugador que buscabas\nse ha ido a otra parte!
10090024,$もしもし？\nセンパイですか？,¡El jugador que buscabas\nse ha ido a otra parte!
10090024,%s\nが%2F仲間になった！,¡%s se te ha unido!
10090024,",いい%2F覚悟だな。\nじゃあ　いくぜ！！",Tendrías que ganarme en un\npartidete... ¿Qué dices?
10090024,4%2F根性は　あるようだな。\nじゃあ　いくぜ！！,"¿Vienes a quitarte el mal sabor\nde boca de la última derrota?\nVamos, estoy listo."
10090024,<この%1F前の%2F勝負のリベンジだろ？\nさあ　やろうぜ！！,"¡Hola, Mark! Estaba esperando\nque vinieras, porque eso solo\npuede significar una cosa..."
10090024,<このオレと%2F勝負して%1F勝ったらな。\nさあ　やるか！？,"Si tanta falta te hago, jugaré\ncontigo, pero..."
10090024,@なんだったら\nオレが%1F入ってやってもいいぜ。\nただし…,"¡Hola, Mark! Me han dicho que\nbuscas jugadores para tu equipo."
10090024,Dどうした　%2F円堂？\nこのオレと%2F勝負するのが　%1F怖いのか？,"Así me gusta.\n¡Vamos, a jugar!"
10090024,Hその%1F人は　いつも\n%3F武道館の%1F裏あたりに\nいるみたいですよ！,¡Siempre está por la parte\nde atrás del pabellón de artes\nmarciales!
10090024,Tよう　%2F円堂！\n%2F最近　サッカー%1F部のメンバーを\n%1F集めてるんだってな。,"¡Hola, Mark!"
10090024,Tよう　%2F円堂！\nおまえが%1F来るのを%1F待ってたぜ。\nここに%1F来たってことは…,"¿Qué pasa, Mark?\n¿Te da miedo enfrentarte a mí?"
10090024,Xなんだ…　%1F違うのか。\nてっきり　リベンジと%1F思って\nワクワクしてたんだがな。,"Parece que tienes agallas.\nEstá bien, ¡vamos allá!"
10090024,\センパイがスカウトしたい%1F人は\n%1F今までいた%2F場所から\n%2F移動したみたいですね！,¡Siempre está en la parte de\natrás del pabellón de artes\nmarciales!
10090025,$もしもし？\nセンパイですか？,"¡Hola, Mark!"
10090025,%s\nが%2F仲間になった！,¡%s se te ha unido!
10090025,Lその%1F人は　いつも\n%2F陸上グラウンドの%1F近くに\nいるみたいですよ！,¡Siempre anda cerca de la pista\nde atletismo!
10090025,Tオレは　%1F楽しくて　%1F足が%1F速くなる%2F特訓が\nしたいんだよ。　わかってる？,Quiero entrenar mi velocidad y\npasármelo bien al mismo tiempo.\n¿Entiendes lo que te digo?
10090025,\センパイがスカウトしたい%1F人は\n%1F今までいた%2F場所から\n%2F移動したみたいですね！,¡El jugador que buscabas\nse ha ido a otra parte!
10090025,p…%1F足は%1F速くなるかも　しれないけど\nサッカーって　あまり%1F楽しくないね。\nとんだ%2F計算ちがいだよ…。,"Puede que uno se haga más rápido\ncon el fútbol, pero es que es tan\naburrido... Menudo chasco."
10090025,pこんなに%1F楽しくプレイして\n%1F足が%1F速くなるなんて　サイコーだね。\nもう%1F少し　プレイさせてもらうよ。,Esto de trabajar la velocidad\nmientras te lo pasas bien es lo\nmejor. ¿Jugamos un poco más?
10090025,x%2F最近　チコクする%2F生徒の%1F足が%1F速くて\nつかまえれないんだ…。\nこれでは　%2F風紀%2F委員としてシッカクだ！,Los alumnos que llegan tarde\ncorren mucho y se me escapan.\n¡Soy la vergüenza de los tutores!
10090025,рｻこでサッカーなら　%1F足を%1F速くする\n%2F特訓が　%1F楽しくできると%1F思うんだよ。\n%2F平和のためにも　%2F協力してくれよな。,Creo que jugando al fútbol podré\nentrenar mis piernas y divertirme\na la vez. ¡Contribuye al orden!
10090026,$もしもし？\nセンパイですか？,"¡Hola, Mark!"
10090026,%s\nが%2F仲間になった！,¡%s se te ha unido!
10090026,Dその%1F人は　いつも\n%3F武道館の%1F近くに\nいるみたいですよ！,¡Siempre está cerca del pabellón\nde artes marciales!
10090026,Xやっぱり　サッカーなんて\n%2F勉強のジャマになるだけですね。\nもう　ケッコウです。,Está claro que el fútbol solo\nme distrae de mis estudios.\nYa he tenido suficiente.
10090026,\センパイがスカウトしたい%1F人は\n%1F今までいた%2F場所から\n%2F移動したみたいですね！,¡El jugador que buscabas\nse ha ido a otra parte!
10090026,`サッカーって%2F面白いよ！\n%2F勉強のジャマには　ならないから\n%2F入部させてください！！,"¡Qué divertido es el fútbol!\nNo interfiere en mis estudios,\nasí que apúntame al equipo."
10090026,lまた　かんゆうですか…？\nまあ　%1F脳のはたらきがよくなりますし\nたまには　%2F運動するのもいいですね。,"¿Vienes a por mí otra vez?\nBueno, el deporte estimula\nel cerebro, ¿verdad?"
10090026,p%2F勉強のジャマにならないようでしたら\n%1F入ってもいいですよ。\nまずは　%1F少し%2F体験させてくださいね。,"Si no interfiere en mis estudios,\nme apuntaré. Primero me gustaría\nprobar. ¿Te parece bien?"
10090026,pサッカー%1F部に%1F入れ…　ですか？\nそうですね…　%2F部活をしていたら\n%3F内申書で%2F有利みたいですしね。,"¿Que me una al club de fútbol?\nBueno, puede ser algo bueno para\nmi expediente escolar..."
10090027,$もしもし？\nセンパイですか？,"¡Hola, Mark!"
10090027,%s\nが%2F仲間になった！,¡%s se te ha unido!
10090027,Hその%1F人は　いつも\n%3F武道館の%1F裏あたりに\nいるみたいですよ！,¡Siempre está en la parte de\natrás del pabellón de artes\nmarciales!
10090027,Hそのていどの%2F実力で　あの%2F部費か…。\n%1F金のむだづかいだな。,Tanto dinero para esto... Menudo\ndespilfarro de presupuesto.
10090027,Pそんなにオレに%1F認めてもらいたいのか？\nＯＫ　いいぜ！　かかって%1F来な！,¿Tantas ganas tenéis de justificar\nlo que se gasta el insti en vosotros?
10090027,Xおまえらずいぶん%2F沢山\n　%2F部費をもらってる\nらしいな。\n%1F気にいらねえ…。,Parece que estáis chupando mucho\ndinero del insti para vuestro\nclub... ¡No os trago!
10090027,\センパイがスカウトしたい%1F人は\n%1F今までいた%2F場所から\n%2F移動したみたいですね！,¡El jugador que buscabas\nse ha ido a otra parte!
10090027,hそんなに%2F部費をもらう%2F価値が\nおまえらにあるのかどうか\nこのオレが%1F確かめてやる！　いくぞ！,"Voy a comprobar si el instituto\nhace bien en gastarse dinero en\nel club de fútbol, ¿vale?"
10090027,рｽ　たしかに%2F実力はあるようだな…。\n%1F認めてやるかわりにオレを%2F入部させろ！\nそしてオレにも　%2F部費を%1F使わせろー！！,Está claro que los gastos del club\nestán justificados. ¡Me apunto a\ntu equipo para sacarles partido!
10090028,$もしもし？\nセンパイですか？,"¡Hola, Mark!"
10090028,%s\nが%2F仲間になった！,¡%s se te ha unido!
10090028,D%2F今度の%2F球技%2F大会で\nサッカーをすることになったんだ。,"En la próxima competición de\ndeportes de pelota, he decidido\nque jugaré al fútbol."
10090028,Dその%1F人は　いつも\n%3F武道館の%1F近くに\nいるみたいですよ！,¡Siempre está cerca del pabellón\nde artes marciales!
10090028,Xおいおい…\nこんなんじゃ　%2F練習になんないよ。\nもっとまじめにやってくれよな。,"Oye, este entrenamiento no sirve\npara nada. ¡Seriedad!"
10090028,\センパイがスカウトしたい%1F人は\n%1F今までいた%2F場所から\n%2F移動したみたいですね！,¡El jugador que buscabas\nse ha ido a otra parte!
10090028,hそれで　%2F女子にいい%1F所%1F見せたいから\nちょこっとサッカー%1F教えてくれよ。\nなぁ　たのむよ！,"¡Enséñame a jugar al fútbol para\nque pueda vacilar delante de\nlas chicas! ¡Vamos, anda!"
10090028,hちょこっとのつもりだったけど\nすっかりサッカーにはまっちゃったよ。\nこのままプレイしてていいだろ？,Solo quería probar un poquito y\nhe acabado enganchado al fútbol.\n¡No puedo parar de jugar!
10090028,l%2F球技%2F大会で%2F優勝とかしたら\nやっぱ%2F女子に　もてるよな。\nよし　がんばって%2F練習しようぜ！,"Si gano la competición, fijo que\npodré triunfar con las chicas.\n¿Entrenamos juntos otra vez?"
10090029,$もしもし？\nセンパイですか？,"¡Hola, Mark!"
10090029,%s\nが%2F仲間になった！,¡%s se te ha unido!
10090029,0%2F今度は　イメージ%1F通りになるかな…？,¿Me ayudas a entender en\nqué consiste el fútbol?
10090029,@うーん…\nなんかちょっと\nイメージと%1F違うんだよな…。,Hmm... Es muy diferente a como\nlo había imaginado.
10090029,Lその%1F人は　いつも\n%2F陸上グラウンドの%2F中央に\nいるみたいですよ！,¡Siempre está en el centro\nde la pista de atletismo!
10090029,\センパイがスカウトしたい%1F人は\n%1F今までいた%2F場所から\n%2F移動したみたいですね！,¡El jugador que buscabas\nse ha ido a otra parte!
10090029,hそこで%2F早速だけど　どんな%1F感じになるか\nやってみないか！？\nおまえも　そういうの%1F好きだろ？,Pero primero me gustaría ver cómo\nfunciona ese deporte. ¿Podemos\njugar una pachanga ahora mismo?
10090029,xこれでメインは　サッカーに%2F決定だな！\n%3F学園祭で　%2F成功させるためにも\nこれから　%2F協力よろしくたのむよ。,¡Decidido! ¡El evento principal del\nfestival será un partido! Vamos\na conseguir que sea un éxito.
10090029,|%2F円堂！　お%1F願いがあるんだけど…\n%2F今度の%3F学園祭の　メインイベントで\nサッカーをしようって　%1F話があってさ。,¡Mark! Estamos pensando que el\nevento principal del festival del\ninstituto sea un partido de fútbol.
10090030,$もしもし？\nセンパイですか？,"¡Hola, Mark!"
10090030,%s\nが%2F仲間になった！,¡%s se te ha unido!
10090030,Pやっぱりテレビ%2F番組なんてさー\nウソばっかりだよな…。\nだまされたぜ。,Ya sabía yo que en la tele no\ndicen más que mentiras...\nMe la han dado con queso.
10090030,Tその%1F人は　いつも\n%3F野球場の%2F観客%1F席の%1F近くに\nいるみたいですよ！,¡Está siempre cerca de las gradas\nque hay en el campo de béisbol!
10090030,\だから　%1F少しやらせてくれないかな？\n%2F本当に%2F面白かったら　%2F入部するからさ。,"¿Me dejas jugar contigo? Si me\nlo paso bien, me uniré a tu\nequipo."
10090030,\センパイがスカウトしたい%1F人は\n%1F今までいた%2F場所から\n%2F移動したみたいですね！,¡El jugador que buscabas\nse ha ido a otra parte!
10090030,dもうテレビに　おどらされるなんて\nまっぴらだけどさー\nもう１%1F回くらい%1F信じてみようかな。,No volveré a dejarme engañar por\nla tele en la vida... ¿Quieres\nque recupere la fe en ti?
10090030,xやっぱ　テレビにとり%1F上げられるだけ\nあって%2F面白いなぁ。　%2F約束どおり\n%2F入部するさ。　これからよろしくな。,Ya sabía yo que tenía que ser\nchulo. Para que hablasen tanto de\nfútbol en la tele... ¡Me uno al club!
10090030,�%2F最近さー　サッカーが%2F面白い！　って\nよくテレビに　とり%1F上げられててさー\nサッカーに%2F興味がわいてきたんだよね。,Me ha entrado mucho interés por\nel fútbol porque en la tele no\ndejan de decir que es una pasada.
10090031,$もしもし？\nセンパイですか？,"¡Hola, Mark!"
10090031,%s\nが%2F仲間になった！,¡%s se te ha unido!
10090031,8%2F今度こそ　ちゃんとサッカーを\n%1F教えてよね。,"Enséñame a jugar al fútbol bien\nesta vez, ¿vale?"
10090031,\センパイがスカウトしたい%1F人は\n%1F今までいた%2F場所から\n%2F移動したみたいですね！,¡El jugador que buscabas\nse ha ido a otra parte!
10090031,`その%1F人は　いつも\nサッカーグラウンド%1F右%1F上の%2F花壇の%1F近くに\nいるみたいですよ！,¡Siempre está cerca de los\nmaceteros que hay al este\ndel campo de fútbol!
10090031,xでもオレ…　サッカーできないから\nよかったら　%1F教えてくれないか？\nオレの%1F夢のためにも　%2F協力してくれよ！,"Lo que pasa es que no sé jugar...\n¿Me enseñas? ¡Ayúdame a alcanzar\nmi sueño, por favor!"
10090031,сTッカーって　%1F色んな%1F国でやるじゃん。\nだから　サッカーが%2F上手かったら\n%1F色んな%1F国で　%1F友だちができそうだよな。,"Se juega al fútbol en muchos\npaíses... Si me hago bueno, podré\nconocer a gente de todo el mundo."
10090031,いろ,"Venga, ya que juego, esfuérzate\nen enseñarme bien... ¡Así no\nvoy a poder cumplir mi sueño!"
10090031,�これで　%1F色んな%1F国の%1F人と%1F友だちに\nなれそうだよ。　ありがとう。\nお%1F礼に　%2F部活の%2F手伝いをさせてくれよ。,Ahora podré tener amigos de todas\nlas nacionalidades. ¡Gracias!\nTe ayudaré con tu equipo.
10090032,$もしもし？\nセンパイですか？,¡Siempre está cerca de los\nmaceteros que hay al este del\ncampo de fútbol!
10090032,%s\nが%2F仲間になった！,¡%s se te ha unido!
10090032,0%2F今度こそ　%2F感動させてちょうだいね。,"Me han entrado ganas de verte\njugar de cerca. ¡Venga, vamos!"
10090032,Hあのプレイを　%1F近くで%1F見てみたくてね。\nじゃあ　%1F始めるよ！,¡Mark! El último partido fue\nemocionante. ¿Podrías jugar\ncontra mí?
10090032,\センパイがスカウトしたい%1F人は\n%1F今までいた%2F場所から\n%2F移動したみたいですね！,¡El jugador que buscabas\nse ha ido a otra parte!
10090032,`その%1F人は　いつも\nサッカーグラウンド%1F右%1F上の%2F花壇の%1F近くに\nいるみたいですよ！,¡Siempre está cerca de los\nmaceteros que hay al este\ndel campo de fútbol!
10090032,hやっぱり　キミはすごいよ！\nこれからも　キミの%1F側で\nボクに%2F感動を　%1F与えてちょうだいね。,"Haz que me emocione\nesta vez, ¿vale?"
10090032,かんどう,¿Eh? Esa manera de jugar...\nno me termina de convencer.
10090032,そば,¡Eres alucinante! A partir de\nahora buscaré emociones a tu\nlado.
10090033,$もしもし？\nセンパイですか？,"¡Hola, Mark!"
10090033,%s\nが%2F仲間になった！,¡%s se te ha unido!
10090033,<その%1F人は\n%2F正門の%1F近くに\nいるみたいですよ！,¡Está cerca de la entrada\nprincipal!
10090033,\センパイがスカウトしたい%1F人は\n%1F今までいた%2F場所から\n%2F移動したみたいですね！,¡El jugador que buscabas\nse ha ido a otra parte!
10090033,dきさまは%1F知っているか？\nオオカミの%1F強さ…。\nこの%1F世の%1F中は　%2F弱肉%2F強食なんだぜ。,"¿Conoces la ley del más fuerte?\nEl hombre es un lobo para el hombre,\nel fuerte siempre se come al débil."
10090033,dこの%1F世を%1F勝ち%1F残るには\nオオカミに　なるしかないんだぜ。\n%2F強者というオオカミにな！,Para salir adelante en este mundo\nhay que convertirse en lobo.\n¿Estás de acuerdo?
10090033,lそんな%1F世の%1F中を　きさまが%1F生き%1F抜けるか\nオレ%1F様が%1F試してやるぜ。\nありがたく%1F思いな。,Voy a ver si eres capaz de\nsobrevivir en este mundo cruel.\n¿Estás listo?
10090033,|きさまは　りっぱなオオカミだな。\nそれなら　この%1F世を%1F生きていけるぜ。\nオオカミ%2F同士　%2F仲良くしていこうぜ。,"Eres un lobo hecho y derecho. Estás\npreparado para sobrevivir en este\nmundo, hermano."
10090033,どうし,"Si las personas no se convierten\nen lobos, no podrán sobrevivir."
10090034,$%2F後悔しても%1F知らないぜ！,¡Luego no os arrepintáis!
10090034,$もしもし？\nセンパイですか？,"¡Hola, Mark!"
10090034,%s\nが%2F仲間になった！,¡%s se te ha unido!
10090034,0なんだよ\nじゃあ　%1F何しに%1F来たんだ…。,"¿Eh? Entonces, ¿a qué has venido?"
10090034,<その%1F人は\n%2F鉄塔の%1F近くに\nいるみたいですよ！,¡Está en el parque\nde la torre!
10090034,Dあんた　サッカー%1F部に%1F入るヤツを\nさがしてるんだってな。,He oído por ahí que estás\nbuscando jugadores para tu equipo.
10090034,Dヘヘッ　%2F面白い…。\nこの%1F前のリベンジに%1F来たのかよ？,"¿Quieres tomarte la revancha?\nJe, je... Será divertido."
10090034,Lオレは　けっこう%1F強いぜ。\nもちろん　オレとも\nバトルするんだろ？,Soy bastante bueno...\n¿Te hace una pachanga?
10090034,Pチッ…　%1F負けちまったぜ。\nさすがに　サッカーバトルじゃ\n%1F勝てないか。,¡Qué rabia! Ya sabía yo que\nno ganaría esta pachanga.
10090034,Tへへっ　あんたが%2F円堂か。\nいつか%1F来るんじゃないかって\n%1F思ってたぜ。,"Je, je... ¿Eres Mark?\nMe preguntaba si no vendrías\npor aquí... ¡Te ha costado!"
10090034,\センパイがスカウトしたい%1F人は\n%1F今までいた%2F場所から\n%2F移動したみたいですね！,¡El jugador que buscabas\nse ha ido a otra parte!
10090035,$ちがうのか…\nなら　いいか。,"Uf, ¡qué rabia! ¡Ahora no me\nqueda otra que jugar en tu\nequipo!"
10090035,$ちがうのか…\nなら　いいがな。,"Ah, ¿no? Tú mismo\ncon tu mecanismo."
10090035,$もしもし？\nセンパイですか？,"¡Hola, Mark!"
10090035,%s\nが%2F仲間になった！,¡%s se te ha unido!
10090035,0オレをサッカー%1F部に%1F入れるつもりか？,¿Me quieres en tu equipo?
10090035,8やっぱり　そうか…\nだったら　オレをたおすんだな！,"Ya veo... ¡Pues nada, vas\na tener que ganarme!"
10090035,Lおっ　おまえは%2F円堂…！\nおまえが　ここにいるってことは\nまさか…,"¡Anda, si eres Mark!\n¿No habrás venido a...?"
10090035,Lその%1F人は　いつも\n%2F鉄塔の%3F掲示板の%1F近くに\nいるみたいですよ！,¡Siempre está cerca del tablón\nde anuncios que hay en la torre!
10090035,\センパイがスカウトしたい%1F人は\n%1F今までいた%2F場所から\n%2F移動したみたいですね！,¡El jugador que buscabas\nse ha ido a otra parte!
10090035,`くっ…　たおされちまった。\nしかたねえ！　こうなったら\nサッカー%1F部に%1F入ってやるよ。,¡No vuelvas a aparecer por aquí!
10090035,xえっ　%2F円堂！　また%1F来たのか…。\nおまえが　ここにいるってことは\nオレをサッカー%1F部に%1F入れる%1F気だな？,¿Eh? ¡Mark! Si has venido es\nporque... ¿estás pensando en\nhacerme jugar en tu equipo?
10090036,$もしもし？\nセンパイですか？,"¡Hola, Mark!"
10090036,%s\nが%2F仲間になった！,¡%s se te ha unido!
10090036,<その%1F人は\n%3F駐車場の%1F近くに\nいるみたいですよ！,¡Siempre está cerca del\naparcamiento!
10090036,Dこれで%1F終わりだね。\n%1F早く%1F帰って　アニメ%1F見よっと！,"Ale, ya está. Ahora,\n¡a casa a ver los dibujos!"
10090036,H%1F早く%1F帰らせてよー！\nもうすぐ　アニメが%1F始まるんだよー！,"Si te vuelvo a ganar, ¿dejarás\nque me vaya a ver los dibujos?"
10090036,Tサッカー？\nそんなの　やってるヒマがあったら\n%1F帰ってアニメを%1F見てるよ。,"¿Fútbol? Si tuviera tanto tiempo\nlibre, ya estaría de vuelta en\ncasa viendo dibujos animados."
10090036,X%1F少しでいいからって？\nもう　しつこいなー！\n%2F時間ないから１%1F回だけだよ。,"¿Solo un poquito? ¡Qué pesado!\nNo tengo mucho tiempo, así que\nun partidillo y ya está."
10090036,\センパイがスカウトしたい%1F人は\n%1F今までいた%2F場所から\n%2F移動したみたいですね！,¡El jugador que buscabas\nse ha ido a otra parte!
10090036,dアニメを%1F見ているより\nサッカーの%1F方が　おもしろいよ。\nこれから　%2F毎日やらせてよね。,"Jugar al fútbol es más divertido\nque ver dibujos animados. Tenemos\nque jugar todos los días, ¿eh?"
10090037,$もしもし？\nセンパイですか？,"¡Hola, Mark!"
10090037,%s\nが%2F仲間になった！,¡%s se te ha unido!
10090037,@%1F悪いけど…\n%2F廃部になるのは　%1F決まりのようですね。,Vaya... Parece que vuestro club\ntiene los días contados.
10090037,Dその%1F人は　いつも\n%3F駐車場の%1F近くに\nいるみたいですよ！,¡Siempre está cerca del\naparcamiento!
10090037,Xまたキミですか？\nしょうがないですね…\nもう１%1F回だけ　チャンスをあげますよ。,"¿Otra vez tú?\nVenga, está bien... Os doy\nuna segunda oportunidad y ya está."
10090037,\センパイがスカウトしたい%1F人は\n%1F今までいた%2F場所から\n%2F移動したみたいですね！,¡El jugador que buscabas\nse ha ido a otra parte!
10090037,p%2F最後のチャンスを　あげましょう。\nボクとの　%2F勝負に%1F勝ったら\n%2F廃部にするのは　やめてあげますよ。,"Os doy una última oportunidad.\nSi me ganáis, os libraréis de\ndesaparecer, ¿de acuerdo?"
10090037,�キミたちみたいな　%1F強い%2F部活を\n%1F弱いと%1F決めつけて　すみませんでした。\nおわびに　ボクの%1F力を%1F使ってください。,Siento haberos tomado por malos.\nAceptadme en vuestro equipo. Es\nmi forma de pediros perdón.
10090037,�サッカー%1F部みたいな　%1F弱い%2F部活を\n%2F廃部にすることが　%1F決まりましたよ。\nですがいきなりは　かわいそうですので,"He decidido suprimir los clubes\nde jugadores malos. Es duro\nque os lo cierre de golpe, lo sé."
10090038,$もしもし？\nセンパイですか？,"¡Hola, Mark!"
10090038,%s\nが%2F仲間になった！,¡%s se te ha unido!
10090038,0%2F今度こそ　%2F感動させてちょうだいね。,"Haz que me emocione\nesta vez, ¿vale?"
10090038,0あれっ？\nそんなプレイ…　でしたっけ…？,¿Eh? Esa manera de jugar...\nno me termina de convencer.
10090038,@その%1F人は\nサークル%1F棟の%1F近くに\nいるみたいですよ！,¡Está cerca del edificio\nde los clubes!
10090038,Hあのプレイを　%1F近くで%1F見てみたくてね。\nじゃあ　%1F始めるよ！,"Me han entrado ganas de verte\njugar de cerca. ¡Venga, vamos!"
10090038,\センパイがスカウトしたい%1F人は\n%1F今までいた%2F場所から\n%2F移動したみたいですね！,¡El jugador que buscabas\nse ha ido a otra parte!
10090038,hやっぱり　キミはすごいよ！\nこれからも　キミの%1F側で\nボクに%2F感動を　%1F与えてちょうだいね。,¡Eres alucinante! A partir de\nahora buscaré emociones a tu\nlado.
10090038,l%2F円堂くん！　この%1F前の%2F試合%2F感動したよ。\nそれで　よかったら\nボクと%2F勝負してくれないかな？,¡Mark! El último partido fue\nemocionante. ¿Podrías jugar\ncontra mí?
10090039,$もしもし？\nセンパイですか？,"¡Hola, Mark!"
10090039,%s\nが%2F仲間になった！,¡%s se te ha unido!
10090039,8オレに　サッカーしないかって？\nうーん　そうだな…,¿Que si juego al fútbol? Pues...
10090039,L%1F思ってたより　%2F面白くないんだな…。\n%1F悪いが　あきらめてくれ。,"Es más aburrido de lo que\nimaginaba... Lo siento, pero paso."
10090039,Pその%1F人は　いつも\n%3F河川敷のグラウンドの%1F近くに\nいるみたいですよ！,¡Siempre está cerca del campo\nde fútbol del río!
10090039,Tサッカーをやってみて　オレが\n%2F面白いって%1F思ったら　%1F入ってもいいぜ。,"Si me gusta, me apuntaré a\ntu equipo. ¿De acuerdo?"
10090039,\またキミか…。\nオレと%2F意見が　あわないようなら\n%2F今度こそ　あきらめてくれよな。,"¿Tú otra vez? Si no conseguimos\nponernos de acuerdo ahora,\nprométeme que me dejarás en paz."
10090039,\センパイがスカウトしたい%1F人は\n%1F今までいた%2F場所から\n%2F移動したみたいですね！,¡El jugador que buscabas\nse ha ido a otra parte!
10090039,hサッカーってなかなか%2F面白いもんだな。\nこれなら%1F入ってやってもいいぜ。　\nこれからよろしくな。,"El fútbol es divertido... Vale,\njugaré en tu equipo como prometí.\nNo os fallaré."
10090040,$もしもし？\nセンパイですか？,"¡Hola, Mark!"
10090040,%s\nが%2F仲間になった！,¡%s se te ha unido!
10090040,<%2F何度やっても\n%2F凡人は　%2F天才に%1F勝てないのさ。,¿Realmente piensas que tienes\nposibilidades de ganar a un genio?
10090040,Pその%1F人は　いつも\n%3F河川敷グラウンドの%1F近くに\nいるみたいですよ！,¡Siempre está cerca del campo\nde fútbol del río!
10090040,T%1F中%2F学生なんて　こんなもんか…。\n%1F小%2F学生の%1F方が　まだ%1F強いぜ。,¿Así juegan los estudiantes de\nsecundaria? Me parece que los de\nprimaria les dan mil patadas...
10090040,\センパイがスカウトしたい%1F人は\n%1F今までいた%2F場所から\n%2F移動したみたいですね！,¡El jugador que buscabas\nse ha ido a otra parte!
10090040,hだがその%1F前に　てめえらのレベルが\nどんなもんか　%1F試させてもらうぜ。\nさあ　%2F勝負しやがれ！,"Antes de eso, déjame ver qué\ntal jugáis. ¡Vamos!"
10090040,lこ　ここまでレベルが%1F違うとは…。\nてめえ…　いや…　センパイ！\nこれから　よろしくおねがいします！,"Sí que hay diferencia de nivel...\nMaldito... digo, ¡capitán!\nEncantado de jugar contigo."
10090040,|てめえ　サッカー%1F部だな！\n%3F小学校で%2F天才と%1F言われた　このオレ%1F様が\n%1F入ってやろうって　%1F言ってんだよ！,"Eres del club de fútbol, ¿no?\n¡Ya puedes dejar que el genio de\neste insti se una a tu equipo!"
10090041,$もしもし？\nセンパイですか？,"¡Hola, Mark!"
10090041,%s\nが%2F仲間になった！,¡%s se te ha unido!
10090041,8やっぱ…　こんなボクじゃあ…\nムリみたいだね…。,Lo sabía... Vosotros tampoco\nsabéis jugar.
10090041,<どうせボクなんて…\n%2F何回やっても　ムリなんだよ…。,Siempre me sale igual de mal.\n¿Crees que debería volver a\nintentarlo?
10090041,Pボクに…　%1F用なの…？\n%1F話しかけられるのなんて…\nひさしぶりだな…。,¿Quieres algo?...\nHacía mucho... que no\nhablabas conmigo.
10090041,Xその%1F人は　いつも\n%3F河川敷グラウンドのベンチの%1F近くに\nいるみたいですよ！,¡Siempre está cerca de los bancos\nque hay en el campo de fútbol\ndel río!
10090041,\センパイがスカウトしたい%1F人は\n%1F今までいた%2F場所から\n%2F移動したみたいですね！,¡El jugador que buscabas\nse ha ido a otra parte!
10090041,dサッカー%1F部…？\nこんなボクでも…　できるかな…？\nもし　そうなら…　%1F少しやらせてよ…。,"¿Al equipo de fútbol?... ¿Crees\nque me podría apuntar?... Bueno,\njuguemos un poquito."
10090041,lボ　ボクにもできそうだ！\n%1F何だか　%2F自信がついてきたよ。\nありがとう！　もちろん%2F入部するよ。,"¡Creo que podré jugar! He... he\nganado un poco de confianza.\n¡Gracias, me apuntaré al equipo!"
10090042,$もしもし？\nセンパイですか？,"¡Hola, Mark!"
10090042,%s\nが%2F仲間になった！,¡%s se te ha unido!
10090042,8オレに　サッカーしないかって？\nうーん　そうだな…,¿Que si juego al fútbol? Pues...
10090042,L%1F思ってたより　%2F面白くないんだな…。\n%1F悪いが　あきらめてくれ。,"Es más aburrido de lo que\nimaginaba... Lo siento, pero paso."
10090042,Pその%1F人は　いつも\n%3F河川敷グラウンドの%2F海岸に\nいるみたいですよ！,"¡Siempre está en la orilla del\nrío, cerca del campo de fútbol!"
10090042,Tサッカーをやってみて　オレが\n%2F面白いって%1F思ったら\n%1F入ってもいいぜ。,"Si me gusta, me apuntaré a\ntu equipo. ¿De acuerdo?"
10090042,\またキミか…。\nオレと%2F意見が　あわないようなら\n%2F今度こそ　あきらめてくれよな。,"¿Tú otra vez? Si no conseguimos\nponernos de acuerdo ahora,\nprométeme que me dejarás en paz."
10090042,\センパイがスカウトしたい%1F人は\n%1F今までいた%2F場所から\n%2F移動したみたいですね！,¡El jugador que buscabas\nse ha ido a otra parte!
10090042,hサッカーってなかなか%2F面白いものだな。\nこれなら%1F入ってやってもいいぜ。\nこれからよろしくな。,"El fútbol es divertido... Vale,\njugaré en tu equipo como prometí.\nNo os fallaré."
10090043,$もしもし？\nセンパイですか？,"¡Hola, Mark!"
10090043,%s\nが%2F仲間になった！,¡%s se te ha unido!
10090043,Hもしまた…\nダンスを　なめるようなことしたら\n%1F許さないからな！,No me digas que vas a intentar\nconvencerme de que el fútbol\nes mejor que la danza otra vez.
10090043,Lその%1F人は　いつも\n%2F鉄塔の%3F掲示板の%1F近くに\nいるみたいですよ！,¡Siempre está cerca del tablón\nde anuncios que hay en la torre!
10090043,\だけど　%2F入部する%1F前に\nホントに　リズム%1F感がつくのか\n%2F体験させてくれよな。,Demúestrame que lo que me acabas\nde contar es cierto y me uniré a\ntu equipo.
10090043,\センパイがスカウトしたい%1F人は\n%1F今までいた%2F場所から\n%2F移動したみたいですね！,¡El jugador que buscabas\nse ha ido a otra parte!
10090043,hなるほど…　たしかにサッカーで\nリズム%1F感がつきそうだな。\nぜひこのまま　%1F続けさせてもらうよ。,"Tenías razón... Uno puede llevar\nel ritmo jugando al fútbol.\nDéjame seguir sintiéndolo, ¿vale?"
10090043,hサッカーをやったら　リズム%1F感がつく？\nそれだったら　オレの%1F踊りも\n%2F上手くなりそうだな。,¿Dices que jugando al fútbol se\ngana ritmo? Entonces podré\nmejorar mi manera de bailar.
10090043,またおまえか…,¿Otra vez tú?...
10090044,$もしもし？\nセンパイですか？,"¡Hola, Mark!"
10090044,%s\nが%2F仲間になった！,¡%s se te ha unido!
10090044,Hその%1F人は　いつも\nテニスコートの%1F近くに\nいるみたいですよ！,¡Siempre está cerca de\nlas pistas de tenis!
10090044,\センパイがスカウトしたい%1F人は\n%1F今までいた%2F場所から\n%2F移動したみたいですね！,¡El jugador que buscabas\nse ha ido a otra parte!
10090044,dこれで　わかったかい？\nがむしゃらだけじゃ　ナンセンスさ。\nもっと　%1F頭を%1F使わないとね。,¿Has visto? De nada sirve jugar\nsin ideas. Hay que utilizar más\nla cabeza.
10090044,hまた　キミたちか…。\nあいかわらず　ドロくさいみたいだね。\nそんなんじゃ　ボクには%1F勝てないよ。,"Otra vez tú... Para variar, estás\nlleno de barro. ¿Crees que con\nesas pintas puedes ganarme?"
10090044,pサッカー%1F部の%2F練習は\nいつ%1F見てもドロくさくて きたないな…。\nまったく…　%2F科学%1F的じゃないよ。,"Los del equipo de fútbol siempre\nvan sucios, oliendo a barro...\nSon de lo menos científico que hay."
10090044,x%1F久しぶりに　%2F熱血しちゃったよ…。\nサッカーは　がむしゃらにやったら\n%1F楽しいね。　これからもしようかな…。,He vuelto a sentir la pasión\ndespués de tanto tiempo... Es\nchulo jugar al fútbol a lo loco.
10090044,р�っ？　%1F違うと%1F言いたいようだね。\nだったら　ドロくさいのと%2F科学%1F的なのは\nどっちが%1F強いか　%2F勝負してみようか。,"¿Uh? No pareces muy convencido.\nDemuéstrame qué tiene más peso,\nsi la ciencia o el lodo."
10090045,$もしもし？\nセンパイですか？,"¡Hola, Mark!"
10090045,%s\nが%2F仲間になった！,¡%s se te ha unido!
10090045,4おまえさんが　サッカー%1F部の\n%2F円堂かね？,"¿Eres Mark, del equipo de fútbol?"
10090045,@おまえさんに%1F会ったら\nサッカーバトルができるらしいな。,Me parece que podemos montar\nuna pachanga con vosotros.
10090045,Dおっ　また%1F来ただかね？\nよしっ　サッカーバトルを\nするだ！,"Oh, ¿otra vez por aquí?\n¡A jugar una pachanga, pues!"
10090045,Pくっそー！　%1F負けちまっただー。\nでも　サッカーバトルって%1F楽しいべ！,"¡Vaya, he perdío! Pero ¡esto de\njugar pachangas tiene su miga!"
10090045,Pオラ　１%1F度サッカーバトルを\nやってみたかっただよ。\nさっそくやるだ！,"¡Quiero saber lo que se siente\nal jugar una pachanga!\n¡Venga, vamos a jugar!"
10090045,\その%1F人は　いつも\nテニスコートの%1F近くにある%1F木の%1F後ろに\nいるみたいですよ！,¡Siempre está detrás del árbol\nque hay cerca de las pistas de\ntenis!
10090045,\センパイがスカウトしたい%1F人は\n%1F今までいた%2F場所から\n%2F移動したみたいですね！,¡El jugador que buscabas\nse ha ido a otra parte!
10090045,たの,No dejes de volver a retarme\na pachangas.
10090045,よっしゃ　いくだよ！,"¡Muy bien, vamos allá!"
10090045,んだか？　ガッカリだべ。,¿Pasa algo? Menudo chasco me\nhe llevao contigo.
10090046,$それじゃあ　%1F始めようか。,¿Te piras?
10090046,$もしもし？\nセンパイですか？,"¡Hola, Mark!"
10090046,%1F逃げるのかい？,"Si me ganas, aceptaré cualquier\nfavor que me pidas, ¿vale?"
10090046,%s\nが%2F仲間になった！,¡%s se te ha unido!
10090046,Dその%1F人は　いつも\n%3F河川敷の%2F道路に\nいるみたいですよ！,¡Siempre está en la carretera\nque hay cerca del río!
10090046,Hそんなキミにサービスタイムだ。\nボクが　%2F相手をしてあげるよ。,Te haré un favor y\njugaré contra ti.
10090046,Hキミがボクに%1F勝ったら\n%1F何でも%1F言うことを%1F聞いてあげるよ。,"Venga, te haré caso...\nTe lo has ganado. Juegas muy bien."
10090046,Pふっふっふっふっふ…\nボクを%1F見つけるとは\n%1F運がいいヤツだな　キミは。,"Ju, ju, ju... Qué suertudo.\n¡Has conseguido encontrarme!..."
10090046,\センパイがスカウトしたい%1F人は\n%1F今までいた%2F場所から\n%2F移動したみたいですね！,¡El jugador que buscabas\nse ha ido a otra parte!
10090046,dなかなか　やるようだね。\nそれじゃあ　%2F約束だ。\n%1F何でも%1F言うことを%1F聞いてあげるよ。,"¿Quieres que juegue contigo?\n¿Estás seguro? Vale, me\napuntaré a tu equipo."
10090046,dもし　キミが%1F勝ったら\n%1F何でも%1F言うことを%1F聞いてあげるよ。\nさあ　%2F勝負するかい？,"Si ganas, haré lo que me pidas.\nQué, ¿jugamos?"
10090046,やくそく,Hay que entrenarse más...
10090047,$もしもし？\nセンパイですか？,"¡Hola, Mark!"
10090047,%s\nが%2F仲間になった！,¡%s se te ha unido!
10090047,Dその%1F人は　いつも\n%3F河川敷の%2F船場に\nいるみたいですよ！,¡Siempre está cerca del\nmuelle del río!
10090047,Tおい！　オレにサッカーの\n%2F才能があるのか　ないのか\nはっきり　してくれよ！,¡Así no puedo saber si tengo\naptitudes para el fútbol!\n¡Plantadme cara!
10090047,Xじゃあオレに　%2F有名なプロ%2F選手になれる\n%2F才能がありそうか　%1F見てくれよ。,"Bueno, dime si tengo talento para\nconvertirme en un gran jugador."
10090047,\センパイがスカウトしたい%1F人は\n%1F今までいた%2F場所から\n%2F移動したみたいですね！,¡El jugador que buscabas\nse ha ido a otra parte!
10090047,hサッカーのプロなら　お%1F金をかせげる？\nつまり　%2F有名になれば\nお%1F金%1F持ちになれるんだね。,"Si te haces profesional, ¿puedes\nganar dinero? O sea, si me hago\nfamoso, también seré rico, ¿no?"
10090047,lもし　オレに%2F才能がなかったら…\nサッカーなんて　すぐにやめるよ。\nだから　%1F早く%1F言ってくれ！,"Si no lo tuviera... dejaré el\nfútbol sin pensarlo. Vamos,\n¡dímelo rápido!"
10090047,pえっ　オレにプロの%2F才能がありそう？\nなら　ガンバってみようかな…。\nたまには　%2F努力も%2F大事だよな。,¿Cómo? ¿Que tengo madera de\ngenio? Habrá que meterse caña.\nEs importante saber esforzarse.
10090048,$もしもし？\nセンパイですか？,"¡Hola, Mark!"
10090048,%s\nが%2F仲間になった！,¡%s se te ha unido!
10090048,Dボクに%1F負けてるなんて…。\nホントに　%1F教える%1F気がある？,¿Cómo has podido perder contra\nmí? ¿De verdad que tienes ganas\nde ayudarme?
10090048,Hその%1F人は　いつも\nテニスコートの%1F近くに\nいるみたいですよ！,¡Siempre está cerca de\nlas pistas de tenis!
10090048,\センパイがスカウトしたい%1F人は\n%1F今までいた%2F場所から\n%2F移動したみたいですね！,¡El jugador que buscabas\nse ha ido a otra parte!
10090048,`これからの%2F時代…\nスポーツ%2F医学は　すごい%2F大事なんだよ。\nだから　%2F協力たのむよ。,"En los próximos años, la\nmedicina deportiva será muy\nimportante. Ayúdame, anda."
10090048,dプレイしてみて\n%1F初めてわかることって　あるんだな…。\nこれからも　%2F勉強させてくれよな。,"Hay cosas que no he comprendido\nhasta ahora, que he jugado...\nPermíteme seguir con este estudio."
10090048,tだから　%1F試しにサッカーを\nやらせてほしいんだ。　%2F上手くいったら\nキミの%1F力になるからさ…　たのむよ。,"Me gustaría jugar un poco al fútbol\ny si se me da bien, ayudarte con el\nequipo. ¿Te parece bien?"
10090048,|スポーツ%2F医学を　%1F学ぶために\n%1F何らかのスポーツを　やっていた%1F方が\n%2F勉強になりやすいと　%1F思うんだよね。,Creo que para aprender medicina\ndeportiva lo mejor será practicar\nvarios deportes.
10090049,$もしもし？\nセンパイですか？,"¡Hola, Mark!"
10090049,%s\nが%2F仲間になった！,¡%s se te ha unido!
10090049,L%2F運動しましたが…\nおいしくなったとは\nとても　%1F思えませんよ…。,"He hecho deporte, pero el sabor\nde lo que me has dado tampoco es\nque fuera para tirar cohetes..."
10090049,Pその%1F人は　いつも\n%3F河川敷のグラウンドの%1F近くに\nいるみたいですよ！,¡Siempre está cerca del campo\nde fútbol del río!
10090049,\センパイがスカウトしたい%1F人は\n%1F今までいた%2F場所から\n%2F移動したみたいですね！,¡El jugador que buscabas\nse ha ido a otra parte!
10090049,dまだ　こりないのですか…？\n%2F運動しましたが…　おいしい%2F料理には\nなりませんでしたのに…。,"He hecho deporte, pero la comida no\nestaba muy allá... ¿Y aún quieres más?"
10090049,lいいでしょう…。\nこれも%1F全て　おいしい%2F料理のためです。\nですが　まずかったら　%1F許しませんよ！,"Bien, todo sea por una comida\ndeliciosa. Pero como esté mala...\n¡de mí te acuerdas! ¿Entendido?"
10090049,xグルメなワタシを　うならせる%2F料理を\n%1F食べさせてくれる　と%1F言いましたね…。\nそのかわり　%2F運動しろと…？,"Has dicho que si hago deporte me\ndejarás probar una comida que\nme va a chiflar, ¿verdad?"
10090049,�%2F運動した%1F後だと…　こんなに%2F料理が\nおいしくなるのですね…。　これから\n%2F食事%1F前の%2F運動は　かかせないですね。,"Después de hacer deporte, la comida\nentra mejor que nunca. No comeré\nnada sin antes ejercitarme un poco."
10090050,$もしもし？\nセンパイですか？,"¡Hola, Mark!"
10090050,%s\nが%2F仲間になった！,¡%s se te ha unido!
10090050,0ケガしてもしらないぜ！\n%2F覚悟しな！！,"¡Si tienes ganas de pelea,\nla tendrás! ¿Estás preparado?"
10090050,8まだやる%1F気か！？\nカモン　いつでもいいぜ！！,"¿Aún quieres más? Pues venga,\nprepárate a recibir una buena."
10090050,Lその%1F人は　いつも\n%3F河川敷の%1F船の%1F近くに\nいるみたいですよ！,¡Siempre está cerca del\nembarcadero del río!
10090050,Lまだまだ　やりたりねえぜ！\nもっと%1F思いっきり　かかって%1F来やがれ！,¡Aún no he tenido suficiente!\n¡Tienes que cargar contra\nmí con todo!
10090050,\センパイがスカウトしたい%1F人は\n%1F今までいた%2F場所から\n%2F移動したみたいですね！,¡El jugador que buscabas\nse ha ido a otra parte!
10090050,tはあ！？　オレにケンカやめろだ！？\nてめぇ…　ケンカ%1F売ってんだな？\nいいだろう　そのケンカ%1F買ってやるよ！,¿Qué? ¿Que deje de meterme en\npeleas? ¿Me estás vacilando?\nTe la has buscado...
10090050,xこんなに　さわやかな%2F気分になったのは\n%1F久しぶりだぜ。　サンキュー！\nお%1F礼に　オレの%1F力をかしてやるよ。,Hacía mucho que no me sentía\ntan relajado. ¡Gracias! Te\napoyaré con lo de tu equipo.
10090051,$もしもし？\nセンパイですか？,"¡Hola, Mark!"
10090051,%s\nが%2F仲間になった！,¡%s se te ha unido!
10090051,@まだやる%1F気かい？\n%1F少しは　かしこくなったらどうだい？,Se nota que no eres muy listo.\n¿Aún quieres más?
10090051,Dキミたち…　%2F全然ダメダメだね。\nホント…　%1F口だけだよ。,Estáis mal... Fatal.\nSe os va la fuerza por la boca.
10090051,Pその%1F人は　いつも\n%3F河川敷のオブジェの%1F近くに\nいるみたいですよ！,¡Siempre está cerca de la\nestatua del campo de fútbol\ndel río!
10090051,\センパイがスカウトしたい%1F人は\n%1F今までいた%2F場所から\n%2F移動したみたいですね！,¡El jugador que buscabas\nse ha ido a otra parte!
10090051,`あ　%1F頭じゃなくて…\n%2F身体でわかってるんだね…。\nそれ…　ボクにも%1F教えてくれよ。,"Por lo visto, solo la teoría no\nes suficiente. Enséñame a jugar\ncomo solo tú sabes, por favor."
10090051,dサッカーは　%1F頭でするスポーツだよ。\nキミたちは　それをわかっていないから\n%1F弱いんだよ。,"El fútbol es un deporte que se\njuega con cabeza. Parece que no\nlo sabéis, de ahí lo malos que sois."
10090051,t%1F何か…　モンクでも%1F言いたそうだね。\nだったら　%2F身体でわからせてあげるよ。\nほら…　かかっておいで。,"Parece que no te convence lo que\ndigo... Bien, te lo haré entender\ncon la práctica. Ven a por mí."
10090052,$もしもし？\nセンパイですか？,"¡Hola, Mark!"
10090052,$ん…　なんかイマイチだな…。,Hmm... No me acaba de convencer...
10090052,%s\nが%2F仲間になった！,¡%s se te ha unido!
10090052,@えっ　サッカー？\nんー　じゃあ%1F試しにやらせてみてよ。,"¿Fútbol, dices? Bueno, a ver qué\ntal se me da. Ponme a prueba."
10090052,@よくキャンプするんだけど…\n%1F何かいい%1F遊びないかな？,"Voy bastante de acampada, pero\nno se me ocurre qué hacer una\nvez he montado la tienda."
10090052,Lキャンプ%1F先で　できる%1F遊び…\n%1F誰か　%1F教えてくれないかな…。,Un juego con el que divertirse\nen el lugar de acampada...\n¿Conoces alguno?
10090052,Tその%1F人は　いつも\n%3F野球場の%2F観客%1F席の%1F近くに\nいるみたいですよ！,¡Está siempre cerca de las gradas\nque hay en el campo de béisbol!
10090052,\センパイがスカウトしたい%1F人は\n%1F今までいた%2F場所から\n%2F移動したみたいですね！,¡El jugador que buscabas\nse ha ido a otra parte!
10090052,dこれなら　どこでも%1F楽しめそうだね。\nもう%1F少し　サッカーのこと\n%1F教えてくれないかな。,Con el fútbol te lo puedes pasar\nbien en cualquier lugar. ¿Puedes\nhablarme más de este deporte?
10090053,$もしもし？\nセンパイですか？,"¡Hola, Mark!"
10090053,%s\nが%2F仲間になった！,¡%s se te ha unido!
10090053,H%2F今度こそ\n%2F動体%2F視力がよくなる　%2F練習を\n%1F教えてよね。,La próxima vez dime si existe de\nverdad alguna manera de trabajar\nla visión dinámica.
10090053,H%2F動体%2F視力を　きたえたいんだけど\n%1F何かいい%2F方法ないかな？,"Me gustaría entrenar la visión\ndinámica, pero no se me ocurre\ncómo."
10090053,Pうーん…　こんなんで\n%2F動体%2F視力が　よくなるとは\n%1F思えないな…。,No creo que así mejore mi\nvisión dinámica...
10090053,Pその%1F人は　いつも\n%1F小さいグラウンドの%1F近くに\nいるみたいですよ！,¡Siempre está cerca del\ncampo pequeño!
10090053,Tこれで%2F動体%2F視力がつくんだね。\nありがとう。\nお%1F礼に　%2F入部するよ。,"Con esto la visión mejora, ¿eh?\nGracias... Me uniré a tu equipo."
10090053,Xえっ？　サッカー？\nじゃあ　ホントにきたえれるのか\n%1F少し%2F体験させてくれよ。,¿Eh? ¿Fútbol? Mmm... ¿Es verdad\neso de que jugando se mejora?
10090053,\センパイがスカウトしたい%1F人は\n%1F今までいた%2F場所から\n%2F移動したみたいですね！,¡El jugador que buscabas\nse ha ido a otra parte!
10090054,$もしもし？\nセンパイですか？,"¡Hola, Mark!"
10090054,%s\nが%2F仲間になった！,¡%s se te ha unido!
10090054,0サッカーで%1F負けず%1F嫌いが%1F身につく？,El fútbol te enseña a\ntener hambre de victoria.
10090054,8ホントに%1F身につくのか\n%1F少し%1F試させてよ。,Déjame probar si me\nabre el apetito.
10090054,Dその%1F人は　いつも\n%2F正門の%1F近くに\nいるみたいですよ！,¡Siempre está cerca de la entrada\nprincipal del instituto!
10090054,Dその%1F人は　いつも\n%3F焼却炉の%1F近くに\nいるみたいですよ！,¡Siempre se le ve cerca de\nla incineradora!
10090054,L%2F何回もサッカーをやったら\n%1F負けず%1F嫌いになれるってことなの？,¿Dices que si jugamos ahora\nme entrará hambre de victoria?
10090054,\センパイがスカウトしたい%1F人は\n%1F今までいた%2F場所から\n%2F移動したみたいですね！,¡El jugador que buscabas\nse ha ido a otra parte!
10090055,$もしもし？\nセンパイですか？,"¡Hola, Mark!"
10090055,%s\nが%2F仲間になった！,¡%s se te ha unido!
10090055,0%2F食事バランスには　%1F気をつけないとね。,Hay que llevar una dieta equilibrada.\n¿Quieres que te demuestre por qué?
10090055,D%2F食事バランスも%2F大切だけど\n%2F運動するのも%2F大切だよね。,"Llevar una dieta equilibrada es\nimportante, pero hacer ejercicio\ntambién lo es."
10090055,Dその%1F人は　いつも\n%3F焼却炉の%1F近くに\nいるみたいですよ！,¡Siempre se le ve cerca de\nla incineradora!
10090055,Lその%1F人は　いつも\n%1F渡り%2F廊下の%1F下あたりに\nいるみたいですよ！,¡Siempre está junto al pasaje!
10090055,Xだから　%1F少し%2F運動させてちょうだい。\n%1F後で　おいしいご%1F飯あげるからさ。,Ayúdame a hacer ejercicio y luego\nte invito a algo buenísimo.
10090055,\センパイがスカウトしたい%1F人は\n%1F今までいた%2F場所から\n%2F移動したみたいですね！,¡El jugador que buscabas\nse ha ido a otra parte!
10090055,lやっぱり%2F食事バランスも　%2F大事だけど\n%2F運動も　%2F大事だね。\nこれからは　%2F運動しに%1F来るよ。,"Es importante llevar una dieta\nequilibrada, pero también hay que\nhacer deporte. Correré más."
10090056,$もしもし？\nセンパイですか？,"¡Hola, Mark!"
10090056,%s\nが%2F仲間になった！,¡%s se te ha unido!
10090056,0サッカーで%1F負けず%1F嫌いが%1F身につく？,El fútbol te enseña a\ntener hambre de victoria.
10090056,8ホントに%1F身につくのか\n%1F少し%1F試させてよ。,Déjame probar si me\nabre el apetito.
10090056,Dその%1F人は　いつも\n%3F焼却炉の%1F近くに\nいるみたいですよ！,¡Siempre se le ve cerca de\nla incineradora!
10090056,Hその%1F人は\n%3F正門前グラウンドの%1F近くに\nいるみたいですよ！,¡Está cerca del campo de fútbol\nde la entrada principal!
10090056,L%2F何回もサッカーをやったら\n%1F負けず%1F嫌いになれるってことなの？,¿Dices que si jugamos ahora\nme entrará hambre de victoria?
10090056,\センパイがスカウトしたい%1F人は\n%1F今までいた%2F場所から\n%2F移動したみたいですね！,¡El jugador que buscabas\nse ha ido a otra parte!
10090057,$もしもし？\nセンパイですか？,"¡Hola, Mark!"
10090057,%s\nが%2F仲間になった！,¡%s se te ha unido!
10090057,8また　おまえかよ！\nもう　これがラストだからな。,"¿Otra vez tú? Bueno, te daré una\noportunidad. Pero que sea la última.\n¿Te ha quedado claro?"
10090057,Dオレに　サッカーしないかって？\nオレがそんなことできるかよ！,¿Que si juego al fútbol?\n¿Crees que tengo tiempo para eso?
10090057,Lその%1F人は　いつも\n%2F鉄塔の%3F掲示板の%1F近くに\nいるみたいですよ！,¡Siempre está cerca del tablón\nde anuncios que hay en la torre!
10090057,\センパイがスカウトしたい%1F人は\n%1F今までいた%2F場所から\n%2F移動したみたいですね！,¡El jugador que buscabas\nse ha ido a otra parte!
10090057,h…ああ　もうわかったよ。\nしつこいから　%2F今回だけやってやるよ。\nホントに　%2F今回だけだからな。,"Vale, vale. No hace falta que\ninsistas más, jugaré. Pero solo\nesta vez, ¿eh?"
10090057,hだから%1F言っただろ！\nわがままばかり　%1F言うヤツらだから\n%2F一緒に　プレイしたくないんだよ。,¡Te lo dije! No me da la gana\nde jugar con gente egoísta.
10090057,p%2F一緒にサッカーやってたら\n%1F何だか　%1F楽しくなってきたよ。\nチームプレイの%1F楽しさが　わかったよ。,Me lo he pasado bomba jugando\ncontigo. Ya entiendo por qué es\ntan divertido el juego en equipo.
10090058,$もしもし？\nセンパイですか？,"¡Hola, Mark!"
10090058,%s\nが%2F仲間になった！,¡%s se te ha unido!
10090058,Lその%1F人は　いつも\n%2F鉄塔が%1F見える%2F場所に\nいるみたいですよ！,¡Siempre está en un lugar\ndesde donde se ve la torre!
10090058,Pおーほっほっほ…\n%2F勝負には\n%1F勝たなければ%2F意味がありませんからね。,"Jo, jo, jo... Los partidos se\njuegan para ganarlos."
10090058,\センパイがスカウトしたい%1F人は\n%1F今までいた%2F場所から\n%2F移動したみたいですね！,¡El jugador que buscabas\nse ha ido a otra parte!
10090058,d%2F勝負は　%1F何が%1F起きるかわかりませんが\n%2F結果は%1F変わりませんよ。\nおーほっほっほ。,"Los lances del juego no los\nconocemos, pero el resultado\nfinal sí. ¿Quieres verlo?"
10090058,pちなみに　わたしたちはギャンブラー…\n%2F勝負に%1F負けたことはありません。\nでは　%2F勝負いたしましょう。,"Por cierto, somos tahúres... No\nsabemos lo que es perder una\napuesta. Juguemos, pues."
10090058,pわたしたちに　サッカー%1F部へ%1F入れと？\n…いいでしょう。\n%2F勝負に%1F勝てたら　%1F入ってあげましょう。,"¿Que juegue en tu equipo?\nVale... Si consigues ganarme,\nno pondré ninguna objeción."
10090058,|あ　あなたイカサマしましたね！\nそうでなければ　%1F負けたりしません！\n%1F認めるまでサッカー%1F部に%2F居座りますよ！,"Ah, ¡has hecho trampas! Explícame\nsi no cómo has ganado... ¡Jugaré en\ntu equipo hasta que lo reconozcas!"
10090059,$もしもし？\nセンパイですか？,"¡Hola, Mark!"
10090059,%s\nが%2F仲間になった！,¡%s se te ha unido!
10090059,8また　おまえかよ！\nもう　これがラストだからな。,"¿Otra vez tú? Bueno, te daré una\noportunidad. Pero que sea la última.\n¿Te ha quedado claro?"
10090059,@オレにサッカーしないかって？\nオレがそんなことできるかよ！,¿Que entre en tu equipo?\n¿Por qué tengo yo que entrar\nen tu equipo?
10090059,Lその%1F人は　いつも\n%2F鉄塔が%1F見える%2F場所に\nいるみたいですよ！,¡Siempre está en un lugar\ndesde donde se ve la torre!
10090059,\センパイがスカウトしたい%1F人は\n%1F今までいた%2F場所から\n%2F移動したみたいですね！,¡El jugador que buscabas\nse ha ido a otra parte!
10090059,h…ああ　もうわかったよ。\nしつこいから　%2F今回だけやってやるよ。\nホントに　%2F今回だけだからな。,"Vale, vale. No hace falta que\ninsistas más, jugaré. Pero solo\nesta vez, ¿eh?"
10090059,hだから%1F言っただろ！\nわがままばかり　%1F言うヤツらだから\n%2F一緒に　プレイしたくないんだよ。,¡Te lo dije! No me da la gana\nde jugar con gente egoísta.
10090059,p%2F一緒にサッカーやってたら\n%1F何だか　%1F楽しくなってきたよ。\nチームプレイの%1F楽しさが　わかったよ。,Me lo he pasado bomba jugando\ncontigo. Ya entiendo por qué es\ntan divertido el juego en equipo.
10090060,$もしもし？\nセンパイですか？,"¡Hola, Mark!"
10090060,%s\nが%2F仲間になった！,¡%s se te ha unido!
10090060,8どうせムリだって　わかってるのに…\nまたやるの…？,"Sabes que no seré un buen rival,\n¿y aun así quieres volver a jugar\ncontra mí?"
10090060,<その%1F人は\n%3F駐車場の%1F近くに\nいるみたいですよ！,¡Siempre está cerca del\naparcamiento!
10090060,@やっぱり…\nボクには　ムリなんだ…。\nどうせボクなんて…。,Qué penoso...
10090060,Dその%1F人は　いつも\n%2F噴水の%1F近くに\nいるみたいですよ！,¡Siempre está cerca de la fuente!
10090060,Pいつも%2F努力して　がんばっているのに\n%1F何も　%2F上手くいかないんだ…。,"Siempre me esfuerzo un montón,\npero nada me sale bien..."
10090060,Xこんなボクでも　サッカーなら\n%2F上手くできるかな？\n%1F少し　やらせてくれない？,"Si jugara al fútbol, ¿lo haría\nbien? Tienes que ayudarme a\ndespejar esa duda."
10090060,\センパイがスカウトしたい%1F人は\n%1F今までいた%2F場所から\n%2F移動したみたいですね！,¡El jugador que buscabas\nse ha ido a otra parte!
10090060,hサッカーだったら　%2F努力がむくわれる\n%1F気がするよ。　ボク…　もう%1F少し\nがんばってみるよ。,El fútbol es un deporte que premia\nel esfuerzo. Voy a entrenarme un\npoco más. 
10090061,$もしもし？\nセンパイですか？,"¡Hola, Mark!"
10090061,%s\nが%2F仲間になった！,¡%s se te ha unido!
10090061,Dその%1F人は　いつも\n%2F噴水の%1F近くに\nいるみたいですよ！,¡Siempre está cerca de la fuente!
10090061,Hその%1F人は　いつも\nサークル%1F棟の%1F近くに\nいるみたいですよ！,¡Siempre está cerca del\nedificio de los clubes!
10090061,Pおーほっほっほ…\n%2F勝負には\n%1F勝たなければ%2F意味がありませんからね。,"Jo, jo, jo... Los partidos se\njuegan para ganarlos."
10090061,\センパイがスカウトしたい%1F人は\n%1F今までいた%2F場所から\n%2F移動したみたいですね！,¡El jugador que buscabas\nse ha ido a otra parte!
10090061,d%2F勝負は　%1F何が%1F起きるかわかりませんが\n%2F結果は%1F変わりませんよ。\nおーほっほっほ。,"Los lances del juego no los\nconocemos, pero el resultado\nfinal sí. ¿Quieres verlo?"
10090061,lわたしに　サッカー%1F部へ%1F入れと？\n…いいでしょう。\n%2F勝負に%1F勝てたら　%1F入ってあげましょう。,"Quieres que entre en tu equipo,\n¿no? Vale, si consigues ganarme,\nno pondré ninguna objeción."
10090061,pちなみに　わたしたちはギャンブラー…\n%2F勝負に%1F負けたことはありません。\nでは　%2F勝負いたしましょう。,"Por cierto, somos tahúres... No\nsabemos lo que es perder una\napuesta. Juguemos, pues."
10090061,|あ　あなたイカサマしましたね！\nそうでなければ　%1F負けたりしません！\n%1F認めるまでサッカー%1F部に%2F居座りますよ！,"Ah, ¡has hecho trampas! Explícame\nsi no cómo has ganado... ¡Jugaré en\ntu equipo hasta que lo reconozcas!"
10090062,$もしもし？\nセンパイですか？,"¡Hola, Mark!"
10090062,%s\nが%2F仲間になった！,¡%s se te ha unido!
10090062,Dその%1F人は　いつも\n%2F噴水の%1F近くに\nいるみたいですよ！,¡Siempre está cerca de la fuente!
10090062,Hその%1F人は　いつも\nサークル%1F棟の%1F近くに\nいるみたいですよ！,¡Siempre está cerca del\nedificio de los clubes!
10090062,Pおーほっほっほ…\n%2F勝負には\n%1F勝たなければ%2F意味がありませんからね。,"Jo, jo, jo... Los partidos se\njuegan para ganarlos."
10090062,\センパイがスカウトしたい%1F人は\n%1F今までいた%2F場所から\n%2F移動したみたいですね！,¡El jugador que buscabas\nse ha ido a otra parte!
10090062,d%2F勝負は　%1F何が%1F起きるかわかりませんが\n%2F結果は%1F変わりませんよ。\nおーほっほっほ。,"Los lances del juego no los\nconocemos, pero el resultado\nfinal sí. ¿Quieres verlo?"
10090062,lわたしに　サッカー%1F部へ%1F入れと？\n…いいでしょう。\n%2F勝負に%1F勝てたら　%1F入ってあげましょう。,"Quieres que entre en tu equipo,\n¿no? Vale... Si consigues ganarme,\nno pondré ninguna objeción."
10090062,pちなみに　わたしたちはギャンブラー…\n%2F勝負に%1F負けたことはありません。\nでは　%2F勝負いたしましょう。,"Por cierto, somos tahúres... No\nsabemos lo que es perder una\napuesta. Juguemos, pues."
10090062,|あ　あなたイカサマしましたね！\nそうでなければ　%1F負けたりしません！\n%1F認めるまでサッカー%1F部に%2F居座りますよ！,"Ah, ¡has hecho trampas! Explícame\nsi no cómo has ganado... ¡Jugaré en\ntu equipo hasta que lo reconozcas!"
10090063,$もしもし？\nセンパイですか？,"¡Hola, Mark!"
10090063,%s\nが%2F仲間になった！,¡%s se te ha unido!
10090063,Dその%1F人は　いつも\n%3F河川敷の%2F道路に\nいるみたいですよ！,¡Siempre está en la carretera\nque hay cerca del río!
10090063,P%1F花を　より%1F美しくさかせるためにも\nもっと　%2F大地を%1F感じないと…。,"¿Crees que si aprendo más cosas\nsobre la tierra, mis flores serán\nmás hermosas?"
10090063,X%1F花を　より%1F美しく%1F咲かせるために\n%1F何かいい%2F方法は　ないでしょうか？,¿Conoces alguna manera de cuidar\nlas plantas para que den flores\nmás bonitas?
10090063,X…%2F失礼ですが\nこんなので　%2F大地を%1F感じられるとは\nとうてい%1F思えません。,"Lo siento, pero no creo que\npueda sentir la tierra así."
10090063,\センパイがスカウトしたい%1F人は\n%1F今までいた%2F場所から\n%2F移動したみたいですね！,¡El jugador que buscabas\nse ha ido a otra parte!
10090063,d…サッカーですか？\nそれなら　%2F大地を%1F感じられるのですね。\n%2F早速　やらせてください。,"¿Fútbol, dices? Sentir la tierra\nbajo mis botas... Venga, hay que\nponerse a jugar cuanto antes."
10090063,�こんなに%2F大地と%2F一体%1F感を%1F感じられるとは\nなんて　すばらしいスポーツなんだ！\nぜひ　わたしにもやらせてください！,"¡Qué magnífico deporte, que te\npermite sentir la tierra en tu\npropio cuerpo! ¡Quiero jugar más!"
10090064,$もしもし？\nセンパイですか？,"¡Hola, Mark!"
10090064,%s\nが%2F仲間になった！,¡%s se te ha unido!
10090064,Hべ　べつにお%1F礼じゃないんだから！\nかん%1F違いしないでよね！！,¡No... no lo hago para saldar\nninguna deuda! ¡A ver qué te\npiensas!
10090064,Pその%1F人は　いつも\n%3F河川敷グラウンドの%2F海岸に\nいるみたいですよ！,"¡Siempre está en la orilla del\nrío, cerca del campo de fútbol!"
10090064,\センパイがスカウトしたい%1F人は\n%1F今までいた%2F場所から\n%2F移動したみたいですね！,¡El jugador que buscabas\nse ha ido a otra parte!
10090064,`これで　%1F何とかなりそうだわ…。\n%2F今度は　ワタシがあなたを\n%2F手伝ってあげるわよ。,Creo que con esto valdrá...\nAhora es mi turno de ayudarte.
10090064,d%2F今度こそ\nまじめに　%1F教えてくれるんでしょうね？\nちゃんとやらないと　%2F容赦しないわよ。,"¿No podrías esforzarte más en\nenseñarme? Si no lo haces como es\ndebido, no te mostraré clemencia."
10090064,pだから　あんたが%1F教えてよね。\nそのくらい　いいでしょう？\n%3F発表日が%1F近いんだから　%1F早くするわよ。,"Tienes que enseñarme.\nEl día del estreno se acerca, así\nque tendrá que ser rapidito."
10090064,�%2F今度の%2F演劇の%2F発表で　サッカーの\n%2F芝居をすることになったんだけど…\nサッカーできる%1F人が%2F１人もいないのよ。,Hemos quedado en que la próxima\nobra de teatro que hagamos irá\nde fútbol... y nadie sabe jugar.
10090065,$もしもし？\nセンパイですか？,"¡Hola, Mark!"
10090065,%s\nが%2F仲間になった！,¡%s se te ha unido!
10090065,@ボクより　%1F足が%1F速い%1F人に\n%1F教わりたいんだけどね。,Me gustaría que me enseñara una\npersona que corra más que yo.\n¿Crees que tú podrías hacerlo?
10090065,Lボクより　%1F足がおそい%1F人から\n%1F教わることなんて　%1F何もないね！,¡Alguien que corre menos que yo\nno tiene nada que enseñarme!
10090065,Pその%1F人は　いつも\n%3F河川敷のグラウンドの%1F近くに\nいるみたいですよ！,¡Siempre está cerca del campo\nde fútbol del río!
10090065,\センパイがスカウトしたい%1F人は\n%1F今までいた%2F場所から\n%2F移動したみたいですね！,¡El jugador que buscabas\nse ha ido a otra parte!
10090065,hサッカーだったら　%1F楽しみながら\n%1F足が%1F速くなると%1F思うんだよね。\n%2F早速　%2F特訓だー！,Creo que si juego al fútbol podré\nvolverme más rápido a la vez que\nme lo paso bien. ¡Entrenemos!
10090065,pありがとう！\nこれで%3F運動会で%1F恥をかかなくてすむよ。\nお%1F礼に　サッカー%1F部を%2F手伝わさせてね。,¡Gracias! Ahora evitaré pasar\nvergüenza en las carreras\nde relevos. ¡Me uno a tu equipo!
10090065,|もうすぐ　%3F運動会が%1F始まるんだ…。\n%1F足が%1F遅いから　%2F毎年イヤなんだけど…\nいい%2F方法　%1F思いついたんだ。,"Dentro de poco llega el festival\nde los deportes. Soy muy lento y\nlo odio, pero he tenido una idea."
10090066,$もしもし？\nセンパイですか？,"¡Hola, Mark!"
10090066,%s\nが%2F仲間になった！,¡%s se te ha unido!
10090066,@ああ…　もうダメだ…。\nネタが　%1F何も%1F思いつかない…。,Ah... Qué desastre... No me viene\na la cabeza nada ocurrente...
10090066,Hネタネタネタネタネタネタァァァ！！\nダレかオレに　ネタをくれー！！,¡Ideaaaaaaaaaaaaas! ¿Se te\nocurre algo más sobre lo que\npueda escribir en mi blog?
10090066,Tその%1F人は　いつも\n%3F河川敷グラウンドの%1F橋の%1F下に\nいるみたいですよ！,¡Siempre está debajo del puente\nque hay cerca del campo del río!
10090066,\センパイがスカウトしたい%1F人は\n%1F今までいた%2F場所から\n%2F移動したみたいですね！,¡El jugador que buscabas\nse ha ido a otra parte!
10090066,\ブログのネタがない！　ネタがない！\nネタがないよー！！\nねえ　%1F何かいいネタない！？,¡No sé qué escribir en el blog!\n¡No lo sé! ¡¿No puedes darme\nalguna idea?!
10090066,lんっ？　サッカー%2F体験？\n…よくわかんないけど　ネタになるなら\nやらせてくれよ！　ギブミーネター！！,¿Eh? ¿Que juegue al fútbol?\n¿Servirá para que me vengan\nideas a la cabeza?
10090066,p%1F書ける　%1F書けるぞ！\n%1F頭の%1F中が%2F文字でいっぱいだ！！\nもっとサッカーを%2F体験させてくれー！！,¡Me sirve para escribir! ¡Me\nsirve! Ya veo frases flotando en\nmi cabeza. ¡Tengo que jugar más!
10090067,$もしもし？\nセンパイですか？,"¡Hola, Mark!"
10090067,%s\nが%2F仲間になった！,¡%s se te ha unido!
10090067,4だったら　ボクが%1F入ってあげるよ。\nただし…,"Entonces jugaré contigo, pero..."
10090067,4キミの%2F勝負なら\nいつでも%1F買ってやるよ！,"¡Si quieres que te demuestre\nquién es mejor, solo tienes\nque pedírmelo!"
10090067,8キミが　オレより\n%1F強かったらの%1F話だけどね！,¡tendrás que demostrarme que\njuegas mejor al fútbol que yo!
10090067,@その%1F人は　いつも\n%1F駅の%1F近くに\nいるみたいですよ！,¡Siempre se le ve cerca\nde la estación!
10090067,Hリベンジに%1F来たんだろ？\n%2F今度こそ　ボクに%1F勝ってみなよ。,¿Has venido a tomarte la revancha?
10090067,Lその%1F人は　いつも\n%2F鉄塔の%2F小屋の%1F近くに\nいるみたいですよ！,¡Siempre ronda la caseta de\nla torre!
10090067,X%2F円堂くん…　なかなかやるね。\n%2F約束だ　サッカー%1F部に\n%1F入ってあげるよ。,"Te he visto bien, Mark.\nYa que lo he prometido, jugaré\nen tu equipo."
10090067,\やあ　%2F円堂くん。\nキミ　サッカー%1F部に%1F入ってくれる\nヤツをさがしてるんだって？,"¡Hola, Mark! ¿Estás reclutando\njugadores para tu equipo?"
10090067,\センパイがスカウトしたい%1F人は\n%1F今までいた%2F場所から\n%2F移動したみたいですね！,¡El jugador que buscabas\nse ha ido a otra parte!
10090067,えんどう,"Si fueras mejor que yo,\nme apuntaría a tu equipo."
10090067,さあ　いくよ！！,"¡Venga, vamos!"
10090068,$もしもし？\nセンパイですか？,"¡Hola, Mark!"
10090068,%s\nが%2F仲間になった！,¡%s se te ha unido!
10090068,8おまえには　オレが%1F言いたいことが\nわかるかい？,"Ah, ¿no?\nEntonces, ¿a qué has venido?"
10090068,8おまえには　オレが%1F言いたいことが\nわかるか？,Y tú... ¿sabes lo que\nquiero decirte?
10090068,@なんだ　ちがうのか…。\nだったら　いったい%1F何の%1F用だ？,"Ajá... ¡Venga, vamos!"
10090068,Hオレには　もうわかっている。\nおまえがなぜ　ここに%1F来たのか…,Sé a qué has venido.
10090068,Lその%1F人は　いつも\n%2F鉄塔の%2F小屋の%1F近くに\nいるみたいですよ！,¡Siempre ronda la caseta de\nla torre!
10090068,Lその%1F人は　いつも\n%2F駅前の%2F鳥居の%1F近くに\nいるみたいですよ！,¡Siempre está cerca del arco\nvotivo que hay en la zona de\nla estación!
10090068,\オレをサッカー%1F部に%1F入れたいんだろう？\nおまえの%1F顔を%1F見れば　すぐにわかるぞ。,"Quieres que juegue en tu equipo,\n¿verdad? Lo he sabido en cuanto\nte he visto la cara."
10090068,\センパイがスカウトしたい%1F人は\n%1F今までいた%2F場所から\n%2F移動したみたいですね！,¡El jugador que buscabas\nse ha ido a otra parte!
10090068,あと,"Me has dejado anonadado.\nYa sabes lo que te voy a decir,\n¿no?"
10090069,$もしもし？\nセンパイですか？,"¡Hola, Mark!"
10090069,%s\nが%2F仲間になった！,¡%s se te ha unido!
10090069,4なーんだ…　かっちょわりー。\nそんなもんか…。,¿Tanto rollo para eso?\nNo tienen nada de especial...
10090069,<なあなあ　ちょっと%1F見せてくれ！\n%1F早く%1F早く！！,"¿Puedo ver cómo lo hacéis?\n¡Venga, venga!"
10090069,@%2F今度こそ\nかっちょいい%1F技　%1F見せてくれるんだろ？,¡Enseñadme cómo hacéis esos\ndisparos tan chulos! 
10090069,@その%1F人は　いつも\n%1F駅の%1F近くに\nいるみたいですよ！,¡Siempre se le ve cerca\nde la estación!
10090069,Dその%1F人は　いつも\n%2F鉄塔の%1F近くに\nいるみたいですよ！,¡Siempre se le ve por la zona\nde la torre!
10090069,Lキミたち…\nマンガのような　%2F必殺シュートを\n%1F打てるんだって！？,"Oye, dicen que sois capaces de\npegar unos disparos que parecen\nsacados de dibujos animados."
10090069,\センパイがスカウトしたい%1F人は\n%1F今までいた%2F場所から\n%2F移動したみたいですね！,¡El jugador que buscabas\nse ha ido a otra parte!
10090069,tすっげー　かっちょいい！！\nサッカー%1F部に%1F入ったら\nオレにもできるんだろ？\fすぐに%1F入らせてもらうぜ！,"¡Qué pasada! ¿Si me uno a vuestro\nequipo, yo también podré disparar\nasí? ¡Deja que me apunte ya!"
10090070,$もしもし？\nセンパイですか？,"¡Hola, Mark!"
10090070,%s\nが%2F仲間になった！,¡%s se te ha unido!
10090070,D%1F子どもたちに　%2F勇気を%1F与えるためにも\n%2F協力してくれ！,Quiero ganar para dar ánimos a\nlos niños del orfanato. ¡Ponme\na prueba!
10090070,Lその%1F人は　いつも\n%2F鉄塔のベンチの%1F近くに\nいるみたいですよ！,¡Siempre está por los bancos\ndel parque de la torre!
10090070,Lその%1F人は　いつも\n%2F駅前の%2F鳥居の%1F近くに\nいるみたいですよ！,¡Siempre está cerca del arco\nvotivo que hay en la zona de\nla estación!
10090070,\%2F今度の%2F試合　%1F子どもたちのためにも\n%2F絶対%1F勝とうな！　よろしくたのむぜ！,¡Colabora tú también para dar\nilusión a los niños del orfanato!
10090070,\センパイがスカウトしたい%1F人は\n%1F今までいた%2F場所から\n%2F移動したみたいですね！,¡El jugador que buscabas\nse ha ido a otra parte!
10090070,`サッカー%1F部って%2F今度　%2F試合があるだろ。\nオレをその%2F試合に%1F出してくれないか？,"Dentro de poco tenéis partido,\n¿no? ¡Déjame jugarlo!"
10090070,hおまえら　やる%1F気あるのか！？\n%2F弱小っていっても　もう%1F少しマシだと\n%1F思ったんだけどな…。,"¡Vamos a ganar también el próximo\npartido, cueste lo que cueste!\n¡Por los niños del orfanato!"
10090070,じゃくしょう,"¿Estáis jugando en serio o qué?\nVale que seáis blandengues, pero\nno os imaginaba tan malos..."
10090071,$もしもし？\nセンパイですか？,"¡Hola, Mark!"
10090071,%s\nが%2F仲間になった！,¡%s se te ha unido!
10090071,<その%1F人は\n%2F正門の%1F近くに\nいるみたいですよ！,¡Está cerca de la entrada\nprincipal!
10090071,D%1F子どもたちに　%2F勇気を%1F与えるためにも\n%2F協力してくれ！,Quiero ganar para dar ánimos a\nlos niños del orfanato. ¡Ponme\na prueba!
10090071,\%2F今度の%2F試合　%1F子どもたちのためにも\n%2F絶対%1F勝とうな！　よろしくたのむぜ！,¡Colabora tú también para dar\nilusión a los niños del orfanato!
10090071,\センパイがスカウトしたい%1F人は\n%1F今までいた%2F場所から\n%2F移動したみたいですね！,¡El jugador que buscabas\nse ha ido a otra parte!
10090071,`サッカー%1F部って%2F今度　%2F試合があるだろ。\nオレをその%2F試合に%1F出してくれないか？,"Dentro de poco tenéis partido,\n¿no? ¡Déjame jugarlo!"
10090071,こんど,"¡Vamos a ganar también el próximo\npartido, cueste lo que cueste!\n¡Por los niños del orfanato!"
10090071,しあい,"¿Estáis jugando en serio o qué?\nVale que seáis blandengues, pero\nno os imaginaba tan malos..."
10090072,$もしもし？\nセンパイですか？,"¡Hola, Mark!"
10090072,%s\nが%2F仲間になった！,¡%s se te ha unido!
10090072,<サッカーは\n%2F地球に　やさしいスポーツなんだって？,¿Dices que el fútbol es un deporte\nque respeta la naturaleza?
10090072,Dその%1F人は　いつも\n%3F河川敷の%2F船場に\nいるみたいですよ！,¡Siempre está cerca del\nmuelle del río!
10090072,L%2F地球にやさしく！\nそして%2F面白い！\nそんなスポーツになったかい？,¿Será verdad que respeta la capa\nde ozono y además es divertido?\n¡Vamos a verlo!
10090072,Pサッカーが%2F地球にやさしくてもね…\n%2F面白くなかったら%2F意味がないよ。,Por mucho que el fútbol respete\nel medio ambiente... no ayuda\nnada que sea tan aburrido.
10090072,\センパイがスカウトしたい%1F人は\n%1F今までいた%2F場所から\n%2F移動したみたいですね！,¡El jugador que buscabas\nse ha ido a otra parte!
10090072,d%2F地球にやさしくて\n%2F面白いスポーツなんて　%2F最高だよ。\nもっと　やらせてもらうからね。,Un deporte tan respetuoso con\nel medio ambiente y tan divertido he\nde practicarlo más y más.
10090072,lホントかどうか%1F確かめさせてもらうよ。\n%2F地球に　%1F害があるようなら\nすぐに　やめてもらうからね。,"Eso tendré que comprobarlo. Como\nsea nocivo con el medio ambiente,\ntendréis que dejar de jugar."
10090073,$もしもし？\nセンパイですか？,"¡Hola, Mark!"
10090073,%s\nが%2F仲間になった！,¡%s se te ha unido!
10090073,@うーん…\n%1F何かが　%1F足りないような%1F気がするな…。,"Tienes que dejarme radiar el\npróximo partido. Como me has dado\ninformación de primera, te ayudaré."
10090073,Dその%1F人は　いつも\n%3F河川敷の%2F道路に\nいるみたいですよ！,¡Siempre está en la carretera\nque hay cerca del río!
10090073,Dメインにしたいから\nコレだ！　ってのがほしいんだよ。\nわかる？,Necesito algo que me pueda servir\npara la parte principal del programa.\n¿Se te ocurre algo?
10090073,T%2F今度の　%2F校内%2F放送の%2F目玉を\nさがしてるんだけど\n%1F何かないかなー？,Estoy buscando información de\ninterés para la radio del\ninstituto. ¿Alguna idea?
10090073,Tえっ？　サッカーの%2F試合？\nそれがどんなものか\n%2F早速　%1F見せてくれよ。,¿Eh? ¿Un partido de fútbol?\nMmm... Tendrás que demostrarme\nque vale la pena. ¿De acuerdo?
10090073,\センパイがスカウトしたい%1F人は\n%1F今までいた%2F場所から\n%2F移動したみたいですね！,¡El jugador que buscabas\nse ha ido a otra parte!
10090073,なに,Hmm... Me da a mí que falta algo.
10090074,$もしもし？\nセンパイですか？,"¡Hola, Mark!"
10090074,%s\nが%2F仲間になった！,¡%s se te ha unido!
10090074,0１%1F番おもしろい%2F球技がサッカーだって？,¿Dices que el mejor deporte que\nse juega con pelota es el fútbol?
10090074,Dその%1F人は　いつも\n%3F住宅街の%2F公園に\nいるみたいですよ！,¡Siempre está en el parque\nde la zona residencial!
10090074,Dだったら　%1F少しやらせてみろよ。\nオレが　%2F判断してやるぜ！,Eso tendré que comprobarlo.\n¡Seré yo quien lo decida!
10090074,Hその%1F人は　いつも\n%2F鉄塔の%1F池の%1F近くに\nいるみたいですよ！,¡Siempre se le ve cerca del\nestanque de la torre!
10090074,L%2F面白いって%1F言っても\nこの%2F程度か…。\n%2F期待して　ソンしたぜ。,"Será todo lo divertido que\nquieras, pero así se me quitan\nlas ganas de volver a jugar."
10090074,\センパイがスカウトしたい%1F人は\n%1F今までいた%2F場所から\n%2F移動したみたいですね！,¡El jugador que buscabas\nse ha ido a otra parte!
10090074,hたしかに　これは%2F面白いな！\n%1F少し　サッカーをなめてたよ。\nサッカー　もっとやらせてくれよな。,"¡Pues sí que es divertido! Puse\nel fútbol a parir, pero ahora\nquiero jugar aún más."
10090074,hなになに…\n%2F今度こそ　サッカーのホントの%2F面白さを\n%1F教えてくれる？　じゃあ%2F期待してるよ。,¿Qué? ¿Que esta vez sí que vas a\nenseñarme lo divertido que es el\nfútbol? Me muero por verlo.
10090075,$もしもし？\nセンパイですか？,"¡Hola, Mark!"
10090075,%s\nが%2F仲間になった！,¡%s se te ha unido!
10090075,<その%1F人は　いつも\n%3F住宅街に　いるみたいですよ！,¡Siempre está en la zona\nresidencial!
10090075,Lその%1F人は　いつも\n%2F鉄塔のベンチの%1F近くに\nいるみたいですよ！,¡Siempre está por los bancos\ndel parque de la torre!
10090075,Xこんなので\n%2F精神%2F修行が　できるわけなかろう！\nあまり%1F人をなめるでないぞ！,"Hmm... Francamente, es ideal para\nentrenar el espíritu. Esto del\nfútbol es genial, me uno a tu club."
10090075,\センパイがスカウトしたい%1F人は\n%1F今までいた%2F場所から\n%2F移動したみたいですね！,¡El jugador que buscabas\nse ha ido a otra parte!
10090075,`%2F精神%2F修行とは…\nおのれを　きたえることぞ。\nそれがわからないなら　%2F意味がないぞ。,¡Tengo que probarlo!\n¿Jugamos un poco?
10090075,dサッカーで　%2F集中%1F力がつくのか？\nつまり…　%2F精神%2F修行にもってこい\nということだな。,"¿El fútbol ayuda a mejorar la\nconcentración? O sea, que es ideal\npara entrenar el espíritu, ¿no?"
10090075,xふむ…　まさに%2F精神%2F修行にぴったしだ。\nサッカーとやらは　いいものだな。\nこのまま　%2F入部させてもらうぞ。,El entrenamiento del espíritu\nes la fortaleza de la mente.\n¿Sabes a qué me refiero?
10090075,せいしん,¡Así no hay espíritu que se\nentrene! ¡Dejad de tratar a\nla gente como pardillos!
10090076,$もしもし？\nセンパイですか？,"¡Hola, Mark!"
10090076,$よしっ\nそれじゃあ　いくぜ！,¡Vamos allá!
10090076,%s\nが%2F仲間になった！,¡%s se te ha unido!
10090076,",なんだよー\n%2F証明させてくれよなー。",¿Pero qué haces?\nDéjame que te lo demuestre...
10090076,8うーん　サッカー%1F部って\nたいしこたとないなあ。,Los del equipo de fútbol sois\nunos piltrafas.
10090076,8だから　サッカー%1F部に\n%1F入ってやってもいいぜ？,No me importaría apuntarme\na tu equipo.
10090076,Dこの%1F前の%2F勝負のリベンジだな？\nへへっ　そうこなくっちゃ！,¿Vienes a por la revancha?
10090076,Hえっ　%1F信じられないって？\nだったら\nプレイで%2F証明してやるよ！,¿Eh? ¿No me crees? Pues voy a\ntener que demostrártelo sobre\nel campo.
10090076,Hへへっ\nオレ　こう%1F見えても　\nけっこうサッカーうまいんだぜ！,"Aunque no lo aparente, en\nrealidad soy bastante bueno.\n¡Je, je!"
10090076,Pその%1F人は　いつも\n%3F本校舎%1F入り%1F口の%1F近くに\nいるみたいですよ！,¡Siempre está cerca de la entrada\ndel edificio principal!
10090076,\センパイがスカウトしたい%1F人は\n%1F今までいた%2F場所から\n%2F移動したみたいですね！,¡El jugador que buscabas\nse ha ido a otra parte!
10090076,よっし　いくぜ！！,¡Bien! ¡Vamos!
10090077,$もしもし？\nセンパイですか？,"¡Hola, Mark!"
10090077,%s\nが%2F仲間になった！,¡%s se te ha unido!
10090077,<その%1F人は　いつも\n%3F住宅街に　いるみたいですよ！,¡Siempre está en la zona\nresidencial!
10090077,Dこれだったら…\nカードゲームの%1F方が\nだんぜん%2F面白いぜ。,"Visto lo visto, jugar a las cartas\nle da mil patadas al fútbol real."
10090077,Dやっぱり…\nリアルサッカーより\nサッカーカードバトルだよな。,¿Sigues pensando que jugar al fútbol\nes más divertido que jugar a una partida\nde cartas de fútbol?
10090077,Lその%1F人は　いつも\n%2F鉄塔の%2F小屋の%1F近くに\nいるみたいですよ！,¡Siempre ronda la caseta de\nla torre!
10090077,Xサッカープレイヤーだったら\nサッカーカードゲームの　プレイヤーが\n%1F多そうだろ？,"Hay muchas cartas de jugadores\nde fútbol, ¿verdad?"
10090077,\センパイがスカウトしたい%1F人は\n%1F今までいた%2F場所から\n%2F移動したみたいですね！,¡El jugador que buscabas\nse ha ido a otra parte!
10090077,hサッカーカードもいいけど…\nリアルのサッカーも　いいもんだな。\n%2F両方とも　オレのものにするぜ。,"Las cartas están bien, pero jugar\nal fútbol real tiene su gracia.\nMe dedicaré a ambas cosas."
10090077,lほしいカードがあってさ…\nオレにも　サッカーやらせてくれよ。\nそうすれば　%2F出会いやすいはずだしな。,Voy detrás de una... Déjame jugar\nal fútbol contigo. Seguro que así\nla encuentro más fácilmente.
10090078,$もしもし？\nセンパイですか？,"¡Hola, Mark!"
10090078,%s\nが%2F仲間になった！,¡%s se te ha unido!
10090078,0ちゃんとした%2F練習を\nやらせてくれよな。,¡Ayúdame a practicar!
10090078,Pその%1F人は　いつも\n%3F本校舎%1F入り%1F口の%1F近くに\nいるみたいですよ！,¡Siempre está cerca de la entrada\ndel edificio principal!
10090078,\%1F何してるかって？\nテレビのＰＫ%2F対決で　%2F賞金がでるから\n%2F特訓してるんだよ。,"¿Que qué hago? Hay un concurso de\npenaltis en la tele y el ganador se\nllevará dinero, por eso entreno."
10090078,\センパイがスカウトしたい%1F人は\n%1F今までいた%2F場所から\n%2F移動したみたいですね！,¡El jugador que buscabas\nse ha ido a otra parte!
10090078,hやっぱ　サッカー%1F部で%2F練習したほうが\nコウリツがいいぜ。\nこれからも　%2F練習させてもらうぜ。,La verdad es que entrenando con\nvosotros mejoro más rápido.\nSeguiré jugando con vosotros.
10090078,tえっ　サッカー%1F部で%2F練習してもいいの？\nホントに？　それは%1F助かるよ。\nそれじゃあ　%2F早速やらせてくれ！,¿Eh? ¿Puedo entrenar con el club\nde fútbol? Muchas gracias.\n¡Empecemos cuanto antes!
10090078,れんしゅう,"Con un entrenamiento así, más\nme vale practicar solo. Mejoraré\nmás rápido por mi cuenta..."
10090079,$もしもし？\nセンパイですか？,"¡Hola, Mark!"
10090079,%s\nが%2F仲間になった！,¡%s se te ha unido!
10090079,<その%1F人は\n%2F正門の%1F近くに\nいるみたいですよ！,¡Está cerca de la entrada\nprincipal!
10090079,Lまだ　やる%1F気なのかい！？\nいくらやっても\nオレには　%1F勝てないぜ！,"Por mucho que juegues contra mí,\nno vas a poder ganarme...\n¿Seguro que quieres volver a jugar?"
10090079,\センパイがスカウトしたい%1F人は\n%1F今までいた%2F場所から\n%2F移動したみたいですね！,¡El jugador que buscabas\nse ha ido a otra parte!
10090079,lはっ？　サッカー%1F部！？\nあの%2F弱小の？　%1F悪いけど…\nオレ　%1F別のクラブに%1F入ってるんだよ。,"¿Quieres que entre en tu equipo?\n¿Con lo malos que sois? Lo\nsiento, pero estoy en otro club."
10090079,|でも　もしサッカー%1F部が　それより\n%1F強かったら　%1F入ってやってもいいぜ。\n%2F早速　その%2F実力を%1F試してやるよ。,"De todos modos, si me demostráis\nque valéis más que mi actual equipo,\nme cambio al vuestro, ¿de acuerdo?"
10090079,|ま　まさか…　ここまで%1F強いとは…。\nだが%2F約束は　ちゃんと%1F守ってやるよ。\nサッカー%1F部に　%2F入部してやるぜ！,Esto sí que no me lo esperaba...\nCumpliré mi promesa y me uniré\na vuestro equipo.
10090079,つよ,¡Ya sabía yo que los del equipo\nde fútbol sois todos unos mantas!
10090080,$もしもし？\nセンパイですか？,"¡Hola, Mark!"
10090080,%s\nが%2F仲間になった！,¡%s se te ha unido!
10090080,8がまん%1F力を　つけるのは\n%2F大変なんだからな。,Es muy complicado desarrollar\nun cuerpo resistente. ¿Me ayudas?
10090080,Lその%1F人は　いつも\n%3F商店街の%2F薬屋の%1F前に\nいるみたいですよ！,¡Siempre está delante de la\nfarmacia del barrio comercial!
10090080,Tその%1F人は　いつも\n%3F河川敷グラウンドの%1F橋の%1F下に\nいるみたいですよ！,¡Siempre está debajo del puente\nque hay cerca del campo del río!
10090080,Xこんな%2F練習で　ホントにがまん%1F力が\nつくと%1F思ってるの？\n%1F幸せでいいね…。,¿De verdad crees que con un\nentrenamiento así se puede mejorar\nla resistencia? Qué infeliz...
10090080,Xサッカーが　がまん%1F力をきたえるのに\nいいって？\nだったら　%1F試させてくれよ。,¿El fútbol va bien para mejorar\nla resistencia física? Eso tengo\nque verlo por mí mismo.
10090080,\センパイがスカウトしたい%1F人は\n%1F今までいた%2F場所から\n%2F移動したみたいですね！,¡El jugador que buscabas\nse ha ido a otra parte!
10090080,dちょうど　%2F今度のがまん%2F大会に\n%1F出ようとしてたんだ。\nすごい　いいタイミングだよね。,Estaba pensando en presentarme\na un concurso de resistencia.\n¿Me ayudas a practicar?
10090080,|これなら　がまん%1F力もつきそうだね。\nいい%2F練習を　%1F教えてくれてありがとう。\n%2F大会まで　サッカーやらせてね。,Creo que esto me irá bien para\ntener más aguante. Entrenaré\nhasta el día del concurso.
10090081,$もしもし？\nセンパイですか？,"¡Hola, Mark!"
10090081,%s\nが%2F仲間になった！,¡%s se te ha unido!
10090081,Pその%1F人は　いつも\n%3F本校舎%1F入り%1F口の%1F近くに\nいるみたいですよ！,¡Siempre está cerca de la entrada\ndel edificio principal!
10090081,T%1F少しやらせてくれませんか？\n%2F体験%2F入部というかたちで\nおねがいします！,La verdad es que me gustaría\nvolver a jugar. ¿Puedo?
10090081,Xやっぱり　もう１%1F度だけ\nサッカー　やってみようと%1F思うんです。\nいいですよね？,"Verlo es divertido, pero jugar\nal fútbol ya es la repanocha.\n¡Quiero formar parte del club!"
10090081,\センパイがスカウトしたい%1F人は\n%1F今までいた%2F場所から\n%2F移動したみたいですね！,¡El jugador que buscabas\nse ha ido a otra parte!
10090081,`いつもサッカー%1F部の%2F練習を\n%2F見学していたら\n%2F自分も　やってみたくなったんです！,"Como siempre os veo entrenar, me\nhan entrado ganas de jugar a mí\ntambién..."
10090081,|%1F見ているのも　%1F楽しかったですけど\n%2F自分でやったら　もっと%1F楽しいですね。\nこのまま　%2F入部させてください！,Me parece que ver los partidos\nes más divertido que jugarlos...
10090082,$もしもし？\nセンパイですか？,"¡Hola, Mark!"
10090082,%s\nが%2F仲間になった！,¡%s se te ha unido!
10090082,4おっ　%2F円堂！\nやっぱり　また%1F来たんだな！,"¿Cómo?\n¡Venga, enséñamelo!"
10090082,Dそうかー　%2F円堂のたのみなら\nボク%1F入ろうかなー。\nでも…,"Bueno, ya que me lo pides...\nPero..."
10090082,Hその%1F人は\n%3F河川敷グラウンドの%1F近くに\nいるみたいですよ！,"¡Siempre está en la orilla del\nrío, cerca del campo de fútbol!"
10090082,L%1F今の%2F部活よりも\nサッカーが%2F面白いってこと\n%1F見せてくれる？,¿me podrías enseñar por qué\nvale la pena que cambie de club?
10090082,Lその%1F人は　いつも\n%3F商店街の%2F薬屋の%1F前に\nいるみたいですよ！,¡Siempre está delante de la\nfarmacia del barrio comercial!
10090082,Pあれれ　サッカー%2F部員を\n%1F集めてる%1F人って\nもしかして%2F円堂のこと？,¿Eh? ¿Eres tú el que está\nbuscando jugadores para su\nequipo?
10090082,\センパイがスカウトしたい%1F人は\n%1F今までいた%2F場所から\n%2F移動したみたいですね！,¡El jugador que buscabas\nse ha ido a otra parte!
10090082,へへっ　じゃあいくぜ！,"Je, je... ¡Vamos!"
10090083,$もしもし？\nセンパイですか？,"¡Hola, Mark!"
10090083,%s\nが%2F仲間になった！,¡%s se te ha unido!
10090083,Hてめえらなんか\nこのオレが　つぶしてやるぜ！\nカクゴしやがれ！！,¡Rezad lo que sepáis porque os\nvoy a machacar! ¿Estáis listos?
10090083,Lその%1F人は　いつも\nサッカー%2F部室の%1F近くに\nいるみたいですよ！,¡Siempre está cerca del\nclub de fútbol!
10090083,Lゆうぐうされる　くらいなら\nその%2F実力を　さっさと%1F見せてみろよ！,¡Demostrad que realmente os\nmerecéis ese trato especial!
10090083,Xこの%2F程度の%2F実力で\nゆうぐうされて　いたのか！\nまったく…　%1F許せんな！！,¿Cómo se os puede favorecer si\nno valéis nada?\n¡Esto es inadmisible!
10090083,\センパイがスカウトしたい%1F人は\n%1F今までいた%2F場所から\n%2F移動したみたいですね！,¡El jugador que buscabas\nse ha ido a otra parte!
10090083,dゆ　ゆうぐうされるだけの\n%2F実力があったんだな…。\nワビはするよ。　%1F何でも%1F言ってくれ。,Ya veo por qué se os favorece...\nTe debo una disculpa. Pídeme lo\nque quieras.
10090083,hなんか%2F最近　サッカー%1F部だけ\nゆうぐうされてないか！？\n%2F弱小のクセに　ナマイキなんだよ！,"¿No se le está dando un trato\npreferencial al equipo de fútbol?\n¡Encima de malos, caraduras!"
10090084,$もしもし？\nセンパイですか？,"¡Hola, Mark!"
10090084,%s\nが%2F仲間になった！,¡%s se te ha unido!
10090084,Hてめえらなんか\nこのオレが　つぶしてやるぜ！\nカクゴしやがれ！！,¡Rezad lo que sepáis porque os\nvoy a machacar! ¿Estáis listos?
10090084,Lその%1F人は　いつも\n%3F商店街の%2F薬屋の%1F前に\nいるみたいですよ！,¡Siempre está delante de la\nfarmacia del barrio comercial!
10090084,Lゆうぐうされる　くらいなら\nその%2F実力を　さっさと%1F見せてみろよ！,¡Demostrad que realmente os\nmerecéis ese trato especial!
10090084,Pその%1F人は　いつも\n%3F河川敷グラウンドの%2F海岸に\nいるみたいですよ！,"¡Siempre está en la orilla del\nrío, cerca del campo de fútbol!"
10090084,Xこの%2F程度の%2F実力で\nゆうぐうされて　いたのか！\nまったく…　%1F許せんな！！,¿Cómo se os puede favorecer si\nno valéis nada?\n¡Esto es inadmisible!
10090084,\センパイがスカウトしたい%1F人は\n%1F今までいた%2F場所から\n%2F移動したみたいですね！,¡El jugador que buscabas\nse ha ido a otra parte!
10090084,dゆ　ゆうぐうされるだけの\n%2F実力があったんだな…。\nワビはするよ。　%1F何でも%1F言ってくれ。,Ya veo por qué se os favorece...\nTe debo una disculpa. Pídeme lo\nque quieras.
10090084,hなんか%2F最近　サッカー%1F部だけ\nゆうぐうされてないか！？\n%2F弱小のクセに　ナマイキなんだよ！,"¿No se le está dando un trato\npreferencial al equipo de fútbol?\n¡Encima de malos, caraduras!"
10090085,$もしもし？\nセンパイですか？,"¡Hola, Mark!"
10090085,%2F仕方ない　いくぜっ！,¡Pche! ¡Vete a freír morcillas!
10090085,%s\nが%2F仲間になった！,¡%s se te ha unido!
10090085,<その%1F人は\n%3F駐車場の%1F近くに\nいるみたいですよ！,¡Siempre está cerca del\naparcamiento!
10090085,P…なんだ？\nまだ　オレに%1F用があるのか？\nあきらめの%1F悪いヤツだなー。,¡Mark! ¡Vamos a jugar!
10090085,Tだったら　オレが\n%1F入ってやってもいいぜ。\nでも…　１つ%2F条件があるなー。,"Puede que me apunte a jugar\ncon vosotros, pero... con\nuna condición."
10090085,Xオッス　%2F円堂！\nおめー　サッカー%2F部員を\n%1F集めて%1F回ってるってホントか？,"¡Hola, Mark! ¿Es verdad que\nestás buscando jugadores\npara tu equipo?"
10090085,\へー　さすがサッカー%1F部！\nやっぱりスゴイんだな。\nオレも　きょうみが%1F出てきたよ。,Qué pesado eres...\n¿Todavía quieres más?
10090085,\センパイがスカウトしたい%1F人は\n%1F今までいた%2F場所から\n%2F移動したみたいですね！,¡El jugador que buscabas\nse ha ido a otra parte!
10090085,さあっ　%2F勝負だ！,¡Tienes que ganarme!\n¿Aceptas el reto?
10090086,$もしもし？\nセンパイですか？,"¡Hola, Mark!"
10090086,%s\nが%2F仲間になった！,¡%s se te ha unido!
10090086,",いい%2F覚悟だな。\nじゃあ　いくぜ！！","Así me gusta.\n¡Vamos, a jugar!"
10090086,4%2F根性は　あるようだな。\nじゃあ　いくぜ！！,"Parece que tienes agallas.\nEstá bien, ¡vamos allá!"
10090086,<この%1F前の%2F勝負のリベンジだろ？\nさあ　やろうぜ！！,"¿Vienes a quitarte el mal sabor\nde boca de la última derrota?\nVamos, estoy listo."
10090086,<このオレと%2F勝負して%1F勝ったらな。\nさあ　やるか！？,Tendrías que ganarme en un\npartidete... ¿Qué dices?
10090086,@なんだったら\nオレが%1F入ってやってもいいぜ。\nただし…,"Si tanta falta te hago, jugaré\ncontigo, pero..."
10090086,Dどうした　%2F円堂？\nこのオレと%2F勝負するのが　%1F怖いのか？,"¿Qué pasa, Mark?\n¿Te da miedo enfrentarte a mí?"
10090086,Lその%1F人は　いつも\nサッカー%2F部室の%1F近くに\nいるみたいですよ！,¡Siempre está cerca del\nclub de fútbol!
10090086,Tよう　%2F円堂！\n%2F最近　サッカー%1F部のメンバーを\n%1F集めてるんだってな。,"¡Hola, Mark! Me han dicho que\nbuscas jugadores para tu equipo."
10090086,Tよう　%2F円堂！\nおまえが%1F来るのを%1F待ってたぜ。\nここに%1F来たってことは…,"¡Hola, Mark! Estaba esperando\nque vinieras, porque eso solo\npuede significar una cosa..."
10090086,Xなんだ…　%1F違うのか。\nてっきり　リベンジと%1F思って\nワクワクしてたんだがな。,"Ah, ¿no quieres la revancha?\nJo, ahora que estaba empezando\na hacerme ilusiones... Qué chasco."
10090086,\センパイがスカウトしたい%1F人は\n%1F今までいた%2F場所から\n%2F移動したみたいですね！,¡El jugador que buscabas\nse ha ido a otra parte!
10090087,$もしもし？\nセンパイですか？,¡El jugador que buscabas\nse ha ido a otra parte!
10090087,%s\nが%2F仲間になった！,¡%s se te ha unido!
10090087,Hその%1F人は　いつも\n%3F西校舎の%1F裏あたりに\nいるみたいですよ！,¡Siempre va por la parte de atrás\ndel edificio oeste!
10090087,Hサッカーじゃ\n%2F紳士には　なれそうにないな…。\nがっかりだぜ…。,No me convertiré en caballero\nsolo por jugar al fútbol...\nVaya decepción.
10090087,\センパイがスカウトしたい%1F人は\n%1F今までいた%2F場所から\n%2F移動したみたいですね！,"¡Hola, Mark!"
10090087,h%1F男たるもの　%2F目指すものは\n%2F英国%2F紳士だよな。\nそのために　%1F何をしたらいいだろうか？,Todo hombre que se precie aspira\na ser un caballero inglés. ¿Qué\npodría hacer para conseguirlo?
10090087,pえっ　サッカーはイギリス%1F生まれ？\nじゃあ　サッカーをやってると\n%2F紳士になれそうだな。　やらせてくれ！,¿El fútbol nació en Inglaterra?\nEntonces si lo practico podré ser\nun gentleman... ¡Juega conmigo!
10090087,pサッカーって　イギリス%1F生まれだけ\nあって　%2F紳士なスポーツだな。\nもっとオレに　サッカーやらせてくれ！,"No me extraña que el fútbol venga\nde Inglaterra, ¡es tan señorial!\n¡Déjame jugar más!"
10090087,�%2F紳士とは　ユウガにふるまうものだぜ。\nまあ…　%2F言葉づかいは　%1F気にするな！\nその%1F内　%2F紳士らしくなるからさ。,Un caballero siempre debe actuar\ncon elegancia. ¿Quieres que te\nvuelva demostrar cómo se hace?
10090088,$もしもし？\nセンパイですか？,"¡Hola, Mark!"
10090088,%s\nが%2F仲間になった！,¡%s se te ha unido!
10090088,Dその%1F人は　いつも\n%3F河川敷の%2F道路に\nいるみたいですよ！,¡Siempre está en la carretera\nque hay cerca del río!
10090088,Tその%1F人は　いつも\n%3F商店街のゲームショップの%1F近くに\nいるみたいですよ！,¡Siempre se le ve por\nla tienda de videojuegos\ndel barrio comercial!
10090088,\ですので…\n%2F協力して　いただけないでしょうか？\nもちろんお%1F礼は　いたしますよ。,¿Me puedes echar una mano?\nSabré recompensarte.
10090088,\センパイがスカウトしたい%1F人は\n%1F今までいた%2F場所から\n%2F移動したみたいですね！,¡El jugador que buscabas\nse ha ido a otra parte!
10090088,l%2F俳句とは…\n%2F世界で%2F一番みじかい　%1F詩なのですよ。\nこれで%1F少しは　かしこくなりましたね。,Los haikus son los poemas más cortos\ndel mundo... ¿Quieres que te vuelva\na dar una lección sobre poesía?
10090088,lスポーツのだいごみは…\nコウフンなのですね。　もう%1F少し…\nこのコウフンを　%1F味わわせてください。,Lo mejor que tiene el deporte es\nla excitación que produce. Déjame\nsaborearla un poco más.
10090088,tただサッカーを　やっただけで\n%1F作れるほど　%2F簡単ではありませんよ。\n%2F俳句を　%1F甘くみないでください。,No me basta con jugar para poder\ncomponer. La poesía requiere más esfuerzo.
10090088,|%1F今ですね…　スポーツをネタにした\n%2F俳句を　%1F作ろうとしているのですが…\nなかなか%2F上手く　いかないのですよ。,"Estoy tratando de escribir un\nhaiku que hable de deporte,\npero no me sale nada decente."
10090089,$もしもし？\nセンパイですか？,"¡Hola, Mark!"
10090089,%s\nが%2F仲間になった！,¡%s se te ha unido!
10090089,Dその%1F人は　いつも\n%3F河川敷の%2F道路に\nいるみたいですよ！,¡Siempre está en la carretera\nque hay cerca del río!
10090089,Xこんなので\n%2F精神%2F修行が　できるわけなかろう！\nあまり%1F人をなめるでないぞ！,"Hmm... Francamente, es ideal para\nentrenar el espíritu. Esto del\nfútbol es genial, me uno a tu club."
10090089,\その%1F人は　いつも\n%3F商店街の%1F大きいスポーツショップの%1F前に\nいるみたいですよ！,¡Siempre está delante de la tienda\nde deportes grande del barrio\ncomercial!
10090089,\センパイがスカウトしたい%1F人は\n%1F今までいた%2F場所から\n%2F移動したみたいですね！,¡El jugador que buscabas\nse ha ido a otra parte!
10090089,`%2F精神%2F修行とは…\nおのれを　きたえることぞ。\nそれがわからないなら　%2F意味がないぞ。,¡Tengo que probarlo!\n¿Jugamos un poco?
10090089,dサッカーで　%2F集中%1F力がつくのか？\nつまり…　%2F精神%2F修行にもってこい\nということだな。,"¿El fútbol ayuda a mejorar la\nconcentración? O sea, que es ideal\npara entrenar el espíritu, ¿no?"
10090089,xふむ…　まさに%2F精神%2F修行にぴったしだ。\nサッカーとやらは　いいものだな。\nこのまま　%2F入部させてもらうぞ。,El entrenamiento del espíritu\nes la fortaleza de la mente.\n¿Sabes a qué me refiero?
10090089,せいしん,¡Así no hay espíritu que se\nentrene! ¡Dejad de tratar a\nla gente como pardillos!
10090090,$もしもし？\nセンパイですか？,"¡Hola, Mark!"
10090090,%s\nが%2F仲間になった！,¡%s se te ha unido!
10090090,Tその%1F人は　いつも\nテニスコート%1F近くの%2F花壇の%1F前に\nいるみたいですよ！,¡Está siempre delante de los\nmaceteros que hay cerca de\nla pista de tenis!
10090090,\まさか…　こんなにいいデータが\nとれるなんて…。\nもっとデータを　とらせてくださいね。,"¿Quién me iba a decir que obtendría\nunos datos tan valiosos? Déjame\nrecabar más, si me haces el favor."
10090090,\センパイがスカウトしたい%1F人は\n%1F今までいた%2F場所から\n%2F移動したみたいですね！,¡El jugador que buscabas\nse ha ido a otra parte!
10090090,d%2F医者になるためには…\n%1F今から　コツコツ%2F努力しないとね。\nだから　%2F協力してくれよ。,He de esforzarme con diligencia\npara ser médico. Tu ayuda será\ninestimable.
10090090,tオレの%1F話　きいてた？\n%2F運動した%2F身体を　%1F調べたいんだって！\nこんなんじゃ　%2F運動になんないよ…。,¿Es que no me has oído? Necesito\nun cuerpo extenuado para recabar\ndatos. Tenéis que esforzaros más.
10090090,|サッカーなら　ちょうどいいデータが\nとれそうだから　やらせてほしいんだ。\n%2F医学はってんのために　%2F協力してくれ！,El fútbol me ayudará a obtener\nlos datos que busco. Déjame jugar\ny apoyarás los avances médicos.
10090090,сLミ…　たしかサッカー%1F部だよね。\nオレ…　%2F医者になる%2F勉強しててさー\n%2F運動した%1F後の%2F身体を　%1F調べたいんだよ。,"Eres del club de fútbol, ¿no? Quiero\nestudiar medicina y me interesaría\nver cómo queda un cuerpo extenuado."
10090091,$もしもし？\nセンパイですか？,"¡Hola, Mark!"
10090091,%s\nが%2F仲間になった！,¡%s se te ha unido!
10090091,4%2F今度は…\nまじめに　%2F練習してくれよな。,"La próxima vez tómatelo más\nen serio, anda."
10090091,<その%1F人は　いつも\n%3F河川敷に　いるみたいですよ！,¡Siempre está por\nla zona del río!
10090091,\その%1F人は　いつも\n%3F商店街の%1F大きいスポーツショップの%1F前に\nいるみたいですよ！,¡Siempre está delante de la tienda\nde deportes grande del barrio\ncomercial!
10090091,\センパイがスカウトしたい%1F人は\n%1F今までいた%2F場所から\n%2F移動したみたいですね！,¡El jugador que buscabas\nse ha ido a otra parte!
10090091,`おいおい…\nこの%2F程度だと　%2F効果がわからないよ。\nもっと　まじめに%2F練習してくれ！,"Oye, así no sabremos si esto vale\npara algo o no. ¡Hay que entrenar\nmás en serio!"
10090091,hえっ　いらない…？\nじゃ　じゃあ　ボクが%1F使ってみるから\nアイテムの%2F効果を　%1F試させてくれ！,"Ah, ¿te da igual? Bueno, pues yo\nvoy a probar su efecto... ¡Venga,\nte necesito de sparring! ¿Preparado?"
10090091,|キミキミ！　キミ…　サッカー%1F部だろ！\nキミに　いい%1F物あげよう！\nボクが%1F作った　%1F力が%1F上がるアイテムだ！,¡Eres... eres... del club de\nfútbol! ¡Tengo algo para ti que\nhe hecho yo mismo! ¡Te dará fuerzas!
10090091,р､ーん…　%2F開発は%2F失敗のようだな…。\nもう%1F少し　データをあつめないと…。\n%1F乗りかかった%1F船だ。　%2F協力してくれよ！,"Vaya... El resultado es un\nfracaso. Una vez aquí, hay\nque recabar más datos. ¡Ayúdame!"
10090092,$もしもし？\nセンパイですか？,"¡Hola, Mark!"
10090092,%2F仕方ない　いくぜっ！,¡Pche! ¡Vete a freír morcillas!
10090092,%s\nが%2F仲間になった！,¡%s se te ha unido!
10090092,Dその%1F人は　いつも\n%3F河川敷の%2F船場に\nいるみたいですよ！,¡Siempre está cerca del\nmuelle del río!
10090092,P…なんだ？\nまだ　オレに%1F用があるのか？\nあきらめの%1F悪いヤツだなー。,¡Mark! ¡Vamos a jugar!
10090092,Tだったら　オレが\n%1F入ってやってもいいぜ。\nでも…　１つ%2F条件があるなー。,"Puede que me apunte a jugar\ncon vosotros, pero... con\nuna condición."
10090092,Xオッス　%2F円堂！\nおめー　サッカー%2F部員を\n%1F集めて%1F回ってるってホントか？,"¡Hola, Mark! ¿Es verdad que\nestás buscando jugadores\npara tu equipo?"
10090092,\その%1F人は　いつも\n%3F商店街の%1F大きいスポーツショップの%1F前に\nいるみたいですよ！,¡Siempre está delante de la tienda\nde deportes grande del barrio\ncomercial!
10090092,\へー　さすがサッカー%1F部！\nやっぱりスゴイんだな。\nオレも　きょうみが%1F出てきたよ。,Qué pesado eres...\n¿Todavía quieres más?
10090092,\センパイがスカウトしたい%1F人は\n%1F今までいた%2F場所から\n%2F移動したみたいですね！,¡El jugador que buscabas\nse ha ido a otra parte!
10090092,さあっ　%2F勝負だ！,¡Tienes que ganarme!\n¿Aceptas el reto?
10090093,$もしもし？\nセンパイですか？,"¡Hola, Mark!"
10090093,%s\nが%2F仲間になった！,¡%s se te ha unido!
10090093,8%2F今度は…\n%1F思いっきり　%2F運動しようよー。,¡Vamos a jugar todo lo\nque el cuerpo aguante!
10090093,Lその%1F人は\n%3F本校舎の%1F入り%1F口の%1F近くに\nいるみたいですよ！,¡Está cerca de la entrada\nal edificio principal!
10090093,T%2F最近…　なかなか%1F眠れないんだよね…。\n%1F何か　いい%2F方法ないかなー？,Últimamente me cuesta pegar ojo...\n¿Qué puedo hacer?
10090093,\センパイがスカウトしたい%1F人は\n%1F今までいた%2F場所から\n%2F移動したみたいですね！,¡El jugador que buscabas\nse ha ido a otra parte!
10090093,`すごいね　サッカー！\nなんだか　もう%1F眠くなっちゃったよ。\nこれで%2F毎日　ぐっすりだね。,¡Esto del fútbol es genial! Me\nestá entrando un sueño... Podré\ndormir como un lirón todos los días.
10090093,l…えっ？　サッカー？\nたしかに　%1F思いっきり%2F運動したら\nぐっすり%1F眠れそうだね。　すぐやろー！,¿Eh? ¿Fútbol? Supongo que\nsi me ejercito mucho luego dormiré\ncomo un tronco... ¡Vamos a jugar!
10090093,ねむ,"Así no puedo cansarme...\nVamos, juega más en serio."
10090094,$もしもし？\nセンパイですか？,"¡Hola, Mark!"
10090094,%s\nが%2F仲間になった！,¡%s se te ha unido!
10090094,0あれ…？\nなんか　イメージとちがうな…。,¿Eh? La imagen que tenía era\nalgo diferente...
10090094,Tその%1F人は　いつも\nテニスコート%1F近くの%2F花壇の%1F前に\nいるみたいですよ！,¡Está siempre delante de los\nmaceteros que hay cerca de\nla pista de tenis!
10090094,\センパイがスカウトしたい%1F人は\n%1F今までいた%2F場所から\n%2F移動したみたいですね！,¡El jugador que buscabas\nse ha ido a otra parte!
10090094,lうん！　これなら…\nモーグルの%2F練習に　なりそうだよ！\n%2F早速　%2F今日から%2F練習にさんかするね。,¡Sí! Entonces... esto me puede\nayudar a sortear mejor los baches.\n¡A partir de hoy entreno contigo!
10090094,pそれでサッカーなら　モーグルの%2F練習に\nなるかなーって　%1F思ったんだ。\nちょっと　サッカーやらせてよ。,Me parece que jugar al fútbol ha de\nser como volar sobre obstáculos.\nDéjame probar si es verdad.
10090094,pモーグルのプロが　サッカーやってるの\n%1F見たことあるんだよ。\nだから　%2F練習になると%1F思うんだよね。,"He visto a profesionales del esquí\njugar al fútbol. Supongo que les\ndebe de servir de algo, ¿no?"
10090094,xオレさー　いつかスキーの%2F選手に\nなりたいんだ…。　それもモーグルの！\nコブをよける%1F姿が　カッコイイんだよ！,¡Quiero ser esquiador profesional!\n¡Esquiar sobre montañitas y evitar\nbaches es lo más chulo que hay!
10090095,$もしもし？\nセンパイですか？,"¡Hola, Mark!"
10090095,%s\nが%2F仲間になった！,¡%s se te ha unido!
10090095,<その%1F人は\n%2F正門の%1F近くに\nいるみたいですよ！,¡Está cerca de la entrada\nprincipal!
10090095,Pマッサージが　ボクの%1F生きがい！\nだから　%1F思いっきりしたいんだよね。,¡Los masajes son mi vida!\n¿Me ayudas a convertirme en un experto?
10090095,Xボクね　マッサージするのが%1F好きなの。\nこってる%1F人なんて　とくに%2F大好き！,"Me encanta dar masajes, ¡sobre\ntodo a personas que tienen\nlos músculos tensos!"
10090095,\センパイがスカウトしたい%1F人は\n%1F今までいた%2F場所から\n%2F移動したみたいですね！,¡El jugador que buscabas\nse ha ido a otra parte!
10090095,dなんて　やりがいがあるんだ！\nこんなに　こるなんて…。\nこれからは　ボクがほぐしてあげるね。,¡Hay que ver qué bien se siente\nuno tratando espaldas tan duras!\nDejad que sea vuestro masajista.
10090095,xスポーツしてたら　こるんでしょ？\nどのくらいこるか　%1F試したいんだよね。\n%2F沢山こってたら　マッサージするよー！,¿No se os engarrotan los músculos\ntras hacer deporte? ¿Queréis que\nos dé un masaje después de jugar?
10090096,$もしもし？\nセンパイですか？,"¡Hola, Mark!"
10090096,%s\nが%2F仲間になった！,¡%s se te ha unido!
10090096,Hその%1F人は　いつも\nテニスコートの%1F近くに\nいるみたいですよ！,¡Siempre está cerca de\nlas pistas de tenis!
10090096,P%2F全然　%2F料理のイメージができないよ…。\nサッカーじゃ　ダメなのかな…。,No se me ocurre nada que cocinar...\nEl fútbol no me inspira mucho.
10090096,\センパイがスカウトしたい%1F人は\n%1F今までいた%2F場所から\n%2F移動したみたいですね！,¡El jugador que buscabas\nse ha ido a otra parte!
10090096,`だから　スポーツをやったら\n%1F思いつく%1F気が　するんだ。\nだから　ちょっとやらせてね。,Supongo que si juego al fútbol se\nme ocurrirá algo. Déjame jugar\ncon vosotros.
10090096,lオレの%2F料理は　うまいよ！\nもちろん%2F完成したら　%1F作ってあげるよ。\nだから　%2F協力おねがいね。,"¡Mi cocina es una maravilla!\nSi me ayudas, te dejaré probar\nmi nuevo plato, ¿vale?"
10090096,pもう%1F少し…　もう%1F少しで…\n%2F料理の　イメージができそう…。\nそれまで　サッカーやらせてもらうね。,Un poco más... Un poco más...\nEstoy a punto de dar con ese\nplato. ¡Seguiré jugando!
10090096,�%1F今ね　%1F色んな%2F料理を%1F考えてるんだけど…\nスポーツ%2F選手にとって　いい%2F料理が\n%1F何なのか　わからないんだよ。,"Estoy pensando en cocinar muchos\nplatos, pero no sé cuál puede ser\nbueno para un deportista."
10090097,$もしもし？\nセンパイですか？,"¡Hola, Mark!"
10090097,%s\nが%2F仲間になった！,¡%s se te ha unido!
10090097,Dこれで　きたえれてもね…。\nサッカーが　つまんないんだよな。,"Qué divertido es el fútbol...\nSi con esto puedo mejorar mi\nanticipación, va a ser una pasada."
10090097,Dその%1F人は　いつも\n%3F北校舎の%1F近くに\nいるみたいですよ！,¡Siempre está cerca del edificio norte!
10090097,\サッカーって　%1F楽しいな。\nこれで　%2F空間%2F把握%2F能力がつくなら\nサイコーだよ。,"Si aprendo a anticiparme, los pases\nme saldrán mejor. ¿Crees que eso\nsería útil para tu equipo?"
10090097,\センパイがスカウトしたい%1F人は\n%1F今までいた%2F場所から\n%2F移動したみたいですね！,¡El jugador que buscabas\nse ha ido a otra parte!
10090097,l%2F空間%2F把握%2F能力があったら…\nサッカーでも　%1F役に%1F立つよ。\nパスとか　%2F上手くなるかもね。,Quizás jugando al fútbol pueda\nentrenar mi sentido de la\nanticipación. ¿Puedo intentarlo?
10090097,lサッカーなら　きたえられるかも…。\n%1F少し　やらせてもらえないかな。\nもちろん　お%1F礼はするからさ。,"En la vida, como en los negocios,\nes importante saber adelantarse\na los acontecimientos."
10090098,$もしもし？\nセンパイですか？,"¡Hola, Mark!"
10090098,%s\nが%2F仲間になった！,¡%s se te ha unido!
10090098,H%2F最近…\nサッカーのプロクラブが　\nたくさん　できてるじゃん。,Últimamente no dejan de salir\nclubes de fútbol profesionales.
10090098,Lその%1F人は　いつも\n%2F陸上グラウンドの%1F近くに\nいるみたいですよ！,¡Siempre anda cerca de la pista\nde atletismo!
10090098,Tプロになれば…\n%1F金も%1F入るし　%2F有名になれる！\n%2F一石%2F二鳥だぜぇ！,"Si me hago profesional, obtendré\ndinero y fama. Será como matar\ndos pájaros de un tiro, ¿no?"
10090098,Xサッカーって　こんなに%2F簡単なんだ…。\nじゃあ　プロになるのは　%2F楽勝かもね。,Pues sí que es sencillo jugar\nal fútbol... Llegar a ser\nprofesional debe de estar chupado.
10090098,\センパイがスカウトしたい%1F人は\n%1F今までいた%2F場所から\n%2F移動したみたいですね！,¡El jugador que buscabas\nse ha ido a otra parte!
10090098,dサッカーなら…\nプロになりやすいなーって%1F思うんだよ。\nそんなわけで　ちょっとやらせてよ。,El fútbol te permite convertirte\nfácilmente en profesional.\nDéjame jugar contigo.
10090098,pこんだけ　%2F練習したらオレも\nプロになれるよな！？　まだ%1F足りない？\nじゃあ　もっと%2F練習やろーっと。,"Si entreno mucho podré convertirme\nen profesional, ¿no? ¿Eh? ¿Que\naún me queda? ¡Pues a jugar más!"
10090099,$もしもし？\nセンパイですか？,¡El jugador que buscabas\nse ha ido a otra parte!
10090099,%s\nが%2F仲間になった！,¡%s se te ha unido!
10090099,0こんなんじゃ…\nヒマつぶしに　ならないよ。,Jugar al fútbol no mata\nel aburrimiento...
10090099,Hその%1F人は　いつも\n%3F西校舎の%1F裏あたりに\nいるみたいですよ！,¡Siempre va por la parte de atrás\ndel edificio oeste!
10090099,Xいつも　%1F朝はパンなんだけど…\nたまには　ご%1F飯もいいよね。\nそう%1F思わない？,"Siempre desayuno pan, pero...\nde vez en cuando me apetece variar.\n¿A ti también te pasa?"
10090099,Xサッカー？\nんー　ヒマつぶしには　なるかなー？\nじゃあ　ちょっと　やってみるよ。,"¿Fútbol? ¿Va bien para matar\nel aburrimiento? Bueno, pues\nvoy a darle un poco. ¿Empezamos?"
10090099,\センパイがスカウトしたい%1F人は\n%1F今までいた%2F場所から\n%2F移動したみたいですね！,"¡Hola, Mark!"
10090099,p%1F家が%1F遠いから　いつも%1F朝%1F早く%1F来るけど…\n%1F何もなくて　ヒマなんだ…。\n%1F何か　ないかなー？,"Como vivo lejos, siempre me levanto\ntemprano, pero llego muy pronto y\nno sé qué hacer..."
10090099,tこれなら　%1F朝%1F早く%1F来ても\nサッカーがあれば　ヒマじゃないよね。\nいいもの%1F教えてくれて　ありがとう。,"Ahora, aunque llegue muy pronto,\ncon un balón cerca no tendré por\nqué aburrirme. ¡Gracias!"
10090100,$どうだ！\n%1F勝ってやったぜ！,¿Qué tal? ¿Cómo se te queda\nel cuerpo tras perder?
10090100,$もしもし？\nセンパイですか？,"¡Hola, Mark!"
10090100,%s\nが%2F仲間になった！,¡%s se te ha unido!
10090100,<また　やるのか！？\nよっしゃー　かかって%1F来いよ！,"¿Quieres jugar otra vez?\nVamos, ¡aquí te espero!"
10090100,Lその%1F人は　いつも\n%2F陸上グラウンドの%2F中央に\nいるみたいですよ！,¡Siempre está en el centro\nde la pista de atletismo!
10090100,\%1F負けるのが　こわいのかって！？\nそんなわけないだろ！\nいいだろう　やってやるぜ！！,"¿Te da miedo perder? ¿Y eso?\nVenga, déjate de monsergas\ny vamos a jugar."
10090100,\センパイがスカウトしたい%1F人は\n%1F今までいた%2F場所から\n%2F移動したみたいですね！,¡El jugador que buscabas\nse ha ido a otra parte!
10090100,`サッカーで%2F勝負？\nなんでオレが　そんなことをしないと\nいけないんだ？　めんどくさい…。,"¿Un partido de fútbol? ¿Y por qué,\nsi puede saberse? Me da palo..."
10090100,dくっそ！　もう１%1F回だ　もう１%1F回！！\nオレが　%1F勝つまでやるからな！\nカクゴしとけよ！！,¡Maldición! No me lo puedo creer...\nJugaré contigo para poder vencerte\nalgún día.
10090101,$もしもし？\nセンパイですか？,"¡Hola, Mark!"
10090101,%s\nが%2F仲間になった！,¡%s se te ha unido!
10090101,4ヘッ　%1F話が%1F早いぜ。\nじゃあ　いくぞ！！,¿Sabes lo que quiero decirte?
10090101,8おまえには　オレが%1F言いたいことが\nわかるか？,Y tú... ¿sabes lo que\nquiero decirte?
10090101,<ヘッ　そうか…　%1F話が%1F早いな。\nじゃあ　いくぜ！！,"Bien, pues a buen entendedor...\n¡Venga, vamos!"
10090101,Dオレには　わかるぜ…。\nおまえがなぜ　ここに%1F来たかってさ。,Ya sé a qué has venido.
10090101,Dオレを%2F入部させたいんだろう？\nみーんな　お%1F見とおしさ！,"Quieres que juegue en tu equipo,\n¿verdad? Lo he sabido en cuanto\nte he visto la cara."
10090101,Lその%1F人は　いつも\n%2F陸上グラウンドの%1F近くに\nいるみたいですよ！,¡Siempre anda cerca de la pista\nde atletismo!
10090101,\なかなか　やるじゃないか。\nこの%1F後　オレが%1F言うセリフも\nおまえにならわかるだろ？,"Me has dejado anonadado.\nYa sabes lo que te voy a decir,\n¿no?"
10090101,\センパイがスカウトしたい%1F人は\n%1F今までいた%2F場所から\n%2F移動したみたいですね！,¡El jugador que buscabas\nse ha ido a otra parte!
10090101,あと,"¡Me apunto a tu equipo, capitán!"
10090101,ふん　つまらんっ！,"Puf, ¡qué peñazo!"
10090102,$もしもし？\nセンパイですか？,"¡Hola, Mark!"
10090102,%s\nが%2F仲間になった！,¡%s se te ha unido!
10090102,Dその%1F人は\nサッカー%2F部室の%1F近くに\nいるみたいですよ！,¡Está cerca del club de fútbol!
10090102,Hいてっ！　いてててて…。\nこんなんじゃ…\nリハビリになんないよ！,Parece que puedo hacer una buena\nrehabilitación. De momento seguiré\nhasta que las heridas se me curen.
10090102,Xスポーツのやりすぎで\n%2F身体こわしちゃった…。\nでも　スポーツがしたいんだよ！,"Estoy destrozado de tanto hacer\ndeporte, pero... ¡quiero seguir\nejercitándome!"
10090102,\センパイがスカウトしたい%1F人は\n%1F今までいた%2F場所から\n%2F移動したみたいですね！,¡El jugador que buscabas\nse ha ido a otra parte!
10090102,`これなら…　リハビリになりそうだよ。\nとりあえず　ケガが%1F治るまで\nよろしくたのむよ。,Ya no puedo con este dolor...\n¿Crees que si juego un poco más\nal fútbol me encontraré mejor?
10090102,tそこでサッカーなら　リハビリもできる\nスポーツって　%1F聞いたんだ。\nだから　リハビリになるか%1F試させてよ。,He oído que el fútbol va bien\npara hacer rehabilitación.\nDéjame ver si es verdad.
10090103,$もしもし？\nセンパイですか？,"¡Hola, Mark!"
10090103,%s\nが%2F仲間になった！,¡%s se te ha unido!
10090103,",%2F今度は　%1F手かげん　しないでよね。","Tienes que jugar sin\nmiramientos, ¿vale?"
10090103,<その%1F人は\n%3F駐車場の%1F近くに\nいるみたいですよ！,¡Siempre está cerca del\naparcamiento!
10090103,Dサッカーを　%1F教えてほしいのに…\n%1F手かげん　しないでよ…。,No te cortes y enséñame a jugar\nal fútbol...
10090103,\センパイがスカウトしたい%1F人は\n%1F今までいた%2F場所から\n%2F移動したみたいですね！,¡El jugador que buscabas\nse ha ido a otra parte!
10090103,tボクね…　ブログを%1F見るのが%1F好きで…\n%2F色々と%1F見てたらさー　サッカーブログが\nたくさん　あるんだよ。,Me gusta leer blogs. Me puse a\nmirar y vi que había un montón\nque hablaban de fútbol.
10090103,xでもボク…　サッカーを%1F知らないから\n%2F内容が　よくわかんないんだ…。\nだから　サッカーを%1F教えてくれない？,"Lo que pasa es que como no sé de\nfútbol, no me entero de nada...\n¿Me enseñas de qué va?"
10090103,xなるほど…　これは%2F面白いよ！\nみんな　ハマるわけが　わかったよ。\nボクもブログ%1F書くから　%2F色々%1F教えてね。,¡Pues sí que mola! Ahora sé por\nqué hay tanta afición. Haré mi\npropio blog de fútbol con tu ayuda.
10090104,$もしもし？\nセンパイですか？,"¡Hola, Mark!"
10090104,%s\nが%2F仲間になった！,¡%s se te ha unido!
10090104,Dこんなスポーツが　%2F世界で１%1F番…？\nぜったい　デマだな。,¿Este es el deporte más seguido\ndel mundo?... Tiene que ser\nmentira.
10090104,Pその%1F人は　いつも\n%1F小さいグラウンドの%1F近くに\nいるみたいですよ！,¡Siempre está cerca del\ncampo pequeño!
10090104,Xなるほど…\nこの%2F面白さなら　ナットクできるよ！\nこれからも%1F教えてくれるかい？,¡Ya sé por qué le gusta este\ndeporte a tanta gente! Tiene\nsentido... ¡Enséñame más!
10090104,\センパイがスカウトしたい%1F人は\n%1F今までいた%2F場所から\n%2F移動したみたいですね！,¡El jugador que buscabas\nse ha ido a otra parte!
10090104,`%2F円堂くん…\nサッカーが　%2F世界で１%1F番%2F有名なスポーツ\nなのは　%2F本当の%1F話かい？,¡Mark! ¿Es cierto eso de que\nel fútbol es el deporte con más\naficionados del mundo?
10090104,tデマな%1F話に　%1F付き%1F合うほど\nヒマじゃないんだけどね…。\nまあ…%2F今回だけ　%1F付き%1F合ってあげるよ。,"No tengo tanto tiempo como para\nhacerle caso a bulos, pero...\njugaré contigo si quieres."
10090104,|もし　%2F本当なら　サッカーを%1F知らないと\nジョウシキがないように　%1F思われるから\nやっておきたいんだ。　いいだろ？,"Si eso es verdad, muchos pueden\npensar que soy raro si se enteran\nde que no sé de fútbol. ¡He de jugar!"
10090105,$もしもし？\nセンパイですか？,"¡Hola, Mark!"
10090105,%s\nが%2F仲間になった！,¡%s se te ha unido!
10090105,8もう%1F走るのは　イヤだよ。\nぜったい　だからね！,"Estoy harto de correr. ¡Nunca más!\n¿Qué? ¿Jugar otra vez? Vale, pero\nprométeme que no tendré que correr."
10090105,Hウソつき！\n%1F思いっきり　%1F走らないと\nいけないじゃないか！！,¡Mentiroso! ¡Hay que\ncorrer a todo meter!
10090105,Lその%1F人は　いつも\n%2F陸上グラウンドの%2F中央に\nいるみたいですよ！,¡Siempre está en el centro\nde la pista de atletismo!
10090105,\センパイがスカウトしたい%1F人は\n%1F今までいた%2F場所から\n%2F移動したみたいですね！,¡El jugador que buscabas\nse ha ido a otra parte!
10090105,`あまり%1F走らなくても　いいのなら\nやってみても　いいよ。\n%1F試しに　%1F少しやらせてね。,"Si no hace falta que corra mucho,\nprobaré a jugar... Venga, déjame\ndarle a la bola un poquillo."
10090105,h%1F走るのはイヤだけど…\nボールを%1F追いかけるのは　%1F楽しいね！\nもちろん　%1F入らせてもらうよ。,"Odio correr, pero... ¡perseguir\nal balón es divertido! Permite\nque me apunte a tu equipo."
10090105,|サッカー%1F部に　%1F入らないかって…？\nうーん…　ボールを%1F使うのは%1F好きだけど\n%1F走るのが　キライなんだよな…。,"¿Que juegue en tu equipo?\nHombre, me gusta tocar balón,\npero... odio correr."
10090106,$もしもし？\nセンパイですか？,"¡Hola, Mark!"
10090106,%s\nが%2F仲間になった！,¡%s se te ha unido!
10090106,Dこんなスポーツが　%2F世界で%2F一番…？\nぜったい　デマだな。,¿Este es el deporte más seguido\ndel mundo?... Tiene que ser\nmentira.
10090106,Tその%1F人は　いつも\nテニスコート%1F近くの%2F花壇の%1F前に\nいるみたいですよ！,¡Está siempre delante de los\nmaceteros que hay cerca de\nla pista de tenis!
10090106,Xなるほど…\nこの%2F面白さなら　ナットクできるよ！\nこれからも%1F教えてくれるよね？,¡Ya sé por qué le gusta este\ndeporte a tanta gente! Tiene\nsentido... ¡Enséñame más!
10090106,\センパイがスカウトしたい%1F人は\n%1F今までいた%2F場所から\n%2F移動したみたいですね！,¡El jugador que buscabas\nse ha ido a otra parte!
10090106,`%2F円堂くん…\nサッカーが　%2F世界で%2F一番%2F有名なスポーツ\nなのは　%2F本当の%1F話かい？,¡Mark! ¿Es cierto eso de que\nel fútbol es el deporte con más\naficionados del mundo?
10090106,tデマな%1F話しに　%1F付き%1F合うほど\nヒマじゃないんだけどね…。\nまあ…%2F今回だけ　%1F付き%1F合ってあげるよ。,"No tengo tanto tiempo como para\nhacerle caso a bulos, pero...\njugaré contigo si quieres."
10090106,|もし　%2F本当なら　サッカーを%1F知らないと\nジョウシキがないように　%1F思われるから\nやっておきたいんだ。　いいだろ？,"Si eso es verdad, muchos pueden\npensar que soy raro si se enteran\nde que no sé de fútbol. ¡He de jugar!"
10090107,$もしもし？\nセンパイですか？,"¡Hola, Mark!"
10090107,%s\nが%2F仲間になった！,¡%s se te ha unido!
10090107,0あちょーっ！\nこの　おくびょうものめっ！,¡Yeeeja! ¡Serás cobardica!
10090107,<あちょーっ！\nおまえ　オレ%1F様に%1F何か%1F用かっ？,¡Yeeeja! ¿Qué quieres de mí?
10090107,Dだったら　オレをたおしてみな。\nそうしたら　%1F入ってやるぜ！,"¡Eso sí, tendrás que ganarme\nprimero!"
10090107,Hあちょーっ！　オレをたおしてみな。\nそうしたら　%1F入ってやるぜ！,"¡Yeeeeja! A ver si esta vez me ganas.\nSi lo consigues, jugaré en tu club, ¿vale?"
10090107,Hオレ%1F様に　サッカー%1F部へ%1F入れと？\nあちょーっ　%2F面白いっ！,¡Yeeeja! ¿Que juegue en tu\nequipo? ¡No suena nada mal!
10090107,Lその%1F人は\n%3F本校舎の%1F入り%1F口の%1F近くに\nいるみたいですよ！,¡Está cerca de la entrada\nal edificio principal!
10090107,\センパイがスカウトしたい%1F人は\n%1F今までいた%2F場所から\n%2F移動したみたいですね！,¡El jugador que buscabas\nse ha ido a otra parte!
10090107,あちょーっ　いくぞっ！,"¡Yeeeja, vamos allá!"
10090108,$もしもし？\nセンパイですか？,"¡Hola, Mark!"
10090108,%s\nが%2F仲間になった！,¡%s se te ha unido!
10090108,@サッカーなんかで…\n%1F新しいドラマが　%1F生まれるかよ！,El fútbol no tiene lo necesario\npara dar lugar a historias\nemocionantes...
10090108,Dその%1F人は　いつも\n%3F北校舎の%1F近くに\nいるみたいですよ！,¡Siempre está cerca del edificio norte!
10090108,X%1F新しいドラマが　%1F生まれる%2F瞬間に\n%1F立ち%1F会えたら　サイコーだよな…。,"Presenciar el momento en que nace\nuna nueva historia cargada de\ntensión es emocionante, ¿no crees?"
10090108,Xサッカー？\nそれなら　%1F色んなドラマを\n%2F体験できるんだな？　すぐにしようぜ！,¿Fútbol? ¡He oído que jugando uno\npuede experimentar todo tipo de\nsensaciones! ¿Es cierto?
10090108,\センパイがスカウトしたい%1F人は\n%1F今までいた%2F場所から\n%2F移動したみたいですね！,¡El jugador que buscabas\nse ha ido a otra parte!
10090108,p%1F色んなドラマを　テレビでやってるけど\nやっぱ　%1F生のドラマがいいよな。\n%1F何かいいの　ないかなー？,"En la tele echan muchos culebrones,\npero no hay ninguno tan bueno como\nla vida misma."
10090108,tサッカーなら　%2F毎回%1F新しいドラマが\n%1F生まれるね。　サイコーだよ！\nもっと　ドラマを%1F見せてくれよな。,"En el mundo del fútbol, cada\npartido es un culebrón.\n¡Quiero sentir muchas emociones!"
10090109,$もしもし？\nセンパイですか？,"¡Hola, Mark!"
10090109,%s\nが%2F仲間になった！,¡%s se te ha unido!
10090109,Hその%1F人は　いつも\nテニスコートの%1F近くに\nいるみたいですよ！,¡Siempre está cerca de\nlas pistas de tenis!
10090109,T%1F犬って　かわいいんだよねー。\nだから%1F芸を　%1F覚えさせたいんだよねー。,Me gustaría enseñar a mi perro\na jugar con la pelota. ¿Me ayudas?
10090109,\サッカー？\nそれなら　%1F覚えてくれるかなー？\nとりあえず　ボクに%1F覚えさせてよねー。,¿A jugar al fútbol? Tendría que\naprender a jugar yo primero...\n¿Me enseñas?
10090109,\センパイがスカウトしたい%1F人は\n%1F今までいた%2F場所から\n%2F移動したみたいですね！,¡El jugador que buscabas\nse ha ido a otra parte!
10090109,xボクねー　%1F犬をかってるんだけどねー\n%1F何か%1F芸を　%1F覚えさせたいんだよねー。\n%1F何かいい%1F芸　ないかなー？,Quiero enseñar a mi perro Bolero\na dar la patita y demás...\n¿Tú qué le enseñarías?
10090109,|これなら%1F犬も　%1F覚えてくれそうだねー。\nサッカー%1F犬って　%2F名前もいいよねー。\nもっとボクに　%1F教えてよねー。,Así no hay quien aprenda...
10090110,$もしもし？\nセンパイですか？,"¡Hola, Mark!"
10090110,%s\nが%2F仲間になった！,¡%s se te ha unido!
10090110,8やっぱ　よくわかんないから\nサッカーは　いいや。,"Bah, no pillo nada.\nQue le zurzan al fútbol."
10090110,@せめて　%2F言葉の%2F意味くらい\nわかるようにしてよね…。,"Explícame todo esto de una forma\nque lo entienda, ¿vale?"
10090110,Lその%1F人は　いつも\n%2F鉄塔が%1F見える%2F場所に\nいるみたいですよ！,¡Siempre está en un lugar\ndesde donde se ve la torre!
10090110,\センパイがスカウトしたい%1F人は\n%1F今までいた%2F場所から\n%2F移動したみたいですね！,¡El jugador que buscabas\nse ha ido a otra parte!
10090110,`%1F何か　よくわかんないけど…\nかっこいい%2F言葉だね。\nとりあえず　やってみてもいいよ。,"No sé qué dices, pero suena muy\nbien. Venga, va. ¿Quieres que pruebe?"
10090110,h%2F言葉のいみが　わかったよ。\nサイドを%1F極めたら　カッコイイんだね。\nもっと　やらせてくれよ。,Ahora entiendo lo que decías.\nDominar las bandas es una pasada.\n¡Quiero jugar más!
10090110,tサッカー%1F部に%1F入れって？\nなんでだよ…　%1F入る%2F理由がないよ。\n…サイドを%1F制したら　ゲームを%1F制す？,¿Que juegue en tu equipo? ¿A santo\nde qué? ¿Que quien controla las\nbandas controla el juego?
10090111,$もしもし？\nセンパイですか？,"¡Hola, Mark!"
10090111,%s\nが%2F仲間になった！,¡%s se te ha unido!
10090111,Pその%1F人は　いつも\n%3F本校舎%1F入り%1F口の%1F近くに\nいるみたいですよ！,¡Siempre está cerca de la entrada\ndel edificio principal!
10090111,X%1F何か　%2F歴史に%1F名を%1F残すようなことを\nしたいんだけど…　%1F何かないかな？,Quiero dejar mi nombre inscrito\nen la historia... ¿Se te ocurre\ncómo puedo hacerlo?
10090111,\センパイがスカウトしたい%1F人は\n%1F今までいた%2F場所から\n%2F移動したみたいですね！,¡El jugador que buscabas\nse ha ido a otra parte!
10090111,`サッカー？\nそれで　%2F歴史に%1F名を%1F残せるのか？\nまあ…　%1F試しに　やってみようか。,¿Jugando al fútbol? ¿Uno puede\nser recordado por eso? Bueno...\nHabrá que probar. ¿Empezamos?
10090111,dたしかに…\nこれなら　%2F歴史に%1F名を%1F残せそうだよ！\nさあ　これから%2F練習　がんばるぞ！,¡Seguro que así conseguiré grabar\nmi nombre en la historia con\nletras de oro! ¡A entrenarse!
10090111,lみんなの　あこがれになるような\n%2F存在に　なりたいんだよ。\nだから　ちゃんとしたの%1F教えてくれよ！,"Quiero convertirme en alguien\nque haga historia. ¡Enséñame\ncómo conseguirlo, por favor!"
10090111,れきし,¿De verdad te piensas que así\npodré grabar mi nombre en la\nhistoria? ¿Para bien o para mal?
10090112,$もしもし？\nセンパイですか？,"¡Hola, Mark!"
10090112,%s\nが%2F仲間になった！,¡%s se te ha unido!
10090112,Dみんなの　%2F元気な%2F笑顔が…\nオレに　%2F元気をくれるのさ。,La sonrisa de los demás me\nllena de energía. ¿Sabes cómo\npodría hacer feliz a otros?
10090112,Lその%1F人は\n%3F本校舎の%1F入り%1F口の%1F近くに\nいるみたいですよ！,¡Está cerca de la entrada\nal edificio principal!
10090112,\センパイがスカウトしたい%1F人は\n%1F今までいた%2F場所から\n%2F移動したみたいですね！,¡El jugador que buscabas\nse ha ido a otra parte!
10090112,`んっ　サッカーかい？\nそれで　%2F元気になってくれるかな？\nとりあえず　やってみようか。,¿Jugando al fútbol uno puede\nconseguir eso? Bueno...\nHabrá que probar.
10090112,hこれだったら　%1F見ている%1F人をみんな\n%2F元気にさせて　あげれそうだね。\nよし！　がんばるぞ！！,Seguro que así podré hacer\nsentirse bien a la gente que me\nvea. ¡Me esforzaré por ellos!
10090112,tオレさー　%2F自分の%1F周りの%1F人みんなを\n%2F元気にさせて　あげたいんだよ。\n%1F何か　いい%2F方法ないかなー？,Quiero que la gente que está a\nmi alrededor se sienta bien.\n¿Cómo lo hago?
10090112,ひと,La gente no es tan simple como\npara alegrarse por verme jugar\na esto...
10090113,$もしもし？\nセンパイですか？,"¡Hola, Mark!"
10090113,%s\nが%2F仲間になった！,¡%s se te ha unido!
10090113,Dこれだったら…\n%2F１人で%2F練習しているほうが\nよかったよ…。,Me parece que lo mejor será que\nme entrene yo solo...
10090113,Hその%1F人は　いつも\nサークル%1F棟の%1F近くに\nいるみたいですよ！,¡Siempre está cerca del\nedificio de los clubes!
10090113,Lサッカーは　みんなでするけど…\nリフティングは　%2F自分との%1F戦いだ！,"El fútbol es un deporte de grupo, pero\nlo de los toques es una batalla contra\nuno mismo. ¿Me ayudas a practicar?"
10090113,\サッカー%1F部で%2F練習？\nえっ　いいの！？\nありがとう！！　　%2F早速やらせてよね。,¿Entrenar con el equipo de\nfútbol? ¿Eh? ¿De verdad?\n¡Gracias! Vamos a ello.
10090113,\センパイがスカウトしたい%1F人は\n%1F今までいた%2F場所から\n%2F移動したみたいですね！,¡El jugador que buscabas\nse ha ido a otra parte!
10090113,`いい%2F練習になるよ。\nこれで　リフティング%2F大会も%2F優勝だね。\nよーし　がんばるぞー！,Será un buen entrenamiento. Seguro\nque ahora también gano el torneo\nde toques. ¡A por todas!
10090113,h%2F今度さー　リフティング%2F大会に\n%1F出るんだけど…\n%1F何かいい%2F練習%2F方法　%1F知らない？,Voy a participar en el torneo de\ntoques de balón... ¿Conoces\nalgún método bueno para mejorar?
10090114,$もしもし？\nセンパイですか？,"¡Hola, Mark!"
10090114,%s\nが%2F仲間になった！,¡%s se te ha unido!
10090114,8やっぱ　ムリです…。\nボールが　コワいんです…。,Imposible... El balón me\nda demasiado miedo...
10090114,Pその%1F人は　いつも\n%1F小さいグラウンドの%1F近くに\nいるみたいですよ！,¡Siempre está cerca del\ncampo pequeño!
10090114,\もう…　したくないですけど…\nこれで　%1F治るのなら…\nもう１%1F度だけ　やってみます。,"No quiero volver a jugar, pero...\n¿Crees que si le doy otra oportunidad,\ndesaparecerá mi fobia?"
10090114,\センパイがスカウトしたい%1F人は\n%1F今までいた%2F場所から\n%2F移動したみたいですね！,¡El jugador que buscabas\nse ha ido a otra parte!
10090114,`サッカー%1F部に%1F入れ…ですか？\nボク…　はずかしいんですけど…\nタマが　こわいんです…。,"¿Que juegue en tu equipo? Es\nque... Me da vergüenza admitirlo,\npero... la pelota me da miedo."
10090114,hタマが　コワくなくなったよ！\nまだ%1F少し　コワいけど…。\nこれからも　がんばって%1F治しますね。,"¡Ya no me da miedo el balón!\nBueno, aún un poco, pero... ¡me\nesforzaré para superarlo!"
10090114,lえっ…　サッカーで　%1F治せる…？\nホントですか！？　それなら…\nコワいですけど　がんばってみます！,"¿El fútbol puede curarme el miedo?...\nEntonces, ¿crees que debería probarlo?"
10090115,$もしもし？\nセンパイですか？,"¡Hola, Mark!"
10090115,%s\nが%2F仲間になった！,¡%s se te ha unido!
10090115,Lその%1F人は　いつも\n%2F陸上グラウンドの%1F近くに\nいるみたいですよ！,¡Siempre anda cerca de la pista\nde atletismo!
10090115,Tまた　おまえか…。\nしょうがないな…\nもう１%1F度だけ%1F信じて　やってやるよ。,"Tú otra vez... Venga, vale...\n¿Quieres que te dé otra oportunidad?"
10090115,Tやっぱ　サッカーじゃダメだよな…。\n%2F一瞬でも%1F信じた　オレがバカだったぜ。,El fútbol no me sirve. He sido\nun tonto creyéndote...
10090115,\センパイがスカウトしたい%1F人は\n%1F今までいた%2F場所から\n%2F移動したみたいですね！,¡El jugador que buscabas\nse ha ido a otra parte!
10090115,lサッカーって　いいな！\nドリブルで%1F敵をぬく　%1F感じがにてるよ！\nよっし　ガンガン%2F練習するぞー！,"¡El fútbol es una pasada! Fintar\na rivales es como surfear. ¡Vale,\nentrenaré un porrón!"
10090115,p…えっ！？　サッカー？\nそれ…　ぜんぜん　ちがう%1F気がするけど\nとりあえず%1F信じるから　やってみよう！,"¿Eh? ¿Fútbol? Me da a mí que no,\npero si tú lo dices, habrá que\ncreerte. ¡Vamos a jugar!"
10090115,x%1F海じゃなくて　%1F陸でもできる\nサーフィンの%2F練習　%1F知らない？\n%1F海%1F行くの　お%1F金かかるんだよね…。,¿Conoces alguna manera con la que\nse pueda surfear en tierra? Ir\na la playa cuesta dinero...
10090116,$もしもし？\nセンパイですか？,¡El jugador que buscabas\nse ha ido a otra parte!
10090116,%s\nが%2F仲間になった！,¡%s se te ha unido!
10090116,",ねえねえ…　%1F何か%2F面白いことない？","Ey, ¿conoces algo divertido\nque pueda hacer?"
10090116,Hその%1F人は　いつも\n%3F西校舎の%1F裏あたりに\nいるみたいですよ！,¡Siempre va por la parte de atrás\ndel edificio oeste!
10090116,Lサッカー？\nよくわかんないけど…\n%1F楽しそうだし　やってみようよ！,"¿Fútbol? No sé de qué va eso,\npero... ¡suena divertido!\n¡Vamos a jugar!"
10090116,Xまた　サッカー？\nこの%1F前と　%1F同じ？\n%1F同じだったら　つまんないからイヤ！,Vaya rollo...\n¿De verdad quieres que volvamos\na jugar a lo mismo?
10090116,Xコレ　おっもしろいねー！\nもっと　やろうよ！\nやってみようよ！　%1F早くやろやろ！,"¡Qué divertido es esto! ¡Vamos\na jugar más! ¡Venga, deprisa!"
10090116,\センパイがスカウトしたい%1F人は\n%1F今までいた%2F場所から\n%2F移動したみたいですね！,"¡Hola, Mark!"
10090116,なんだ…\nつまんないや…。,¿Qué es esto?...\nMenudo aburrimiento.
10090117,$もしもし？\nセンパイですか？,"¡Hola, Mark!"
10090117,%s\nが%2F仲間になった！,¡%s se te ha unido!
10090117,",ねえねえ…　%1F何か%2F面白いことない？","Ey, ¿conoces algo divertido\nque pueda hacer?"
10090117,Lその%1F人は　いつも\nサッカー%2F部室の%1F近くに\nいるみたいですよ！,¡Siempre está cerca del\nclub de fútbol!
10090117,Lサッカー？\nよくわかんないけど…\n%1F楽しそうだし　やってみようよ！,"¿Fútbol? No sé de qué va eso,\npero... ¡suena divertido!\n¡Vamos a jugar!"
10090117,Xまた　サッカー？\nこの%1F前と　%1F同じ？\n%1F同じだったら　つまんないからイヤ！,Vaya rollo...\n¿De verdad quieres que volvamos\na jugar a lo mismo?
10090117,Xコレ　おっもしろいねー！\nもっと　やろうよ！\nやってみようよ！　%1F早くやろやろ！,"¡Qué divertido es esto! ¡Vamos\na jugar más! ¡Venga, deprisa!"
10090117,\センパイがスカウトしたい%1F人は\n%1F今までいた%2F場所から\n%2F移動したみたいですね！,¡El jugador que buscabas\nse ha ido a otra parte!
10090117,なんだ…\nつまんないや…。,¿Qué es esto?...\nMenudo aburrimiento.
10090118,$もしもし？\nセンパイですか？,"¡Hola, Mark!"
10090118,%s\nが%2F仲間になった！,¡%s se te ha unido!
10090118,8あああああ！！\nなんか　むしょうにムカつくぜ！！！,¡Grrrrr! ¡Me estoy cabreando!
10090118,Dその%1F人は　いつも\n%3F北校舎の%1F近くに\nいるみたいですよ！,¡Siempre está cerca del edificio norte!
10090118,Hサッカーなんて　ムカつくだけだぜ！\nなぐられても　うらむなよ！！,"¡El fútbol solo sirve para ponerle\na uno de los nervios! Si te zurro,\nluego no me guardes rencor."
10090118,Tそれでも　いいのか？\nもし　いいのなら\n%1F少しくらい　やってやってもいいぜ。,"Si no te importa, jugaré\nun poquillo."
10090118,\センパイがスカウトしたい%1F人は\n%1F今までいた%2F場所から\n%2F移動したみたいですね！,¡El jugador que buscabas\nse ha ido a otra parte!
10090118,hけっこう　おもしれぇじゃねえか…。\nサッカーやるために　ケンカしないよう\n%1F気をつけてやるよ。,Mola mucho... Llevaré cuidado en\nno enzarzarme en peleas cuando\nesté jugando al fútbol.
10090118,hはっ？　サッカー%1F部だ！？\nオレなんかが　%1F入ったら\nすぐにケンカして　%2F試合ができないぜ。,"¿Eh? ¿Que juegue al fútbol en tu\nequipo? Siempre armo lío y nunca\nacabo un partido, pero bueno..."
10090119,$もしもし？\nセンパイですか？,"¡Hola, Mark!"
10090119,%s\nが%2F仲間になった！,¡%s se te ha unido!
10090119,Hまた　サッカー？\nだから…\n%2F闘牛とは　ぜんぜんちがうって…。,¿Eh? ¿Quieres jugar otra vez al fútbol\npara demostrarme que está relacionado\ncon el baile?
10090119,Lその%1F人は　いつも\n%2F鉄塔が%1F見える%2F場所に\nいるみたいですよ！,¡Siempre está en un lugar\ndesde donde se ve la torre!
10090119,\サッカーと　%2F闘牛じゃ…\nぜんぜん　ちがうよ…。\nまぁ　わかってたことだけどね…。,"Fútbol y baile... No se parecen\nen absoluto. En fin, nada que\nno supiera antes."
10090119,\サッカー？\nそれで　%2F闘牛%1F士になれるの？\n%1F信じられないけど…　やってみようか。,¿Con el fútbol? ¿Eso me ayudaría a\nser un buen bailaor? No me lo creo...\n¿Me lo demuestras?
10090119,\センパイがスカウトしたい%1F人は\n%1F今までいた%2F場所から\n%2F移動したみたいですね！,¡El jugador que buscabas\nse ha ido a otra parte!
10090119,x%1F敵につっ%1F込むときが　にてるね！\nこれは　いい%2F練習になりそうだよ。\nガンガンつっ%1F込むから　よろしく！！,Puede ser un buen entrenamiento.\n¡Me uno al club!
10090119,xオレさー　いつかスペインに%1F行って\n%2F闘牛%1F士に　なりたいんだ…。\nだから%1F今からできる　%2F練習%1F知らない？,Algún día quiero ir a Sevilla y\nconvertirme en bailaor de flamenco...\n¿Sabes cómo podría entrenarme?
10090120,$もしもし？\nセンパイですか？,"¡Hola, Mark!"
10090120,%s\nが%2F仲間になった！,¡%s se te ha unido!
10090120,8お%1F腹から　%1F声がでるように\nなりたいんだよ…。,Me encantaría que la voz me\nsurgiera del estómago...
10090120,<サッカーなんかじゃ…\n%1F声は　%1F大きくならないよ…。,Con el fútbol la voz no tiene\npor qué salirme más potente...
10090120,Hその%1F人は　いつも\n%2F鉄塔の%2F真下あたりに\nいるみたいですよ！,¡Siempre está delante de la torre!
10090120,\センパイがスカウトしたい%1F人は\n%1F今までいた%2F場所から\n%2F移動したみたいですね！,¡El jugador que buscabas\nse ha ido a otra parte!
10090120,`つい　コウフンしちゃって\n%1F大きい%1F声を　だせたよ！\nコンクールまで　%2F練習させてね。,¡Me he emocionado sin darme cuenta\ny me ha salido un chorro de voz\npotente! ¡Entréname más!
10090120,lサッカーで%2F練習？\nサッカーやったら　%1F声が%1F大きくなるの？\nじゃあ…　%1F少しやってみようかな。,¿Eh? ¿Que con el fútbol podré\nsubir varios registros de voz?\n¿Crees que vale la pena probarlo?
10090120,|%2F今度…　%1F歌のコンクールがあるんだけど\n%1F大きい%1F声が　なかなかでないんだ…。\n%1F何か　いい%2F練習ないかな…。,"Dentro de poco hay un concurso de\ncanto, pero me falla la voz...\n¿Sabes cómo puedo entrenarla?"
10090121,$もしもし？\nセンパイですか？,"¡Hola, Mark!"
10090121,%s\nが%2F仲間になった！,¡%s se te ha unido!
10090121,Dその%1F人は　いつも\n%2F鉄塔の%1F近くに\nいるみたいですよ！,¡Siempre se le ve por la zona\nde la torre!
10090121,Xいつか…　ヨーロッパ%2F旅行に%1F行くのが\n%1F夢なんだ…。\nでも…　お%1F金がな…。,"Mi sueño es poder viajar por\nEuropa algún día, pero cuesta\nmucho dinero..."
10090121,\センパイがスカウトしたい%1F人は\n%1F今までいた%2F場所から\n%2F移動したみたいですね！,¡El jugador que buscabas\nse ha ido a otra parte!
10090121,`オレに…　%2F才能があったとしても…\nサッカーは　ずっと%1F続けるほど\n%1F楽しくないな…。,Aunque tenga talento... el fútbol\nno es tan divertido como para\njugarlo sin parar...
10090121,dサッカーね…\nあまり　%1F楽しくなかったんだよな…。\nでも　ヨーロッパに%1F行けるんだよな…。,"No es que me lo pase genial jugando\nal fútbol, pero si así puedo viajar\npor Europa... ¡Vale, juguemos!"
10090121,pオレに　プロになる%2F才能がありそうか？\nある！？　そうか…　よーし\nヨーロッパに%1F向けて　がんばるぞ！,¿Me ves talento para convertirme\nen profesional? Ajá... ¡Vale!\n¡Mi destino es Europa!
10090121,tサッカー%2F選手になったらいい？\nそうか！　その%1F手があったか！！\nオレに　その%2F才能があるか%1F見てくれ！,¿Que me haga futbolista? ¡Claro!\n¿Cómo no se me había ocurrido\nantes? ¿Quieres ponerme a prueba?
10090122,$もしもし？\nセンパイですか？,"¡Hola, Mark!"
10090122,%s\nが%2F仲間になった！,¡%s se te ha unido!
10090122,0やっぱ…\nボクに　スポーツはムリだよ…。,Ya sabía yo que los deportes y\nyo somos enemigos declarados.
10090122,4だから…\nボク　%2F運動がダメなんだって…。,Ya te he dicho que la educación\nfísica es mi peor pesadilla.\n¿Quieres hacerme jugar igualmente?
10090122,Pその%1F人は　いつも\n%3F河川敷グラウンドの%2F道路に\nいるみたいですよ！,¡Siempre se le ve en la carretera\nque hay cerca del campo del río!
10090122,\センパイがスカウトしたい%1F人は\n%1F今までいた%2F場所から\n%2F移動したみたいですね！,¡El jugador que buscabas\nse ha ido a otra parte!
10090122,\ホントだー！！\nサッカーは　%1F楽しいし…\nコレで%2F上手くなるなら　%2F最高だね！！,"¡Es verdad! El fútbol es muy\nentretenido... Si puedo mejorar\nasí, ¡va a ser una pasada!"
10090122,pえっ　サッカーだったら\n%2F体育が　%1F楽しく%2F上手になるって！？\nそれなら　%1F少しやってみようかな…。,"¿Eh? ¿Que con el fútbol, el físico\nse entrena mejor y de manera más\ndivertida? ¿Lo comprobamos?"
10090122,|ボク…　%2F体育がニガテで…\nいつも%2F体育の%2F時間が　キライなんだ…。\n%1F何か　%1F楽しく%2F上手になったらいいな…。,Se me da muy mal la educación\nfísica... Odio cuando tenemos\ngimnasia. Ojalá pudiera mejorar...
10090123,$もしもし？\nセンパイですか？,"¡Hola, Mark!"
10090123,%s\nが%2F仲間になった！,¡%s se te ha unido!
10090123,@やっぱ　ボクなんかじゃ…\n%3F主人公には　なれないよ…。,"Parece que no podré convertirme\nen superhéroe, después de todo..."
10090123,Hその%1F人は　いつも\n%2F鉄塔の%2F真下あたりに\nいるみたいですよ！,¡Siempre está delante de la torre!
10090123,L…がんばれば　チャンスはある？\nだったら　%1F試しにやってみようかな。,"¿Quien se esfuerza obtiene su\nrecompensa? Entonces quizás\nvalga la pena probar, ¿no?"
10090123,Pどうせ　%3F主人公になれる%1F人は…\n%1F生まれながら　%1F決まってるんだ…。,"Me gustaría ser un superhéroe,\npero no tengo poderes. ¿Crees que\nsi juego al fútbol podré parecer uno?"
10090123,Xボクでも…\nがんばれば　%3F主人公になれそうだよ。\nよーし…　もっと　がんばるぞ！,Yo también podré convertirme en\nsuperhéroe si me esfuerzo.\nVenga... ¡Voy a darlo todo!
10090123,\センパイがスカウトしたい%1F人は\n%1F今までいた%2F場所から\n%2F移動したみたいですね！,¡El jugador que buscabas\nse ha ido a otra parte!
10090123,dサッカー%1F部に%1F入れって…？\nもし%1F入ったら…　サッカーマンガの\n%3F主人公みたいになれる？,¿Quieres que entre en tu equipo?\nSi lo hago... ¿podré ser tan\npoderoso como un héroe de cómic?
10090124,$もしもし？\nセンパイですか？,"¡Hola, Mark!"
10090124,%s\nが%2F仲間になった！,¡%s se te ha unido!
10090124,Tその%1F人は　いつも\nテニスコート%1F近くの%2F花壇の%1F前に\nいるみたいですよ！,¡Está siempre delante de los\nmaceteros que hay cerca de\nla pista de tenis!
10090124,Xやっぱり　ただの%2F体力バカだね。\n%1F力だけじゃなくて…\n%1F頭も%1F使わないとね。,"Está visto que sois unos obsesos\ndel físico. La fuerza no lo es\ntodo, hay que usar la mollera."
10090124,\センパイがスカウトしたい%1F人は\n%1F今までいた%2F場所から\n%2F移動したみたいですね！,¡El jugador que buscabas\nse ha ido a otra parte!
10090124,dおやおや…　%2F体力バカじゃないですか。\nまだまだ　こりないようだね。\n%2F相手をしてあげるよ。,"Por lo visto, no aprendes.\n¿Quieres que te vuelva a enseñar\ncómo se usa la cabeza?"
10090124,dこのボクみたいにさ。\nあれっ？　%1F何か%2F不満そうだね…。\nだったら　%2F証明してあげるよ。,Miradme a mí. ¿Eh? Qué cara de\nmalas pulgas... ¿Queréis que os\ndemuestre cómo se hace?
10090124,lご　ごめんよ…\n%2F体力バカなんて　%1F決め%1F付けて…。\nおわびに　%1F何でもするから%1F許してくれ！,Lo siento... Pensé que erais unas\nbestias pardas porque sí... Haré\nlo que sea para que me perdones.
10090124,lキミたち　サッカー%1F部なんて\nただの　%2F体力バカばっかりだろ！？\nもっと%1F頭を　%1F使わないとね…,Los del club de fútbol sois unos\nbestias que solo exprimís vuestro\nfísico. ¡Hay que utilizar los sesos!
10090125,$もしもし？\nセンパイですか？,"¡Hola, Mark!"
10090125,%s\nが%2F仲間になった！,¡%s se te ha unido!
10090125,0おい　サッカー%1F部！\nオレと%2F勝負しな！,"¡Eh, equipo de fútbol!\n¡Jugad contra mí!"
10090125,Dその%1F人は　いつも\n%3F北校舎の%1F近くに\nいるみたいですよ！,¡Siempre está cerca del edificio norte!
10090125,Lサッカー%1F部も　%1F弱いな…。\nこの%2F学校は　ろくな%2F部活がないぜ。,Otros que tal bailan... No hay\nni un solo club que se salve\nen este instituto.
10090125,\センパイがスカウトしたい%1F人は\n%1F今までいた%2F場所から\n%2F移動したみたいですね！,¡El jugador que buscabas\nse ha ido a otra parte!
10090125,hほおー　まだやるのか？\n%1F弱いやつらほど　あきらめが%1F悪いぜ。\nもう１%1F度　つぶしてやるよ！,"¿Aún tenéis ganas de jugar?\nCuanto más malos son, menos lo\naceptan. ¡Os fundiremos otra vez!"
10090125,�%1F色んな%2F運動%1F部と　%2F勝負してきたが…\nどこも　たいして%1F強くなかったぜ。\nてめえらが%2F最後だ！　カクゴしやがれ！,He jugado contra muchos clubes\ndeportivos y ninguno era bueno.\n¿Seréis capaces de plantarme cara?
10090125,�は　%1F初めて%1F負けたぜ…　%2F完敗だ…。\nこんなに%1F強い%2F相手は　%1F初めてだ！\nたのむ！　オレを%2F弟子にしてくれ！！,¡Es la primera vez que juego\ncontra alguien así! Nunca había\nperdido... ¡Quiero ser tu discípulo!
10090126,$もしもし？\nセンパイですか？,"¡Hola, Mark!"
10090126,%s\nが%2F仲間になった！,¡%s se te ha unido!
10090126,Dやっぱり…\nかんたんに　%2F有名になるなんて\nムリだよな…。,Ya sabía yo que eso de hacerse\nfamoso no se logra en un día.\n¿Debería seguir intentándolo?
10090126,H%1F今さら　サッカーを%1F始めて…\n%2F大会にでれるわけないよな…。,"Acabo de empezar a jugar, así que\neso de ir a un torneo no me lo\ntenía ni que plantear..."
10090126,Hこれで　オレも%3F有名人になれるぜ。\nこれから　よろしくたのむよ！,Ahora podré convertirme en\nuna celebridad. ¡Cuento\ncon tu ayuda!
10090126,Tその%1F人は　いつも\n%3F河川敷グラウンドの%1F橋の%1F下に\nいるみたいですよ！,¡Siempre está debajo del puente\nque hay cerca del campo del río!
10090126,\センパイがスカウトしたい%1F人は\n%1F今までいた%2F場所から\n%2F移動したみたいですね！,¡El jugador que buscabas\nse ha ido a otra parte!
10090126,`オレさー　%2F有名になって\nテレビに%1F出たいんだけど…\n%1F何か　いい%2F方法ないかなー？,Quiero hacerme famoso y salir\nen la tele... ¿Cómo podría\nhacerlo?...
10090126,dサッカー？\nそうか…　サッカーの%2F大会に%1F出れば\nテレビに%1F映るな。　%2F早速やらせてよな。,Mmm... ¿Si juego un torneo de\nfútbol saldré en la tele?
10090127,$もしもし？\nセンパイですか？,"¡Hola, Mark!"
10090127,%s\nが%2F仲間になった！,¡%s se te ha unido!
10090127,@やっぱり　サッカーはキケンだよ！\nもう…　ダマされた！！,¡Ya sabía yo que el fútbol\nes peligroso! ¡Me has engañado!
10090127,Hえっ　ちがうの？\nじゃ　じゃあ…\nちょっと　やってみようかな…。,¿Eh? ¿No lo es? Entonces...\n¿Me aconsejas que juegue?
10090127,Hもうホントに　キケンじゃなくなった？\n%1F信じても　%3F大丈夫…？,¿Seguro que no corro peligro?...\n¿Puedo confiar en ti?\n
10090127,Pその%1F人は　いつも\n%3F河川敷のグラウンドの%1F近くに\nいるみたいですよ！,¡Siempre está cerca del campo\nde fútbol del río!
10090127,Tサッカーって\nぜんぜんキケンじゃなかったよ！\nこれなら　%2F安心してできるね！,¡El fútbol no tenía nada de\npeligroso! ¡Ahora puedo jugar\nrelajado!
10090127,\サッカー%1F部に%1F入れって…？\nでも　サッカーって…\nキケンなスポーツなんでしょ…。,"¿Que entre en tu equipo?\nPero... el fútbol es un\ndeporte peligroso, ¿no?"
10090127,\センパイがスカウトしたい%1F人は\n%1F今までいた%2F場所から\n%2F移動したみたいですね！,¡El jugador que buscabas\nse ha ido a otra parte!
10090128,$もしもし？\nセンパイですか？,"¡Hola, Mark!"
10090128,%s\nが%2F仲間になった！,¡%s se te ha unido!
10090128,<サッカーやって　%1F治るほど\nカンタンじゃないよ…。,No se me va a pasar la vergüenza\npor jugar al fútbol...
10090128,<サッカー？\nじゃあ　%1F試しに　やってみようかな…。,"¿Con el fútbol? Bueno, sería\ncuestión de probar, ¿no te parece?"
10090128,@だから…\n%1F人%1F前に%1F出るのが　はずかしいんだって！,Hacer cosas delante de otros me\nda vergüenza... ¿Quieres que \nintente a superarlo otra vez?
10090128,Lその%1F人は　いつも\n%2F陸上グラウンドの%1F近くに\nいるみたいですよ！,¡Siempre anda cerca de la pista\nde atletismo!
10090128,\センパイがスカウトしたい%1F人は\n%1F今までいた%2F場所から\n%2F移動したみたいですね！,¡El jugador que buscabas\nse ha ido a otra parte!
10090128,dボク…\n%1F人%1F前に%1F出るのが　ニガテなんだけど…\nカンタンに%1F治す　%2F方法ないかな…。,Se me da mal hacer cosas delante\nde otras personas... ¿Cómo podría\nquitarme ese defecto?...
10090128,tサッカーをやってる%1F間は\n%1F人%1F前でも　ぜんぜん%1F気にならないよ！\nよーし　サッカーをガンガンやるぞー！,"Cuando estoy jugando al fútbol,\nno me preocupa que haya otros\nmirando. ¡He de jugar más!"
10090129,$もしもし？\nセンパイですか？,"¡Hola, Mark!"
10090129,%s\nが%2F仲間になった！,¡%s se te ha unido!
10090129,8うーん…　サッカーを\nプレイしただけじゃダメか…。,Puf... Creo que contigo no\naprenderé mucho.
10090129,<とりあえず…\nもう１%1F回サッカーを　やってみるよ。,Con un partidito me basta.\n¿Quieres que te lo demuestre?
10090129,Pその%1F人は　いつも\n%3F河川敷のグラウンドの%1F近くに\nいるみたいですよ！,¡Siempre está cerca del campo\nde fútbol del río!
10090129,\センパイがスカウトしたい%1F人は\n%1F今までいた%2F場所から\n%2F移動したみたいですね！,¡El jugador que buscabas\nse ha ido a otra parte!
10090129,p%2F最近…　サッカー%1F部が%2F練習している%1F所の\n%2F写真をとってるんだけど…\n%2F上手く　とれないんだ…。,"Llevo unos días sacando fotos\ndel equipo de fútbol cuando está\nentrenando, pero no me salen bien."
10090129,t%2F上手くとれそうな%1F気がするよ…。\nだけど　もっと%2F上手くとるために\nまだまだ　サッカーをやらせてよね。,"Me da la impresión de que puedo\nhacer buenas fotos, pero tengo\nque seguir jugando."
10090129,xそこで　じっさいにサッカーをやったら\n%2F写真を　%2F上手くとれると%1F思うんだ。\nだから　%1F少しやらせてくれない？,Supongo que si juego al fútbol\npodré hacerlas mejor. ¿Me dejas\njugar contigo?
10090130,$もしもし？\nセンパイですか？,"¡Hola, Mark!"
10090130,%s\nが%2F仲間になった！,¡%s se te ha unido!
10090130,<%1F今はいてるクツが…\nどうも　しっくりこないんだ…。,Estas zapatillas no me van\ndel todo bien...
10090130,Hもう１%1F回くらい　サッカーをやったら\nこのクツにも　なれるかな？,"Si juego otra vez, puede que\nacabe por acostumbrarme a estas\nzapatillas, ¿no crees?"
10090130,Lその%1F人は　いつも\n%3F河川敷のサクの%1F周りに\nいるみたいですよ！,¡Siempre va por los alrededores\nde la valla que hay en el parque\ndel río!
10090130,Pオレとしたことが…\nサッカーをプレイしても\nぜんぜん　はきなれないぜ…。,Quién me manda a mí jugar a\nfútbol... No voy a acostumbrarme\na las zapatillas jugando...
10090130,\センパイがスカウトしたい%1F人は\n%1F今までいた%2F場所から\n%2F移動したみたいですね！,¡El jugador que buscabas\nse ha ido a otra parte!
10090130,p%1F思ったとおり　サッカーをプレイしたら\nだいぶ　なれてきたぜ！\n%2F完全になれるまで　やらせてもらうぜ。,¡Me he acostumbrado a ellas mucho\nmejor de lo que me esperaba! Ahora\nhe de aprovechar y jugar más.
10090130,pサッカーでもプレイして\n%1F走り%1F回ったら　なれると%1F思うんだよ。\nだから　ちょっくら　やらせてくれよ。,Supongo que si corro con ellas me\nacabaré acostumbrando. Déjame\njugar al fútbol contigo.
10090131,$もしもし？\nセンパイですか？,"¡Hola, Mark!"
10090131,%s\nが%2F仲間になった！,¡%s se te ha unido!
10090131,Lホントにサッカーで\nしせいが　%1F良くなるのか…？\nあやしいもんだぜ。,¿Puedo enderezar la postura\njugando al fútbol? ¿De verdad?\nMe da a mí que no...
10090131,Pえっ　サッカーで%1F良くなるのか！？\nだったら　ちょっと　やらせてくれよ。,"¿Eh? ¿Dices que con el fútbol\nmejoraré? Tienes que dejarme\njugar algo, entonces."
10090131,Pその%1F人は　いつも\n%3F河川敷グラウンドの%2F道路に\nいるみたいですよ！,¡Siempre se le ve en la carretera\nque hay cerca del campo del río!
10090131,Pサッカーやっても…\nぜんぜん　しせいが%1F良くなる%1F気が\nしないんだが…。,No noto que mi postura se haya\ncorregido por haber jugado al\nfútbol...
10090131,\センパイがスカウトしたい%1F人は\n%1F今までいた%2F場所から\n%2F移動したみたいですね！,¡El jugador que buscabas\nse ha ido a otra parte!
10090131,pこの%1F前さー　%1F歩くしせいが%1F悪いって\n%2F先生に　%2F注意されたんだけど…\nどうしようもないよなー？,El profesor me ha dicho que ando\ncon la espalda encorvada...\n¿Qué puedo hacer para evitarlo?
10090131,xなるほど…　%1F足%1F腰をきたえるんだな。\nたしかに　%1F良くなった%1F気がするぜ。\nこれからも　やらせてくれよな。,Ya veo... Lo suyo es entrenar\npiernas y torso. La verdad es que\nme veo mejor. He de seguir así.
10090132,$もしもし？\nセンパイですか？,"¡Hola, Mark!"
10090132,%s\nが%2F仲間になった！,¡%s se te ha unido!
10090132,0おい　サッカー%1F部！\nオレと%2F勝負しな！,"¡Eh, equipo de fútbol!\n¡Jugad contra mí!"
10090132,Lその%1F人は　いつも\n%2F陸上グラウンドの%1F近くに\nいるみたいですよ！,¡Siempre anda cerca de la pista\nde atletismo!
10090132,Lサッカー%1F部も　%1F弱いな…。\nこの%2F学校は　ろくな%2F部活がないぜ。,Otros que tal bailan... No hay\nni un solo club que se salve\nen este instituto.
10090132,\センパイがスカウトしたい%1F人は\n%1F今までいた%2F場所から\n%2F移動したみたいですね！,¡El jugador que buscabas\nse ha ido a otra parte!
10090132,hほおー　まだやるのか？\n%1F弱いやつらほど　あきらめが%1F悪いぜ。\nもう１%1F度　つぶしてやるよ！,"¿Aún tenéis ganas de jugar?\nCuanto más malos son, menos lo\naceptan. ¡Os fundiremos otra vez!"
10090132,�%1F色んな%2F運動%1F部と　%2F勝負してきたが…\nどこも　たいして%1F強くなかったぜ。\nてめえらが%2F最後だ！　カクゴしやがれ！,He jugado contra muchos clubes\ndeportivos y ninguno era bueno.\n¿Seréis capaces de plantarme cara?
10090132,�は　%1F初めて%1F負けたぜ…　%2F完敗だ…。\nこんなに%1F強い%2F相手は　%1F初めてだ！\nたのむ！　オレを%2F弟子にしてくれ！！,¡Es la primera vez que juego\ncontra alguien así! Nunca había\nperdido... ¡Quiero ser tu discípulo!
10090133,$もしもし？\nセンパイですか？,"¡Hola, Mark!"
10090133,%s\nが%2F仲間になった！,¡%s se te ha unido!
10090133,4%2F約束どおり　１%1F回やったよ。\nじゃあな。,Ya jugué una vez. Hasta luego.
10090133,Lその%1F人は　いつも\n%2F鉄塔の%2F小屋の%1F近くに\nいるみたいですよ！,¡Siempre ronda la caseta de\nla torre!
10090133,\センパイがスカウトしたい%1F人は\n%1F今までいた%2F場所から\n%2F移動したみたいですね！,¡El jugador que buscabas\nse ha ido a otra parte!
10090133,`…そんな%1F目でみるなよ。\nわかったよ…　１%1F回だけやってやるよ。\n１%1F回だけだからな！,"No me mires así... Vale, ya lo\npillo. Venga, ¡pero una vez y\nya! Solo una, ¿eh?"
10090133,`サッカー%1F部に%1F入れ？\nオレさー　%1F汗っかきでさー\nあまり　%2F運動したくないんだよね。,¿Que juegue contigo? No me apetece\nhacer deporte ahora. Enseguida sudo\ncomo un gorrino.
10090133,d%1F汗かくのが　こんなに%1F楽しいなんて…\n%1F知らなかったよ！\n%1F教えてくれて　ありがとうな。,No sabía que era tan divertido\njugar en equipo... ¡Gracias!
10090133,p%2F約束は　%1F守っただろ。\n…だから　そんな%1F目でオレを%1F見るな！\nもう１%1F回だけやってやるからさ…。,He cumplido mi promesa. ¡No me\nmires con esos ojos! Está bien...\n¿Quieres jugar una vez más?
10090134,$もしもし？\nセンパイですか？,"¡Hola, Mark!"
10090134,%s\nが%2F仲間になった！,¡%s se te ha unido!
10090134,0これが…\nビジネスという%1F名の%1F力だ！,¡Esta es...\nla fuerza de los negocios!
10090134,0また　ビジネスを%1F教えてほしいのかい？,¿Queréis saber más de negocios?
10090134,8それをボクが…\nキミたちに　%1F教えてあげよう！,¡Que os quede claro!\n¿Queréis que os lo demuestre?
10090134,Lその%1F人は　いつも\n%3F河川敷のベンチの%1F近くに\nいるみたいですよ！,¡Siempre está cerca de los bancos\nque hay en el campo de fútbol\ndel río!
10090134,Pボクの%1F考えが…\nまちがっていたのか…。\nまた%1F一から　やりなおしだ！,Estaba equivocado...\n¡Ahora tengo que empezar de cero!
10090134,\センパイがスカウトしたい%1F人は\n%1F今までいた%2F場所から\n%2F移動したみたいですね！,¡El jugador que buscabas\nse ha ido a otra parte!
10090134,スポーツは　ビジネスだ！,¡El deporte es negocio!
10090135,$もしもし？\nセンパイですか？,"¡Hola, Mark!"
10090135,%s\nが%2F仲間になった！,¡%s se te ha unido!
10090135,0おい　サッカー%1F部！\nオレと%2F勝負しな！,"¡Eh, equipo de fútbol!\n¡Jugad contra mí!"
10090135,Dその%1F人は　いつも\n%3F河川敷の%2F船場に\nいるみたいですよ！,¡Siempre está cerca del\nmuelle del río!
10090135,Lサッカー%1F部も　%1F弱いな…。\nこの%2F学校は　ろくな%2F部活がないぜ。,Otros que tal bailan... No hay\nni un solo club que se salve\nen este instituto.
10090135,\センパイがスカウトしたい%1F人は\n%1F今までいた%2F場所から\n%2F移動したみたいですね！,¡El jugador que buscabas\nse ha ido a otra parte!
10090135,hほおー　まだやるのか？\n%1F弱いやつらほど　あきらめが%1F悪いぜ。\nもう１%1F度　つぶしてやるよ！,"¿Aún tenéis ganas de jugar?\nCuanto más malos son, menos lo\naceptan. ¡Os fundiremos otra vez!"
10090135,�%1F色んな%2F運動%1F部と　%2F勝負してきたが…\nどこも　たいして%1F強くなかったぜ。\nてめえらが%2F最後だ！　カクゴしやがれ！,He jugado contra muchos clubes\ndeportivos y ninguno era bueno.\n¿Seréis capaces de plantarme cara?
10090135,�は　%1F初めて%1F負けたぜ…　%2F完敗だ…。\nこんなに%1F強い%2F相手は　%1F初めてだ！\nたのむ！　オレを%2F弟子にしてくれ！！,¡Es la primera vez que juego\ncontra alguien así! Nunca había\nperdido... ¡Quiero ser tu discípulo!
10090136,$もしもし？\nセンパイですか？,"¡Hola, Mark!"
10090136,%s\nが%2F仲間になった！,¡%s se te ha unido!
10090136,",くっ　くっそー！　%1F負けちまった…。",¡Porras!... He perdido.
10090136,<げげっ　%2F円堂！\nおまえ　%1F何しに%1F来たんだよ！,¡Mark! ¡Tú por aquí!
10090136,H…まさか　\nオレを%2F入部させたいとか\n%1F言うんじゃないだろうな。,¿No habrás venido a decirme que\nquieres que juegue en tu equipo?...
10090136,Hやっぱりそうか！\nそういうことは\nオレをたおしてから%1F言いな！,¡Empieza por ganarme!
10090136,Hオレを%2F入部させたいのなら\nサッカーバトルでオレに%1F勝ってみな！,"¡Si me quieres en tu equipo,\ntienes que empezar por ganarme!"
10090136,Lその%1F人は　いつも\n%3F河川敷のトイレの%1F近くに\nいるみたいですよ！,¡Siempre ronda los baños\nque hay en el río!
10090136,\センパイがスカウトしたい%1F人は\n%1F今までいた%2F場所から\n%2F移動したみたいですね！,¡El jugador que buscabas\nse ha ido a otra parte!
10090136,よしっ　サッカーバトルだ！,¿Eh?... Menos mal.
10090137,$もしもし？\nセンパイですか？,"¡Hola, Mark!"
10090137,%s\nが%2F仲間になった！,¡%s se te ha unido!
10090137,Dうーん…　サッカーじゃあ\nイマイチ%2F効果がわからないね…。,No sé si el fútbol me servirá\nde algo... Cuesta decirlo.
10090137,Lその%1F人は　いつも\n%2F鉄塔の%2F小屋の%1F近くに\nいるみたいですよ！,¡Siempre ronda la caseta de\nla torre!
10090137,Lもう１%1F度だけ　サッカーで\nサプリの%2F効果を　%1F試してみようかな？,Quizás juegue otra vez para probar\nlos efectos de los complejos\nvitamínicos...
10090137,Xサッカーなら\n%2F効果がバッチリわかるね。\nこれからも　%2F色々ためさせてもらうね。,Con el fútbol aprecio los efectos\na las mil maravillas. Seguiré\nhaciendo pruebas un tiempo más.
10090137,\センパイがスカウトしたい%1F人は\n%1F今までいた%2F場所から\n%2F移動したみたいですね！,¡El jugador que buscabas\nse ha ido a otra parte!
10090137,hで…　その%2F効果をためすために\nサッカーを　やらせてほしいんだよ。\nいいよね？　じゃあやろう！,Tienes que dejarme jugar al fútbol\npara que pruebe sus efectos.\n¿Te parece bien? ¡Pues a jugar!
10090137,hボクね…　サプリが%2F大好きなんだけど…\n%2F種類がたくさんありすぎて\n%2F効果がわからないんだ…。,"Me encantan los suplementos\nvitamínicos, pero hay tantos que\nno sé qué hace cada uno de ellos."
10090138,$もしもし？\nセンパイですか？,"¡Hola, Mark!"
10090138,%2F覚悟しな！,Buscar pelea para luego escapar...\nMenudo gallina.
10090138,%s\nが%2F仲間になった！,¡%s se te ha unido!
10090138,",%1F後で　コウカイしてもしらねえぜ！","Normal que buscaras pelea... Eres\nfuerte, he de reconocerlo. Quién\nme lo iba a decir..."
10090138,<ケンカ%1F売って　%1F逃げるとは\nチキンなヤローだぜ。,¡Menudo coraje! ¡Mira que retarme\na mí! ¡No sabes dónde te metes!
10090138,Dそのケンカ%1F買ってやる！\n%1F後で　コウカイしてもしらねえぜ！,¡Tú verás! ¡Luego no me vengas\nllorando! ¿De acuerdo?
10090138,Hその%1F人は　いつも\n%2F鉄塔の%1F池の%1F近くに\nいるみたいですよ！,¡Siempre se le ve cerca del\nestanque de la torre!
10090138,L…なに！？　オレとバトルしたいだ？\nてめえ　いい%2F度胸じゃねえか。,¡¿Qué?! ¿Dices que me retas a\nuna pachanga? Sí que tienes valor.
10090138,Tてめえのその%1F強さがわかるまで\n%1F付きまとってやるぜ！\n%2F覚悟しやがれ！,Los débiles deberían tener\ntambién ciertos límites...
10090138,Xくっ…　ケンカ%1F売るだけあって\n%1F強いじゃねえか。\nまさか　ここまでとはな…。,Me pegaré a ti como una lapa hasta\nque descubra el secreto de tu\npoder. ¡Que lo sepas!
10090138,\オレにケンカを%1F売るとは\nいい%2F度胸じゃないか！\nそのケンカ　%1F買ってやるぞ！！,¡Tú verás! ¡Luego no me vengas\nllorando!
10090138,\センパイがスカウトしたい%1F人は\n%1F今までいた%2F場所から\n%2F移動したみたいですね！,¡El jugador que buscabas\nse ha ido a otra parte!
10090139,$もしもし？\nセンパイですか？,"¡Hola, Mark!"
10090139,%s\nが%2F仲間になった！,¡%s se te ha unido!
10090139,8それでしたら…\nそれを%1F教えてもらいましょうか。,"¿Otra vez tú? Bueno, ya que insistes,\nno tengo inconveniente en jugar.\n¿Empezamos?"
10090139,Dその%1F人は　いつも\n%3F焼却炉の%1F近くに\nいるみたいですよ！,¡Siempre se le ve cerca de\nla incineradora!
10090139,Pその%1F人は　いつも\n%3F本校舎の%1F入り%1F口あたりに\nいるみたいですよ！,¡Siempre está cerca de la entrada\ndel edificio principal!
10090139,\また　キミですか…。\n%1F教えてくれるというのなら\nことわる%2F理由は　ありませんよ。,"Estabas en lo cierto. A partir\nde ahora, seguiré ese principio\ny jugaré en el club de fútbol."
10090139,\センパイがスカウトしたい%1F人は\n%1F今までいた%2F場所から\n%2F移動したみたいですね！,¡El jugador que buscabas\nse ha ido a otra parte!
10090139,pほう…　キミたちは\n%2F学校のテストが%1F全てではなく…\n%1F体を%1F動かすのが%2F大事…と%1F言うのですね。,¿Por qué no me explicáis en qué\nconsiste eso exactamente?
10090139,|キミの%1F言うことが　%1F正しかったよ。\nこれからは　キミの%1F言うとおり\nサッカー%1F部で　%1F体を%1F動かしていくよ。,"Mucho hablar, pero luego..."
10090140,$もしもし？\nセンパイですか？,"¡Hola, Mark!"
10090140,%s\nが%2F仲間になった！,¡%s se te ha unido!
10090140,",おっ　\nリベンジをしに%1F来たのだな！",¡Oh! ¿Has venido a vengarte?
10090140,8よしやろう！　%1F今やろう！\n%1F今すぐやろう！！,¡Vamos a jugar! ¡Ahora!\n¡No me hagas esperar más!
10090140,@むむっ！\nオレを　さがし%1F出すとは\nたいしたヤツだっ！,Hmm... Así que has estado\nbuscándome... Lo tuyo tiene mérito.
10090140,Dその%1F人は\n%2F正門の%1F近くの%2F花壇に\nいるみたいですよ！,¡Está cerca de los maceteros\nde la entrada principal!
10090140,Dその%1F人は　いつも\n%3F焼却炉の%1F近くに\nいるみたいですよ！,¡Siempre se le ve cerca de\nla incineradora!
10090140,Hあんたに%1F会ったら\nサッカーバトルが\nできるらしいじゃないか！,¡Dicen que quien te ve se\npone a jugar una pachanga\ncontra tu equipo! ¿Verdad que sí?
10090140,\センパイがスカウトしたい%1F人は\n%1F今までいた%2F場所から\n%2F移動したみたいですね！,¡El jugador que buscabas\nse ha ido a otra parte!
10090140,なんだ　やらないのか？,¿Qué pasa? ¿Te rajas?
10090140,よしっ　バトルだ！！,"¡Venga, a jugar!"
10090141,$もしもし？\nセンパイですか？,"¡Hola, Mark!"
10090141,%s\nが%2F仲間になった！,¡%s se te ha unido!
10090141,Dというわけですので…\nワタシと%2F勝負して　いただきますよ。,"Tú y yo no tenemos cuentas\npendientes, pero si quieres\njugar otra vez..."
10090141,Tその%1F人は　いつも\n%3F河川敷グラウンドの%1F橋の%1F下に\nいるみたいですよ！,¡Siempre está debajo del puente\nque hay cerca del campo del río!
10090141,\もうあなたに　%1F用はないのですが…。\nまあ　いいでしょう。\n%2F勝負してあげましょう。,Ahora gozo del favor de\nlas alturas. La suerte\nme acompañará.
10090141,\センパイがスカウトしたい%1F人は\n%1F今までいた%2F場所から\n%2F移動したみたいですね！,¡El jugador que buscabas\nse ha ido a otra parte!
10090141,撃ｳきほど　%1F天からおつげがありました。\nワタシの%1F前に%1F現れた%1F者と　%1F戦えと…。\n%1F勝てば　ワタシに%2F幸運がまいおりると。,De modo que... te toca enfrentarte\na mí. ¿Estás preparado?
10090142,$それじゃあ　あきらめるんだな。,"Venga, intenta ganarme. Si lo\nlogras, me uniré a tu equipo,\n¿de acuerdo?"
10090142,$もしもし？\nセンパイですか？,"¡Hola, Mark!"
10090142,%s\nが%2F仲間になった！,¡%s se te ha unido!
10090142,8オレをたおせたら\nサッカー%1F部に%1F入ってやるよ。,¡Empecemos con lo nuestro!
10090142,Dその%1F人は\n%2F正門の%1F近くの%2F花壇に\nいるみたいですよ！,¡Está cerca de los maceteros\nde la entrada principal!
10090142,Dその%1F人は　いつも\n%3F焼却炉の%1F近くに\nいるみたいですよ！,¡Siempre se le ve cerca de\nla incineradora!
10090142,Dだったら　オレをたおしてみな。\nそうしたら　%1F入ってやるよ。,¿Has venido a invitarme a que me\napunte a tu equipo? Pues sí que\ntienes ganas de que juegue contigo.
10090142,\センパイがスカウトしたい%1F人は\n%1F今までいた%2F場所から\n%2F移動したみたいですね！,¡El jugador que buscabas\nse ha ido a otra parte!
10090142,h…オレをサッカー%1F部へさそいに%1F来た？\nここまで%1F来るなんて\nよっぽど　オレがほしいんだな。,"¡Hombre, Mark! ¿Qué haces por\naquí? ¡Cuánto tiempo!"
10090142,それじゃあ　あきらめな。,"¡Si me derrotas, jugaré en tu equipo!\n¿Aceptas el desafío?"
10090142,それじゃあ　いくぞ！,"Déjalo, anda."
10090143,$もしもし？\nセンパイですか？,"¡Hola, Mark!"
10090143,%s\nが%2F仲間になった！,¡%s se te ha unido!
10090143,Pその%1F人は　いつも\n%2F正門%1F近くの%2F花壇の%1F前に\nいるみたいですよ！,¡Siempre está delante de\nlos maceteros que hay cerca\nde la entrada principal!
10090143,Tサッカーだったら\nいい%1F歌が%1F作れそうなんだよ。\nだから　%2F協力してくれ！,Seguro que soy capaz de crear\nuna magnífica canción si sigo\njugando al fútbol. ¡Ayúdame!
10090143,\センパイがスカウトしたい%1F人は\n%1F今までいた%2F場所から\n%2F移動したみたいですね！,¡El jugador que buscabas\nse ha ido a otra parte!
10090143,`なんか…　いい%1F歌ができそうだよ。\nもう%1F少し　サッカー%1F部で\nプレイさせてくれよな。,Puede que me quede una canción\nmuy chula. Deja que siga jugando\nun poco más en tu club.
10090143,hオレ…　スポーツをテーマにした%1F歌を\n%1F作ってるんだけど\nなかなか　いい%1F歌ができないんだよ。,"Estoy componiendo una canción\nsobre deportes, pero no me\nestá saliendo nada bien."
10090143,pそこで　じっさいにサッカーをやったら\nいい%1F歌が%1F作れると　%1F思うんだ。\nだから　%2F協力してくれよな。,Supongo que si juego al fútbol\npodré componer algo decente.\n¿Puedo contar con tu ayuda?
10090143,うた,Esto no me lleva a ninguna parte...
10090144,$もしもし？\nセンパイですか？,"¡Hola, Mark!"
10090144,%s\nが%2F仲間になった！,¡%s se te ha unido!
10090144,<%1F何かさー　ぱーっとやってさー\n%2F目立つことないか？,"Oye, ¿se te ocurre algo que\npueda hacerme destacar mucho?"
10090144,@もうサッカーで\n%2F目立とうと　%1F思ってないんだけどな…。,Me parece que con el fútbol no podré\ndestacar lo suficiente. ¿O crees que\ndebería seguir intentándolo?
10090144,Hその%1F人は　いつも\nウサギ%2F小屋の%1F近くに\nいるみたいですよ！,¡Suele estar cerca del\ncorral de las gallinas!
10090144,Lその%1F人は　いつも\n%1F渡り%2F廊下の%1F下あたりに\nいるみたいですよ！,¡Siempre está junto al pasaje!
10090144,\おし！\nこれなら　%2F全国%2F大会にも%1F出れそうだろ？\nこれから　よろしくたのむぜ。,"Eh, ¡así sí que afrontáis el\ntorneo nacional con garantías!\n¡A por ellos!"
10090144,\センパイがスカウトしたい%1F人は\n%1F今までいた%2F場所から\n%2F移動したみたいですね！,¡El jugador que buscabas\nse ha ido a otra parte!
10090144,`サッカーで%2F全国%2F大会に%1F出る？\nなら　オレにそれができるか\nちょっとやらせてくれよ。,"¿Jugar el torneo nacional?\nVamos a jugar, a ver si puedo\ndar la talla."
10090145,$もしもし？\nセンパイですか？,"¡Hola, Mark!"
10090145,%s\nが%2F仲間になった！,¡%s se te ha unido!
10090145,",ぜんぜん　%1F力がわいてこないよ…。",No me noto con más fuerzas\npara cargar mi macuto...
10090145,@その%1F人は\nサークル%1F棟の%1F近くに\nいるみたいですよ！,¡Está cerca del edificio\nde los clubes!
10090145,@カバンが%1F重いのはイヤだし…\nまた　やってみようかな…。,Me da rabia que mi mochila sea\ntan pesada... ¿Intentamos jugar\notra vez?
10090145,Lサッカーをすれば　そんなのかるがる？\nそれなら…　やってみようかな。,¿Que si juego al fútbol me\nparecerá más ligera? Entonces\ntengo que probarlo.
10090145,\センパイがスカウトしたい%1F人は\n%1F今までいた%2F場所から\n%2F移動したみたいですね！,¡El jugador que buscabas\nse ha ido a otra parte!
10090145,`ボクのかばん…　とても%1F重いんだよ…。\nいつも　%2F学校にくるのが…\nたいへんなんだよ…。,Me pesa mucho mi mochila...\nCada día me cuesta horrores\nvenir al insti por su culpa...
10090145,xなんだか　%1F力がわいてくる%1F気がするよ。\nこれなら　カバンもかるがる%1F持てるよ。\nもっと　%1F力をつけさせてね。,Es como si la fuerza brotara en\nmi interior... Tengo que jugar\nhasta que la mochila no me pese.
10090146,$もしもし？\nセンパイですか？,"¡Hola, Mark!"
10090146,%s\nが%2F仲間になった！,¡%s se te ha unido!
10090146,@こっそり　%2F上手になりたいんで\nそのへんを　よろしくね。,Quiero mejorar en secreto...\nEspero que puedas ayudarme.
10090146,@サッカーじゃあ…\nあまり　%2F練習になりそうにないね…。,El fútbol apenas me ayuda\na mejorar mis reflejos...
10090146,Lその%1F人は　いつも\n%3F商店街の%2F薬屋の%1F前に\nいるみたいですよ！,¡Siempre está delante de la\nfarmacia del barrio comercial!
10090146,Pその%1F人は　いつも\n%3F河川敷グラウンドの%2F海岸に\nいるみたいですよ！,"¡Siempre está en la orilla del\nrío, cerca del campo de fútbol!"
10090146,Xボクの%2F反射%2F神経が\nみんなより　%1F少し%1F悪いからって\nよくバカにされるんだ！,¡Todos se meten conmigo porque\ndicen que tengo muy pocos\nreflejos!
10090146,\センパイがスカウトしたい%1F人は\n%1F今までいた%2F場所から\n%2F移動したみたいですね！,¡El jugador que buscabas\nse ha ido a otra parte!
10090146,dようし…\nこれで　みんなを%1F見%1F返してやるぞー！\nでも　もっと%2F練習してからがいいかな？,¡Bien! ¡Ahora seré yo el que les\ndeje mal! Aunque... quizás deba\nentrenar un poco más antes...
10090146,pみんなを　%1F見%1F返してやりたいから\nサッカーで　こっそり%2F練習させてよ。\nめいわくは　かけないからさ。,"Quiero hacer que se traguen sus\npalabras. Entréname a escondidas,\nprometo no molestarte."
10090147,$もしもし？\nセンパイですか？,"¡Hola, Mark!"
10090147,%s\nが%2F仲間になった！,¡%s se te ha unido!
10090147,0…またサッカーするのか？\nもういいのに…。,Yo ya he tenido suficiente...\n¿De verdad quieres jugar\nal fútbol otra vez?
10090147,Lこれなら　%2F大会に%1F出ても%3F大丈夫だろ。\nこれから　よろしくな。,Supongo que con este nivel se\npuede jugar el campeonato sin\nproblemas. ¡A por ellos!
10090147,P%1F遠くに%1F行けても\nサッカーをやるくらいなら…\n%1F行かなくてもいいや。,"Si para irme lejos tengo que\njugar al fútbol, casi que\nprefiero quedarme aquí."
10090147,Tその%1F人は　いつも\n%3F河川敷グラウンドの%1F橋の%1F下に\nいるみたいですよ！,¡Siempre está debajo del puente\nque hay cerca del campo del río!
10090147,\センパイがスカウトしたい%1F人は\n%1F今までいた%2F場所から\n%2F移動したみたいですね！,¡El jugador que buscabas\nse ha ido a otra parte!
10090147,d%1F遠くに%1F行きたいけど…\nやっぱ　お%1F金がないんだよね。\n%1F何かいい%2F方法ないかなー？,"Me gustaría ir a un lugar lejano,\npero no tengo dinero. ¿Qué\npodría hacer para conseguirlo?"
10090147,l…サッカーをやればいい？\nそうか！　%2F大会で%1F勝てばいいのか！\nその%1F前に　%1F少しやらせてくれよ。,"¿Que juegue al fútbol? ¡Oh, pues\nhay que ir a por el campeonato!\nVamos a darle un poco al balón."
10090148,$もしもし？\nセンパイですか？,"¡Hola, Mark!"
10090148,%s\nが%2F仲間になった！,¡%s se te ha unido!
10090148,",だったら　それを%1F教えてもらおうか。",Soy todo oídos.
10090148,",ふむ…\nこのボクに　%1F何か%1F用かい？",Hmm... ¿Qué quieres?
10090148,@まあ…　%1F何かメリットがあるなら\n%1F考えてもいいがね。,"¿Y qué gano yo con eso?\nSi vale la pena, igual me lo pienso."
10090148,@メリットも%1F無いのに\nボクが%1F入ると%1F思ったのかね？,"Encima que no saco nada con eso,\n¿cómo quieres que me una a tu\nequipo?"
10090148,Dふむ　なるほど…\nサッカーも　なかなか\n%2F面白いものだな。,Ya veo... El fútbol también\nes divertido a su manera.
10090148,Lその%1F人は　いつも\n%3F河川敷のトイレの%1F近くに\nいるみたいですよ！,¡Siempre ronda los baños\nque hay en el río!
10090148,Lふむ…　\nサッカーをしたら　このボクに\n%1F何かメリットはあるのかい？,Hmm... ¿Acaso ganaría algo si\njugase al fútbol?
10090148,T…なに？　サッカー%1F部へ%1F入れと？\nボクが　そんなにヒマに%1F見えるかね？,"¿Cómo? ¿Jugar al fútbol, dices?\nPero ¿tan aburrido me ves?"
10090148,\センパイがスカウトしたい%1F人は\n%1F今までいた%2F場所から\n%2F移動したみたいですね！,¡El jugador que buscabas\nse ha ido a otra parte!
10090148,おもしろ,"Parece que jugar al fútbol tiene\nsus ventajas. Está bien, me\napuntaré a tu equipo."
10090149,$もしもし？\nセンパイですか？,"¡Hola, Mark!"
10090149,%s\nが%2F仲間になった！,¡%s se te ha unido!
10090149,",おっ　\nまた%1F力だめしに%1F来たのか？",Oh... ¿Has vuelto para echarme\nun nuevo pulso?
10090149,0なんだよ\nじゃあ　%1F何しに%1F来たんだ…。,"¿Eh? Entonces, ¿a qué has venido?"
10090149,<へへっ　たおされちまった。\nオレも　まだまだだな…。,"Je, je... He perdido.\nAún tengo que mejorar mucho..."
10090149,Dあんた　サッカー%1F部に%1F入るヤツを\nさがしてるんだってな。,He oído por ahí que estás\nbuscando jugadores para tu equipo.
10090149,Dその%1F人は\nサッカー%2F部室の%1F近くに\nいるみたいですよ！,¡Está cerca del club de fútbol!
10090149,Dその%1F人は　いつも\n%2F噴水の%1F近くに\nいるみたいですよ！,¡Siempre está cerca de la fuente!
10090149,Lオレは　けっこう%1F強いぜ。\n１%1F回　%1F力だめしをしたかったんだ！,Que sepas que soy bastante bueno.\n¿Quieres que midamos nuestras fuerzas?
10090149,Pあっ　あんた%2F円堂だろ？\nいつか%1F来るんじゃないかって\n%1F思ってたぜ。,"Eres Mark, ¿verdad?\nMe preguntaba si te\nacabarías pasando por aquí."
10090149,\センパイがスカウトしたい%1F人は\n%1F今までいた%2F場所から\n%2F移動したみたいですね！,¡El jugador que buscabas\nse ha ido a otra parte!
10090149,よしっ　バトルだ！,¡Vamos a echar una pachanga!
10090150,$もしもし？\nセンパイですか？,"¡Hola, Mark!"
10090150,$よくわかんないから　いいや。,"No lo acabo de pillar,\npero da igual."
10090150,%s\nが%2F仲間になった！,¡%s se te ha unido!
10090150,<その%1F人は\n%3F駐車場の%1F近くに\nいるみたいですよ！,¡Siempre está cerca del\naparcamiento!
10090150,Dその%1F人は　いつも\n%2F噴水の%1F近くに\nいるみたいですよ！,¡Siempre está cerca de la fuente!
10090150,H%1F教えてくれる%1F気があるなら…\nちゃんと　%1F教えてくれよな。,"Si vas a explicarte, hazlo\ncomo es debido..."
10090150,X…スポーツドリンク%1F屋？\nそれ…　%1F何なの？\nよくわかんないから　%1F教えてよ！,"¿Un puesto de bebidas\ndeportivas? ¿Eso existe?\nNo lo acabo de pillar, explícate."
10090150,\センパイがスカウトしたい%1F人は\n%1F今までいた%2F場所から\n%2F移動したみたいですね！,¡El jugador que buscabas\nse ha ido a otra parte!
10090150,`%2F今度の%3F学園祭で\nお%1F店をしようと　%1F思ってるんだけど…\n%1F何かいいのないかなー？,Estoy pensando en montar un\npuesto para el próximo festival...\n¿De qué podría ser?...
10090150,tなるほど…　スポーツをした%1F後に\nドリンクを%1F飲んでもらうんだね。\nこれはいい！　もちろん%2F協力してよね。,"Ajá, un puesto donde la gente\npueda reponer fuerzas tras hacer\ndeporte. ¡Suena genial! ¿Me ayudas?"
10090151,$もしもし？\nセンパイですか？,"¡Hola, Mark!"
10090151,%s\nが%2F仲間になった！,¡%s se te ha unido!
10090151,4サッカーじゃあ…\nぜんぜん　きたえれないな…。,Con el fútbol no puedo\nmejorar mi resistencia...
10090151,Dその%1F人は　いつも\n%3F体育館の%1F近くに\nいるみたいですよ！,¡Siempre está cerca del gimnasio!
10090151,Hその%1F人は　いつも\nサークル%1F棟の%1F近くに\nいるみたいですよ！,¡Siempre está cerca del\nedificio de los clubes!
10090151,Hサッカーで　すごいきたえれるな！\nこれからも　きたえさせてくれよ。,"¡El fútbol es genial para curtirse!\nSeguiré trabajando mi cuerpo\ncontigo, si no te importa."
10090151,Lサッカーで　きたえれるっていうなら\nちゃんと　%2F証明してくれよな。,Muéstrame si con el fútbol uno\npuede hacerse más fuerte.
10090151,P%1F知ってるか！？\n%2F今度…　%3F商店街でがまん%2F大会が\nあるんだってさ。,¿Lo has oído? Dicen que en el\nbarrio comercial van a hacer\nun concurso de resistencia.
10090151,\センパイがスカウトしたい%1F人は\n%1F今までいた%2F場所から\n%2F移動したみたいですね！,¡El jugador que buscabas\nse ha ido a otra parte!
10090151,xそれに%1F出ようと　%1F思ってるんだけど…\nその%1F前に　きたえておきたくてさー\nサッカーで　きたえさせてくれよ。,"Estoy pensando en participar, pero\nnecesito fortalecerme antes.\nJuega conmigo para entrenarme."
10090152,$%1F何かいいシーンないかな…。,¿Me ayudas a decidir qué escena\npodría pintar?
10090152,$もしもし？\nセンパイですか？,"¡Hola, Mark!"
10090152,%s\nが%2F仲間になった！,¡%s se te ha unido!
10090152,4うーん…\nちょっとイメージとちがうんだよな…。,Buf... Se me ha ido la imagen\nque tenía...
10090152,Lその%1F人は　いつも\n%3F河川敷のトイレの%1F近くに\nいるみたいですよ！,¡Siempre ronda los baños\nque hay en el río!
10090152,\センパイがスカウトしたい%1F人は\n%1F今までいた%2F場所から\n%2F移動したみたいですね！,¡El jugador que buscabas\nse ha ido a otra parte!
10090152,`サッカーのシーン？\nうーん…　スポーツをよく%1F知らないから\nまずは　やらせてくれない？,"¿Una escena de fútbol? No tengo\nmucha idea de deportes, ¡vas a\ntener que enseñarme a jugar!"
10090152,dサッカーいいよ！\nこれなら　いい%1F絵がかけそうだよ。\nそのために　もっとサッカー%1F教えてよ。,¡El fútbol es genial para\npintar! Seguro que me queda una\nescena genial. ¡Enséñame más!
10090152,�%2F今度ね　%1F絵のコンテストがあるんだけど\nなかなか　いいシーンがないんだよ…。\nキミ…　%1F何かいいシーン%1F知らない？,"Hay un concurso de dibujo, pero\nno sé qué escena recrear...\n¿Alguna idea?"
10090153,$もしもし？\nセンパイですか？,"¡Hola, Mark!"
10090153,$ヘッ　%2F後悔しても%1F遅いぜ！,"¡Je, je!\n¡Es tarde para arrepentirse!"
10090153,%s\nが%2F仲間になった！,¡%s se te ha unido!
10090153,<どうしもって%1F言うなら…\nオレとバトルしてみるかい？,"Si vas a ponerte pesadito,\ndejemos que el resultado de\nuna pachanga dicte sentencia."
10090153,Lその%1F人は　いつも\n%3F河川敷のサクの%1F周りに\nいるみたいですよ！,¡Siempre va por los alrededores\nde la valla que hay en el parque\ndel río!
10090153,Pヘヘッ　オレは%2F体力には\n%2F自信があるんだ。\nゼッタイに%1F負けないぜ。,"Je, apuesto a que no aguantáis\ntan bien un partido como yo.\n¿Estáis preparados?"
10090153,Xアーん？　なんだぁ。\nオレにサッカー%1F部に%1F入れだって？\nヘッ　お%1F断りだぜ。,"¿Qué dices tú? ¿Que juegue\nen el equipo de fútbol? Juas,\nqué más quisieras."
10090153,\センパイがスカウトしたい%1F人は\n%1F今までいた%2F場所から\n%2F移動したみたいですね！,¡El jugador que buscabas\nse ha ido a otra parte!
10090153,`オレをたおしたら\nサッカー%1F部に%1F入ってやるぜ。\n%2F体力なら　ダレにも%1F負けないぜ！,"¡Je, je! ¡Patanes!"
10090154,$もしもし？\nセンパイですか？,"¡Hola, Mark!"
10090154,%s\nが%2F仲間になった！,¡%s se te ha unido!
10090154,",あーあ…\n%1F足が%1F速くなりたいな…。",Aaah... Necesito correr\nmás rápido... ¿Me ayudas?
10090154,@その%1F人は　いつも\n%1F駅の%1F近くに\nいるみたいですよ！,¡Siempre se le ve cerca\nde la estación!
10090154,Hその%1F人は　いつも\n%2F鉄塔の%1F池の%1F近くに\nいるみたいですよ！,¡Siempre se le ve cerca del\nestanque de la torre!
10090154,Lこんなんで…\n%1F足が%1F速くなるわけないじゃん！\nバカにしないでよね！,¡Así no puedo ser más veloz!\n¡Vete a tomarle el pelo a otro!
10090154,\いつも…　%2F不良の%1F人たちに\nからまれるんだ…。\n%1F何か　いい%2F方法ないかな…？,Los malos del insti siempre me\nmeten en follones... ¿No habría\nninguna manera de evitarlo?
10090154,\センパイがスカウトしたい%1F人は\n%1F今までいた%2F場所から\n%2F移動したみたいですね！,¡El jugador que buscabas\nse ha ido a otra parte!
10090154,l…サッカーで%1F足を%1F速くする？\nそれで　ホントに%1F速くなれるの？\nだったら　%1F少しためさせてよ。,"¿Uno puede volverse más rápido si\njuega al fútbol? Tienes que dejarme\nexperimentar ese deporte, pues."
10090154,�なんか…　%1F足が%1F速くなった%1F気がするよ。\nこれで　からまれても%2F安心できるよ。\nこれからも　ここで%2F練習させてね。,Siento como si pudiera correr más\nrápido. Ahora podré salir de apuros\nsin problemas. ¡Seguiré entrenando!
10090155,$どう？\nもう１%1F回やるかい？,¿Quieres jugar otra vez?
10090155,$もしもし？\nセンパイですか？,"¡Hola, Mark!"
10090155,%s\nが%2F仲間になった！,¡%s se te ha unido!
10090155,@その%1F人は　いつも\n%1F駅の%1F近くに\nいるみたいですよ！,¡Siempre se le ve cerca\nde la estación!
10090155,Hサッカーが%2F上手くても…\nサッカーゲームは　%2F下手なんだねー！,"Aunque juegues bien al fútbol,\n¡los juegos se te dan fatal!"
10090155,Lその%1F人は　いつも\n%2F鉄塔の%3F掲示板の%1F近くに\nいるみたいですよ！,¡Siempre está cerca del tablón\nde anuncios que hay en la torre!
10090155,X%1F試しに　これをやってみないか？\nまあ…\nオレが　%1F勝つのは%2F当然だけどな。,"¿Quieres probarlo? Por supuesto,\nno tienes ninguna posibilidad\nde ganar..."
10090155,\センパイがスカウトしたい%1F人は\n%1F今までいた%2F場所から\n%2F移動したみたいですね！,¡El jugador que buscabas\nse ha ido a otra parte!
10090155,lオレが　%1F作ったゲームなのに\n%1F負けるなんて…。　こうなったら…\nサッカーをもっと%2F勉強してやる！,¿Cómo puedo perder? Encima que\nhe hecho yo este juego... ¡Tengo\nque estudiar más tácticas!
10090155,pちょっと%1F見てくれよ！\nすごいサッカーゲームを%1F作ったんだ！\nリアルなサッカーを%2F体験できるんだよ！,¡Mira qué juego de fútbol más\nchulo he hecho! ¡Se acerca\nmucho a la realidad!
10090156,$だから　それを%1F試させてよ。,A ver si es verdad.\nVamos a probar.
10090156,$もしもし？\nセンパイですか？,"¡Hola, Mark!"
10090156,%s\nが%2F仲間になった！,¡%s se te ha unido!
10090156,Pその%1F人は　いつも\n%2F正門%1F近くの%2F花壇の%1F前に\nいるみたいですよ！,¡Siempre está delante de\nlos maceteros que hay cerca\nde la entrada principal!
10090156,Tサッカーで　%2F日焼けするなら\nいいやって%1F思うよ。\nこれからも　よろしくね。,"Si quieres que me arriesgue a \nquemarme con el sol, ¡tendrás \nque ganarme!"
10090156,\センパイがスカウトしたい%1F人は\n%1F今までいた%2F場所から\n%2F移動したみたいですね！,¡El jugador que buscabas\nse ha ido a otra parte!
10090156,pボクね…　%2F日焼けするのがキライだけど\n%2F運動して%2F日焼けするのは\n%2F健康にいいって　%1F聞いたんだ。,"Odio quemarme con el sol, pero\ndicen que el que te da mientras\nhaces deporte es bueno."
10090156,おも,Ya no tendré que aguantar \nlas quemaduras del sol.
10090156,ひや,"Si he de quemarme, prefiero que\nsea jugando al fútbol. ¡Quiero\nser uno más en tu equipo!"
10090157,$もしもし？\nセンパイですか？,"¡Hola, Mark!"
10090157,%s\nが%2F仲間になった！,¡%s se te ha unido!
10090157,@その%1F人は　いつも\n%1F駅の%1F近くに\nいるみたいですよ！,¡Siempre se le ve cerca\nde la estación!
10090157,Hその%1F人は　いつも\n%2F鉄塔の%2F真下あたりに\nいるみたいですよ！,¡Siempre está delante de la torre!
10090157,L%2F大会の%2F練習をするつもりだったけど…\nつまんないから　もういいや。,"Solo quería entrenar para el\ntorneo ese, pero me estoy\naburriendo... Paso."
10090157,Lそれの%2F練習をしたいから\nサッカー%1F部で　%1F少し%2F練習させてよ。,Déjame entrenar con el club de\nfútbol para que pueda participar.
10090157,Lサッカーは　したくないけど…\n%2F大会の%2F練習は　したいんだよな…。,"No me gusta jugar al fútbol, pero\n¿crees que si entreno un poco,\nlo haré bien en el torneo?"
10090157,P%2F今度…　クラス%2F対抗のサッカー%2F大会が\nあるんだけど　%1F知ってる？,¿Te has enterado de que hay un\ntorneo que coincide con el\nhorario de clases?
10090157,\センパイがスカウトしたい%1F人は\n%1F今までいた%2F場所から\n%2F移動したみたいですね！,¡El jugador que buscabas\nse ha ido a otra parte!
10090157,t%2F大会の%2F練習だけのつもりだったけど…\nサッカーって%2F面白いね。\n%2F大会が%1F終わっても　%2F練習させてね。,"Solo quería entrenar para el\ntorneo ese, pero me ha acabado\ngustando el fútbol..."
10090158,$もしもし？\nセンパイですか？,"¡Hola, Mark!"
10090158,%s\nが%2F仲間になった！,¡%s se te ha unido!
10090158,0やるからには\nマジメに　やってくれよな。,"Ya que juegas, hazlo en serio."
10090158,Hその%1F人は\n%3F正門前グラウンドの%1F近くに\nいるみたいですよ！,¡Está cerca del campo de fútbol\nde la entrada principal!
10090158,Hその%1F人は　いつも\nウサギ%2F小屋の%1F近くに\nいるみたいですよ！,¡Suele estar cerca del\ncorral de las gallinas!
10090158,\えっ　サッカー？\nそうか…　ブラジルだもんね。\nその%1F前に　%1F少し%2F練習させてよ。,"¿Eh? ¿Fútbol? Ah, sí... Brasil...\nAntes que nada, deja que me\nentrene algo."
10090158,\センパイがスカウトしたい%1F人は\n%1F今までいた%2F場所から\n%2F移動したみたいですね！,¡El jugador que buscabas\nse ha ido a otra parte!
10090158,lこれだけサッカーできたら\nきっと　%2F仲良くなれるよね。\n%2F今度はオレと　%2F一緒にプレイしような。,"Seguro que nos llevaremos muy\nbien, pero la próxima vez quiero\nque juguemos todos juntos."
10090158,tクラスに　ブラジルからの%3F留学生が\nきてるんだけど…　どうやったら\n%2F仲良くなれるか　わかんないんだよ…。,Dicen que en clase hay un chico\nque viene de Brasil. ¿Qué puedo\nhacer para llevarme bien con él?
10090159,$もしもし？\nセンパイですか？,"¡Hola, Mark!"
10090159,%s\nが%2F仲間になった！,¡%s se te ha unido!
10090159,@その%1F人は　いつも\n%1F駅の%1F近くに\nいるみたいですよ！,¡Siempre se le ve cerca\nde la estación!
10090159,Dまたサッカー？\n%2F運動するなら\n%1F他のスポーツがいいのに…。,"¿Otra vez a fútbol?...\n¿No prefieres hacer otra cosa?\nBueno, va... ¡Vamos a jugar!"
10090159,Hその%1F人は　いつも\n%2F鉄塔の%2F真下あたりに\nいるみたいですよ！,¡Siempre está delante de la torre!
10090159,\センパイがスカウトしたい%1F人は\n%1F今までいた%2F場所から\n%2F移動したみたいですね！,¡El jugador que buscabas\nse ha ido a otra parte!
10090159,d%2F運動するにしても…\nサッカー%2F以外の　スポーツがいいよ…。\nだって　つまんないんだもん。,"Aunque sirva como deporte, estoy\nconvencido de que hay otros que\nson mucho más divertidos..."
10090159,h%1F楽しくて　テストの%1F点もよくなるなんて\nサイコーだね。\nこれからは　%2F毎日やらせてもらうね。,No hay nada como pasarlo bien y\npoder mejorar las notas. Jugaré\ncontigo todos los días.
10090159,p%2F最近…　どんなに%2F勉強しても\nテストの%1F点が　よくならないんだよ…。\nどうしたら　いいんだろう…。,"Por mucho que estudie, llevo una\nracha horrible con los exámenes.\n¿Qué puedo hacer?..."
10090159,xえっ…　%2F運動すると　%1F脳にいい？\nそういえば…　%1F聞いたことあるよ。\nそれなら　%1F少し%2F運動させてよね。,¿Eh? ¿La actividad física es\nbuena para el cerebro? Me suena\nque sí... ¡Hagamos algo de deporte!
10090160,$もしもし？\nセンパイですか？,"¡Hola, Mark!"
10090160,%s\nが%2F仲間になった！,¡%s se te ha unido!
10090160,<その%1F人は\n%2F正門の%1F近くに\nいるみたいですよ！,¡Está cerca de la entrada\nprincipal!
10090160,L%1F何か　スピードを%1F上げる\n%1F良い%2F方法が　ないものでしょうか…。,¿Sabes de algún método que me\nayude a ser más rápido?
10090160,\…サッカーで　スピードが%1F上がる？\nそれがホントでしたら\nぜひ　%1F試させてください！,"¿Jugar al fútbol te permite ganar\nvelocidad? Si eso es verdad,\n¡tienes que dejar que lo pruebe!"
10090160,\センパイがスカウトしたい%1F人は\n%1F今までいた%2F場所から\n%2F移動したみたいですね！,¡El jugador que buscabas\nse ha ido a otra parte!
10090160,hサッカーで　スピードが%1F上がる…\nホントの%1F話でしたね。\n%2F大会まで　%2F練習させてくださいね。,Era verdad eso de que el fútbol te\nayuda a ser más rápido. Jugaré\nhasta que llegue el torneo.
10090160,l%2F今度…　かるた%2F大会があるのですが…\nなかなか　スピードが%1F上がらず\n%1F困っているのですよ…。,"Hay un torneo de preguntas.\nSe trata de juegos de velocidad,\ny yo soy un lentorro..."
10090160,はなし,Pues no parece que sea verdad...\nMenudo chasco.
10090161,$もしもし？\nセンパイですか？,"¡Hola, Mark!"
10090161,%s\nが%2F仲間になった！,¡%s se te ha unido!
10090161,Dその%1F人は\nサッカー%2F部室の%1F近くに\nいるみたいですよ！,¡Está cerca del club de fútbol!
10090161,Dなぜ　あの%1F子は　きさまなんかに\nホレたんだああああああ！！,¡¿Por qué tiene que gustarle\nalguien como tú?! ¡Grrr!\n¡Veamos quién es el mejor!
10090161,\センパイがスカウトしたい%1F人は\n%1F今までいた%2F場所から\n%2F移動したみたいですね！,¡El jugador que buscabas\nse ha ido a otra parte!
10090161,dくそ…　%1F負けちまったよ…。\nこうなったら　きさまになぜホレたのか\n%1F調べさせてもらうぜ。,"Maldita sea, he perdido...\n¡Ya sé por qué le gustas!"
10090161,hきさまが%2F円堂か！\nオレが　クラスの%1F子に%2F告白したら\nきさまを%1F好きと　%1F言いやがった！,¡Mark! ¡La chica que me gusta\nme ha dicho que le gustas tú!
10090161,x%1F許さねぇ…　きさまだけは　%1F許さねぇ！\nこうなったら　オレと%2F勝負しろ！\n%1F負けたら　%1F身を%1F引けよな！,¡No pienso permitir que te\nquedes con ella! ¡Pelea conmigo\nsi te atreves!
10090161,これで%1F身を%1F引けよな！,¡Ahora ella será mía!
10090162,$もしもし？\nセンパイですか？,"¡Hola, Mark!"
10090162,%s\nが%2F仲間になった！,¡%s se te ha unido!
10090162,",いい%2F覚悟だな。\nじゃあ　いくぜ！！","Así me gusta.\n¡Vamos, a jugar!"
10090162,4%2F根性は　あるようだな。\nじゃあ　いくぜ！！,"Parece que tienes agallas.\nEstá bien, ¡vamos allá!"
10090162,<この%1F前の%2F勝負のリベンジだろ？\nさあ　やろうぜ！！,"¿Vienes a quitarte el mal sabor\nde boca de la última derrota?\nVamos, estoy listo."
10090162,<このオレと%2F勝負して%1F勝ったらな。\nさあ　やるか！？,Tendrías que ganarme en un\npartidete... ¿Qué dices?
10090162,<その%1F人は　いつも\n%3F住宅街に　いるみたいですよ！,¡Siempre está en la zona\nresidencial!
10090162,@なんだったら\nオレが%1F入ってやってもいいぜ。\nただし…,"Si tanta falta te hago, jugaré\ncontigo, pero..."
10090162,Dどうした　%2F円堂？\nこのオレと%2F勝負するのが　%1F怖いのか？,"¿Qué pasa, Mark?\n¿Te da miedo enfrentarte a mí?"
10090162,Hその%1F人は　いつも\n%2F鉄塔の%1F池の%1F近くに\nいるみたいですよ！,¡Siempre se le ve cerca del\nestanque de la torre!
10090162,Tよう　%2F円堂！\n%2F最近　サッカー%1F部のメンバーを\n%1F集めてるんだってな。,"¡Hola, Mark! Me han dicho que\nbuscas jugadores para tu equipo."
10090162,Tよう　%2F円堂！\nおまえが%1F来るのを%1F待ってたぜ。\nここに%1F来たってことは…,"¡Hola, Mark! Estaba esperando\nque vinieras, porque eso solo\npuede significar una cosa..."
10090162,Xなんだ…　%1F違うのか。\nてっきり　リベンジと%1F思って\nワクワクしてたんだがな。,"Ah, ¿no quieres la revancha?\nJo, ahora que estaba empezando\na hacerme ilusiones... Qué chasco."
10090162,\センパイがスカウトしたい%1F人は\n%1F今までいた%2F場所から\n%2F移動したみたいですね！,¡El jugador que buscabas\nse ha ido a otra parte!
10090163,$もしもし？\nセンパイですか？,"¡Hola, Mark!"
10090163,%s\nが%2F仲間になった！,¡%s se te ha unido!
10090163,8あれ　%2F円堂くん。\nこんな%1F所で%1F何してるの？,"Anda, si es Mark.\n¿Qué haces por aquí?"
10090163,<その%1F人は　いつも\n%3F住宅街に　いるみたいですよ！,¡Siempre está en la zona\nresidencial!
10090163,<ボクに%1F勝ったら\nサッカー%1F部に%1F入ってあげるよ。,"Jugaré con vosotros, pero tómatelo\ncomo un favor personal, ¿vale?"
10090163,Hその%1F人は　いつも\n%2F鉄塔の%2F真下あたりに\nいるみたいですよ！,¡Siempre está delante de la torre!
10090163,Xくっ…　%1F負けちゃったか。\n%2F約束どおり　サッカー%1F部に\n%1F入ってあげるよ。,Puf... He perdido. Seré fiel\na mi palabra y jugaré contigo.
10090163,\うーん…　そうだな　\nじゃあ　ボクに%1F勝ったら\nサッカー%1F部に%1F入ってあげるよ。,"Hmm... Si me ganáis, me uniré\na vosotros, ¿vale?"
10090163,\センパイがスカウトしたい%1F人は\n%1F今までいた%2F場所から\n%2F移動したみたいですね！,¡El jugador que buscabas\nse ha ido a otra parte!
10090163,hえっ　サッカー%1F部に%1F入らないかって？\nここまで%1F来るなんて\nよっぽど　ボクがほしいんだね。,"¿Eh? ¿Que entre en el club de\nfútbol? Pues si has venido hasta\naquí es que me necesitas, sí..."
10090163,それじゃあ　あきらめてね。,No vale la pena...
10090163,それじゃあ　いくよ！,"Muy bien, ¡vamos allá!"
10090163,はい,"He ganado. No tienes nada que\nhacer contra mí, resígnate."
10090163,やくそく,Será un orgullo jugar contigo.
10090164,$もしもし？\nセンパイですか？,"¡Hola, Mark!"
10090164,%s\nが%2F仲間になった！,¡%s se te ha unido!
10090164,0おまえ…\nオレを%2F仲間にしたいのだろう？,"Quieres tenerme de compañero\nde equipo, ¿verdad?"
10090164,4オレを%2F仲間にしたいのなら\nオレをたおしな！,"Si quieres ficharme, ¡tendrás que\nderrotarme primero! ¿Preparado?"
10090164,8だったら　オレと%2F勝負して\nオレをたおしてみな！,"¡Pues venga, juega contra mí!\n¡A ver si puedes ganarme!"
10090164,Dふん…　いいだろう。\n%2F約束どおり　%2F仲間になってやるよ。,"Venga, vale... Jugaré con\nvosotros. No quiero que se \ndiga que mi palabra no vale nada."
10090164,Lその%1F人は　いつも\n%2F鉄塔のベンチの%1F近くに\nいるみたいですよ！,¡Siempre está por los bancos\ndel parque de la torre!
10090164,Lその%1F人は　いつも\n%3F住宅街の%2F電柱の%1F前に\nいるみたいですよ！,¡Siempre está delante del poste\neléctrico que hay en la\nzona residencial!
10090164,\センパイがスカウトしたい%1F人は\n%1F今までいた%2F場所から\n%2F移動したみたいですね！,¡El jugador que buscabas\nse ha ido a otra parte!
10090164,それじゃあ　いくぜ！！,"¡Venga, vamos!"
10090164,ふん　こしぬけがっ！,¡Eres un cobardica!
10090165,$もしもし？\nセンパイですか？,"¡Hola, Mark!"
10090165,%s\nが%2F仲間になった！,¡%s se te ha unido!
10090165,4だったら　さっさと\nどこかに%1F行くのじゃな！,"Pues nada, marchaos a otra parte."
10090165,<うぬぬ　ワシに%1F勝つとは\nなかなか　やりおるわ…。,"Oh, me habéis sorprendido\nmuy gratamente..."
10090165,<なんじゃ　おぬしは！\nこのワシに　%1F何か%1F用なのか！,¿Quién eres y qué\nquieres de mí?
10090165,Dその%1F人は　いつも\n%3F体育館の%1F近くに\nいるみたいですよ！,¡Siempre está cerca del gimnasio!
10090165,Hその%1F人は　いつも\nサークル%1F棟の%1F近くに\nいるみたいですよ！,¡Siempre está cerca del\nedificio de los clubes!
10090165,Pなんじゃ　また%1F来たのか。\nワシに%1F勝てたら\n%1F考えてやってもいいぞ。,"¿Otra vez aquí? Si me ganas,\nme pensaré lo de jugar contigo."
10090165,T…%1F何？　サッカー%1F部へ%1F入れとな？\nおい　いきなり%1F何を%1F言うんじゃ？,¿Qué? ¿Jugar contigo?\nPero ¿qué me estás contando?
10090165,\センパイがスカウトしたい%1F人は\n%1F今までいた%2F場所から\n%2F移動したみたいですね！,¡El jugador que buscabas\nse ha ido a otra parte!
10090165,dまあ…　%1F入ってやらんでもないが\nそうじゃな　ワシに%1F勝てたら\n%1F考えてやってもいいぞ。,"Bueno, tampoco me molestaría,\npero si queréis que me lo piense\ntendréis que ganarme primero."
10090165,では　%2F勝負じゃ！,"¡Bueno, a jugar!"
10090166,$もしもし？\nセンパイですか？,¡Siempre está delante del poste\nde electricidad que hay en la\nzona residencial!
10090166,%s\nが%2F仲間になった！,¡%s se te ha unido!
10090166,0なんだ　おまえ！\nオレに%1F用があるのか？,"¡Hola, Mark!"
10090166,8なんだ　またおまえか\nここに%1F来たってことは…,"Si no te ves capaz de derrotarme,\ndeja de perder el tiempo conmigo."
10090166,<そうと%1F決まったら\nさっさと　かかって%1F来やがれ！,"Vas a tener que ganarme.\nSi lo consigues, me uniré a ti.\n¿Empezamos?"
10090166,<たおす%2F自信がないなら\nとっとと　どっか%1F行きな！,"¡Venga, aquí te espero!"
10090166,Dオレをたおす%2F自信がないなら\nさっさと　どっかに%1F行きな！,"Si quieres que juegue con\nvosotros, prueba a ganarme."
10090166,Dオレをスカウトしたいんだな？\nだったらオレをたおしてみろよ！,¿Otra vez por aquí?\nNo será por...
10090166,Lその%1F人は　いつも\n%2F鉄塔のベンチの%1F近くに\nいるみたいですよ！,¡Siempre está por los bancos\ndel parque de la torre!
10090166,Lその%1F人は　いつも\n%3F住宅街の%2F電柱の%1F前に\nいるみたいですよ！,¡Siempre está delante del poste\neléctrico que hay en la\nzona residencial!
10090166,Lなら　まずはオレに%1F勝ってからだ。\nそうしたら　%1F入ってもいいぜ。,Veo que quieres que me apunte\na tu equipo de fútbol.
10090166,P…なに？　サッカー%1F部に%1F入れだと？\nつまり　オレをスカウトしたいのか。,¿Qué mosca te ha picado?\n¿Quieres algo?
10090166,\センパイがスカウトしたい%1F人は\n%1F今までいた%2F場所から\n%2F移動したみたいですね！,¡El jugador que buscabas\nse ha ido a otra parte!
10090167,$では　%1F教えてもらおうか！,"¡Venga, enséñame lo que vales!"
10090167,$もしもし？\nセンパイですか？,"¡Hola, Mark!"
10090167,%s\nが%2F仲間になった！,¡%s se te ha unido!
10090167,8できないなら\nサッカー%1F部には　%1F入らないぞ。,"Si no, ya puedes ir buscándote\na otro."
10090167,8なかなか　サッカーというのも\n%2F面白いものだな。,Esto del fútbol no está nada mal.
10090167,Dその%1F人は\nサッカー%2F部室の%1F近くに\nいるみたいですよ！,¡Está cerca del club de fútbol!
10090167,Tこんな%1F所まで　オレに%1F会いに%1F来るなんて\nいったい　%1F何の%1F用だい？,Mira que venir hasta aquí para\nhablar conmigo... ¿Tan importante\nes lo que tienes que decirme?
10090167,Xオレにサッカーの%1F楽しさを\nわからせてくれたら\nサッカー%1F部に%1F入ってやるぞ。,"Si me enseñas por qué el fútbol\nes divertido, me uniré a tu equipo.\n¿De acuerdo?"
10090167,\ならば　オレにサッカーの%1F楽しさを\nわからせてみろ！\nもしできたら　%1F入ってやるぞ。,"¡Enséñame qué es lo que te gusta\ntanto del fútbol! Si me convences,\njugaré en tu equipo, ¿vale?"
10090167,\センパイがスカウトしたい%1F人は\n%1F今までいた%2F場所から\n%2F移動したみたいですね！,¡El jugador que buscabas\nse ha ido a otra parte!
10090167,d…サッカー%1F部へ%1F入れって！？\nここまで%1F来るくらいだ…\nよっぽど　オレがほしいのだな。,"Tienes ganas de que entre \na jugar en tu equipo, ¿verdad?\nPues te lo tendrás que currar."
10090167,おもしろ,Lo prometido es deuda.\nMe apunto al equipo.
10090168,$もしもし？\nセンパイですか？,"¡Hola, Mark!"
10090168,%s\nが%2F仲間になった！,¡%s se te ha unido!
10090168,8おまえだな？\nオレを%2F仲間にしたいってヤツは！,"Eres tú, ¿no?\n¡El tío que me quiere en su equipo!"
10090168,8へへっ　オレに%1F勝つなんて\nなかなかやるじゃん！,"¡Se nota que sabes jugar! Ganarnos\nno es tan sencillo, ¡je, je!"
10090168,8オレと%2F勝負して%1F勝ったらな。\nさあ　やるか！？,"vas a tener que ganarme...\nVenga, ¿jugamos?"
10090168,<えっ　%1F違うのか。\nじゃあ　%1F何しに%1F来たんだよ。,"Ah, ¿no?\nEntonces, ¿a qué has venido?"
10090168,<へへっ　そうだな\n%1F入ってやってもいいぜ！\nただし…,"Je, je... Bueno, no me\nimportaría, pero..."
10090168,Dその%1F人は\nサッカー%2F部室の%1F近くに\nいるみたいですよ！,¡Está cerca del club de fútbol!
10090168,Pなんだ　また%1F来たのか？\nオレを%2F仲間にしたいのなら\nオレをたおしな！,"¿Otra vez por aquí? Ya te he dicho\nque si me quieres en tu equipo,\nprimero tienes que ganarme. ¿Jugamos?"
10090168,\センパイがスカウトしたい%1F人は\n%1F今までいた%2F場所から\n%2F移動したみたいですね！,¡El jugador que buscabas\nse ha ido a otra parte!
10090168,それじゃあ　いくぜ！！,"¡Venga, vamos!"
10090168,ちぇっ　つまんねーヤツ！,¡Pche! ¡Qué lata de tío!
10090169,$もしもし？\nセンパイですか？,"¡Hola, Mark!"
10090169,%s\nが%2F仲間になった！,¡%s se te ha unido!
10090169,",じゃあ　さっさと　どっか%1F行きなよ。",Vete a darle la murga a otro.
10090169,<…なんだ！？\nまだ　オレに%1F用があると%1F言うのか？,¿Qué quieres? ¿Aún vas a\nmarearme más?
10090169,Dああ！　もうしつこいなぁ！\n%1F力ずくで　おいはらってやる！,¡Qué pesadito eres! ¡Vete a\ntocarle las narices a otro si no\nquieres que acabemos mal!
10090169,Dそれとも　まだオレに\n%1F何か%1F用でもあるって%1F言うのか？,¿O es que me quieres pedir algo?
10090169,Hその%1F人は　いつも\nテニスコートの%1F近くに\nいるみたいですよ！,¡Siempre está cerca de\nlas pistas de tenis!
10090169,Hひっ　ひいいー\nご　ごめんなさい！\nちょっと　イラついてたんです！,"¡Ay, ayayay! ¡Perdona!\n¡Me he pasado un poco!"
10090169,X%1F入る%2F理由がないね。\nさあ　もう%1F用はないだろ？\nさっさと　どっか%1F行きな。,"No tengo motivos para jugar con\nvosotros. Qué, ¿has acabado ya?\nPiérdete, anda."
10090169,\センパイがスカウトしたい%1F人は\n%1F今までいた%2F場所から\n%2F移動したみたいですね！,¡El jugador que buscabas\nse ha ido a otra parte!
10090169,h…えっ　サッカー%1F部に%1F入らないかって？\nなんで　オレがそこに%1F入らないと\nいけないんだよ。,¿Que entre en tu equipo?\n¿Por qué tengo yo que entrar\nen tu equipo?
10090170,$もしもし？\nセンパイですか？,"¡Hola, Mark!"
10090170,%s\nが%2F仲間になった！,¡%s se te ha unido!
10090170,0じゃあ　オレのことは\nあきらめてくれよな。,"Olvídate de mí, anda."
10090170,0なんだ　おまえは？\nオレになんか%1F用か？,¿Qué quieres de mí?
10090170,4そうと%1F決まったら\nさっさと　%1F始めるぜ！,¿A qué estamos esperando\npara empezar?
10090170,@なんだ　おまえか。\nこの%1F前の　リベンジに%1F来たのか？,"Agh, tú otra vez... ¿Has venido\na tomarte la revancha?"
10090170,Pその%1F人は　いつも\n%3F商店街のプラモ%1F屋の%1F近くに\nいるみたいですよ！,¡Siempre está cerca de la tienda\nde maquetas del barrio comercial!
10090170,Tヘッ　%1F負けちまった…。\nサッカーっていうのも\nなかなか%2F面白いものだな。,"Buf, he perdido... El fútbol\nno parece tan aburrido, de\ntodas formas."
10090170,Xその%1F人は　いつも\n%3F河川敷グラウンドのベンチの%1F近くに\nいるみたいですよ！,¡Siempre está cerca de los bancos\nque hay en el campo de fútbol\ndel río!
10090170,\オレに　サッカー%1F部へ%1F入れって？\nでもオレ　%1F違う%2F部活に\n%1F入ってるしな…。,¿Quieres que entre en tu equipo?\nPero yo ya estoy apuntado a\notro club...
10090170,\センパイがスカウトしたい%1F人は\n%1F今までいた%2F場所から\n%2F移動したみたいですね！,¡El jugador que buscabas\nse ha ido a otra parte!
10090170,`じゃあ　サッカーの%2F面白さを\nオレに　わからせてくれ。\nもしできたら　%1F入ってやるよ。,"Si me haces ver qué es lo que\ntiene el fútbol de interesante,\nme uniré a tu equipo, ¿vale?"
10090170,おもしろ,"Muy bien, ya tenéis a uno más\nen vuestro equipo. ¡A tus\nórdenes, capitán!"
10090171,$もしもし？\nセンパイですか？,"¡Hola, Mark!"
10090171,$プレイで%2F証明してあげるよ。,espérate a verme jugar.
10090171,%s\nが%2F仲間になった！,¡%s se te ha unido!
10090171,4オレ　こう%1F見えても\nけっこうタフなんだよ。,"Aunque no lo aparente, en\nrealidad estoy fuerte como\nun toro."
10090171,8そんなこと%1F言わずに\nオレのプレイを%1F見ろよ。,"Vaya, antes de decidir\ndeberías verme jugar."
10090171,<オレがタフだってことを\nプレイで%2F証明してあげるよ。,¿Quieres que te vuelva a mostrar\nlo duro que soy en el terreno de\njuego?
10090171,@それじゃあ　オレのかれいなプレイを\n%1F見せてあげるよ。,Te voy a maravillar con mi\ntoque de balón.
10090171,Pあ　あれっ？　おかしいな…\n%2F今日はちょっと　%2F調子が%1F悪いみたいだ。,¿Eh? Qué raro...\nParece que hoy no estoy muy fino.
10090171,Pその%1F人は　いつも\n%3F商店街のプラモ%1F屋の%1F近くに\nいるみたいですよ！,¡Siempre está cerca de la tienda\nde maquetas del barrio comercial!
10090171,Tその%1F人は　いつも\n%3F河川敷グラウンドの%1F橋の%1F下に\nいるみたいですよ！,¡Siempre está debajo del puente\nque hay cerca del campo del río!
10090171,\センパイがスカウトしたい%1F人は\n%1F今までいた%2F場所から\n%2F移動したみたいですね！,¡El jugador que buscabas\nse ha ido a otra parte!
10090171,dだから　サッカー%1F部に%1F入れてくれない？\nオレがタフだってことが\n%1F信%1F用できないのなら…,¿Me aceptas en tu equipo?\nSi no te crees que tengo un\ncuerpo de hierro...
10090171,きょう,A la hora de la verdad soy un\nhacha. Ya verás qué juego tan\nmagnífico despliego.
10090171,ちょうし,¿Qué te ha parecido? Tengo\nuna resistencia envidiable.
10090172,$もしもし？\nセンパイですか？,"¡Hola, Mark!"
10090172,%s\nが%2F仲間になった！,¡%s se te ha unido!
10090172,4それを%2F証明してくれたら\n%1F入ってやるよ。,"Demostradme que sabéis jugar bien\ny me uniré a vosotros, ¿de acuerdo?"
10090172,8%2F十分な%1F強さだ…！\nこれなら%1F申し%1F分ない。,¡Sois lo suficientemente\nbuenos! No hay pega que valga.
10090172,8では　その%1F強さとやらを\n%1F見せてもらおうか！,¡Mostradme de qué pasta\nestáis hechos!
10090172,@%1F強さを%2F証明してくれないと\n%1F入ってやらないからな。,No entraré en el equipo si no\nme demostráis lo que valéis.
10090172,Hその%1F人は　いつも\nテニスコートの%1F近くに\nいるみたいですよ！,¡Siempre está cerca de\nlas pistas de tenis!
10090172,Pオレに%1F入ってほしかったら\n%1F強い%2F部活ということを\n%2F証明してみな。,"Si quieres que juegue con\nvosotros, demuéstrame lo\nque vale tu equipo."
10090172,Tおっ　%2F円堂！\nおまえ　サッカー%2F部員を\n%1F集めに%1F回ってるんだってな。,¡Mark! ¿Vas buscando jugadores\npara tu equipo de fútbol?
10090172,\センパイがスカウトしたい%1F人は\n%1F今までいた%2F場所から\n%2F移動したみたいですね！,¡El jugador que buscabas\nse ha ido a otra parte!
10090172,`なんだったら　オレも\n%1F入ってやってもいいぞ。\nただし…　そこが%1F強い%1F部だったらな。,"Si tan apurado te ves, entraría\nen tu equipo, pero... tendríais\nque ser muy buenos."
10090172,じゅうぶん,Lo prometido es deuda.\nYa tenéis a un miembro\nmás en el equipo.
10090172,つよ,¿Cómo quieres que juegue en\ntu equipo? ¿No te has dado\ncuenta de que no tenéis nivel?
10090173,$もしもし？\nセンパイですか？,"¡Hola, Mark!"
10090173,%s\nが%2F仲間になった！,¡%s se te ha unido!
10090173,8なんだ　おまえのヤル%1F気は\nその%2F程度なのか…。,¡Vamos a jugar!
10090173,<まっ　まいった！\nさすがサッカー%1F部のキャプテンだ！,¿Has vuelto a por la revancha?
10090173,Hその%1F人は　いつも\nテニスコートの%1F近くに\nいるみたいですよ！,¡Siempre está cerca de\nlas pistas de tenis!
10090173,Pだったら　オレが\n%1F入ってやってもいいぜ。\nでも…　１つ%2F条件がある。,"Puede que me apunte a jugar\ncon vosotros, pero... con\nuna condición."
10090173,Tよお　%2F円堂！\nおまえ　サッカー%2F部員を\n%1F集めて%1F回ってるってホントか？,"¡Hola, Mark! ¿Es verdad que\nestás buscando jugadores\npara tu equipo?"
10090173,Xははっ　また%1F来たのか。\nこの%1F前のリベンジ…　だな！\n%2F面白い　さあやろう！,¿Así que eso es todo lo\nque tu equipo da de sí?...
10090173,\センパイがスカウトしたい%1F人は\n%1F今までいた%2F場所から\n%2F移動したみたいですね！,¡El jugador que buscabas\nse ha ido a otra parte!
10090173,いざ　%2F勝負っ！,¡Tienes que ganarme!\n¿Aceptas el reto?
10090174,$もしもし？\nセンパイですか？,"¡Hola, Mark!"
10090174,%s\nが%2F仲間になった！,¡%s se te ha unido!
10090174,0なんだ。\nだったら　この%1F話はナシだな。,"¿Cómo? Bueno, pues no\nte he dicho nada."
10090174,Dその%1F人は　いつも\n%3F野球場の%1F近くに\nいるみたいですよ！,¡Está siempre cerca del campo\nde béisbol!
10090174,Hはー　やっぱり%1F強いな！\nサッカー%1F部のこと　あなどってたぜ！,"¡Pues sí que sois buenos!\nNo daba nada por vosotros,\npero se nota que sabéis jugar."
10090174,Lあれ　%2F円堂。\nおまえ　サッカー%2F部員を\n%1F集めに%1F回ってるのか。,"Oh, Mark...\n¿Buscas jugadores para tu equipo?"
10090174,Pオレに%1F入ってほしかったら\n%1F強い%2F部活ということを\n%2F証明してみな。,"Si quieres que juegue con\nvosotros, demuéstrame lo\nque vale tu equipo."
10090174,Tそうだなー　%1F今の%2F部活にも\nあきてきたし…\n%2F入部してやってもいいぜ。,Hmm... Estoy harto de mi club...\nPuede que no sea tan mala idea\nunirme al tuyo.
10090174,Tただし　オレに%1F勝ったらだ！\n%1F強い%2F部活じゃないと\n%1F入りたくないぜ！,¡Pero no quiero jugar en un equipo\nde mantas! Tendrás que demostrarme\nque vuestro equipo vale la pena.
10090174,\センパイがスカウトしたい%1F人は\n%1F今までいた%2F場所から\n%2F移動したみたいですね！,¡El jugador que buscabas\nse ha ido a otra parte!
10090174,つよ,Lo prometido es deuda.\nYa tenéis a un miembro\nmás en el equipo.
10090174,よしっ　いくぜ！！,"¡Venga, vamos allá!"
10090175,$もしもし？\nセンパイですか？,"¡Hola, Mark!"
10090175,%s\nが%2F仲間になった！,¡%s se te ha unido!
10090175,0なんだ　おまえ！\nオレに%1F用があるのか？,¿Qué mosca te ha picado?\n¿Quieres algo?
10090175,8なんだ　またおまえか\nここに%1F来たってことは…,¿Otra vez por aquí?\nNo será por...
10090175,8オレをスカウトしたいなら\nオレをたおしてみろよ。,"Si quieres que juegue con\nvosotros, prueba a ganarme."
10090175,<そうと%1F決まったら\nさっさと　かかって%1F来やがれ！,"¡Venga, aquí te espero!"
10090175,<たおす%2F自信がないなら\nとっとと　どっか%1F行きな！,"Si no te ves capaz de derrotarme,\ndeja de perder el tiempo conmigo."
10090175,Dその%1F人は　いつも\n%3F河川敷の%2F船場に\nいるみたいですよ！,¡Siempre está cerca del\nmuelle del río!
10090175,Lなら　まずはオレに%1F勝ってからだ。\nそうしたら　%1F入ってもいいぜ。,"Vas a tener que ganarme.\nSi lo consigues, me uniré a ti.\n¿Empezamos?"
10090175,P…なに？　サッカー%1F部に%1F入れだと？\nつまり　オレをスカウトしたいのか。,Veo que quieres que me apunte\na tu equipo de fútbol.
10090175,\その%1F人は　いつも\n%3F商店街の%1F大きいスポーツショップの%1F前に\nいるみたいですよ！,¡Siempre está delante de la tienda\nde deportes grande del barrio\ncomercial!
10090175,\センパイがスカウトしたい%1F人は\n%1F今までいた%2F場所から\n%2F移動したみたいですね！,¡El jugador que buscabas\nse ha ido a otra parte!
10090176,$もしもし？\nセンパイですか？,"¡Hola, Mark!"
10090176,%s\nが%2F仲間になった！,¡%s se te ha unido!
10090176,4おまえの%2F勝負なら\nいつでも%1F買ってやるぜ！,"¡Si quieres que te demuestre\nquién es mejor, solo tienes\nque pedírmelo!"
10090176,4だったら　オレが%1F入ってやるよ。\nただし…,"Entonces jugaré contigo, pero..."
10090176,8おまえが　オレより\n%1F強かったらの%1F話だがな！,¡tendrás que demostrarme que\njuegas mejor al fútbol que yo!
10090176,Hおまえが　オレより%1F強かったら\nサッカー%1F部に%1F入ってやるぜ！,"¡Si demuestras ser mejor que yo,\nme uniré a tu equipo! ¿De acuerdo?"
10090176,Lその%1F人は　いつも\n%2F陸上グラウンドの%1F近くに\nいるみたいですよ！,¡Siempre anda cerca de la pista\nde atletismo!
10090176,Xよう　%2F円堂！\nおまえ　サッカー%1F部に\n%1F入ってくれるヤツをさがしてるんだろ？,"¡Hola, Mark! ¿Estás reclutando\njugadores para tu equipo?"
10090176,\センパイがスカウトしたい%1F人は\n%1F今までいた%2F場所から\n%2F移動したみたいですね！,¡El jugador que buscabas\nse ha ido a otra parte!
10090176,`%2F円堂…　なかなか%1F強いじゃないか！\n%2F約束どおり　サッカー%1F部に\n%1F入ってやるさ。,"¡Menudo nivelazo, Mark! Me voy\na tener que unir a tu equipo."
10090176,えんどう,"Si demuestras ser mejor que yo,\nme uniré a tu equipo cuando\nquieras."
10090176,さあ　いくぜ！！,"¡Venga, vamos!"
10090177,$もしもし？\nセンパイですか？,"¡Hola, Mark!"
10090177,%s\nが%2F仲間になった！,¡%s se te ha unido!
10090177,8キミには　ボクが%1F言いたいことが\nわかるかい？,Y tú... ¿sabes lo que\nquiero decirte?
10090177,<その%1F人は　いつも\n%3F河川敷に　いるみたいですよ！,¡Siempre está por\nla zona del río!
10090177,Lボクには　もうわかっているよ。\nキミがなぜ　ここに%1F来たかってさ。,Sé a qué has venido.
10090177,Tその%1F人は　いつも\n%3F商店街のラーメン%1F屋の%1F近くに\nいるみたいですよ！,¡Siempre está por la tienda\nde fideos chinos del barrio\ncomercial!
10090177,\なかなか　やるじゃないか。\nこの%1F後　ボクが%1F言うセリフも\nキミにならわかるだろ？,Así no...
10090177,\センパイがスカウトしたい%1F人は\n%1F今までいた%2F場所から\n%2F移動したみたいですね！,¡El jugador que buscabas\nse ha ido a otra parte!
10090177,\ボクをサッカー%1F部に%1F入れたいんだろう？\nキミの%1F顔を%1F見れば　すぐにわかったよ。,"Quieres que juegue en tu equipo,\n¿verdad? Lo he sabido en cuanto\nte he visto la cara."
10090177,そんなんじゃ　ダメだね。,"Muy bien, ¡vamos allá!"
10090178,$もしもし？\nセンパイですか？,"¡Hola, Mark!"
10090178,%s\nが%2F仲間になった！,¡%s se te ha unido!
10090178,8キミには　ボクが%1F言いたいことが\nわかるかい？,Y tú... ¿sabes lo que\nquiero decirte?
10090178,@その%1F人は　いつも\n%1F駅の%1F近くに\nいるみたいですよ！,¡Siempre se le ve cerca\nde la estación!
10090178,Lその%1F人は　いつも\n%2F鉄塔の%3F掲示板の%1F近くに\nいるみたいですよ！,¡Siempre está cerca del tablón\nde anuncios que hay en la torre!
10090178,Lボクには　もうわかっているよ。\nキミがなぜ　ここに%1F来たかってさ。,Sé a qué has venido.
10090178,\なかなか　やるじゃないか。\nこの%1F後　ボクが%1F言うセリフも\nキミにならわかるだろ？,Así no...
10090178,\センパイがスカウトしたい%1F人は\n%1F今までいた%2F場所から\n%2F移動したみたいですね！,¡El jugador que buscabas\nse ha ido a otra parte!
10090178,\ボクをサッカー%1F部に%1F入れたいんだろう？\nキミの%1F顔を%1F見れば　すぐにわかったよ。,"Quieres que juegue en tu equipo,\n¿verdad? Lo he sabido en cuanto\nte he visto la cara."
10090178,そんなんじゃ　ダメだね。,"Muy bien, ¡vamos allá!"
10090179,$もしもし？\nセンパイですか？,"¡Hola, Mark!"
10090179,%s\nが%2F仲間になった！,¡%s se te ha unido!
10090179,@おっ　%2F円堂じゃないか。\nこんな%1F所でなにしてんだよ。,"¡Anda, si es Mark!\n¿Qué has venido a hacer aquí?"
10090179,@なんだ　ちがうのか…。\nだったら　いったい%1F何の%1F用だ？,"Ah, ¿no?\nEntonces, ¿a qué has venido?"
10090179,Dその%1F人は　いつも\n%3F河川敷の%2F船場に\nいるみたいですよ！,¡Siempre está cerca del\nmuelle del río!
10090179,Dまた　サッカー%1F部に%1F入れとか\n%1F言うんじゃないだろうな？,¿No habrás venido otra vez\ncon la misma cantinela?
10090179,Tその%1F人は　いつも\n%3F商店街のラーメン%1F屋の%1F近くに\nいるみたいですよ！,¡Siempre está por la tienda\nde fideos chinos del barrio\ncomercial!
10090179,Xしょうがねえな…\nだったら　オレを%1F倒してみなよ。\nそうしたら　%1F入ってやるさ。,"Qué remedio...\nIntenta vencerme, pues. Si lo\nconsigues, jugaré en tu equipo."
10090179,Xちっ　%1F負けちまったぜ。\nまあ　%2F約束だしな…\nサッカー%1F部に%1F入ってやるよ。,"Maldita sea, he perdido...\nMuy bien, entraré en\nel equipo de fútbol."
10090179,\センパイがスカウトしたい%1F人は\n%1F今までいた%2F場所から\n%2F移動したみたいですね！,¡El jugador que buscabas\nse ha ido a otra parte!
10090179,t…なに？　オレをさがしていただと？\nまさか…　また　サッカー%1F部に%1F入れとか\n%1F言うんじゃないだろうな？,"¿Dices que me estabas buscando?\nNo querrás que vuelva a entrar\nen el equipo de fútbol, ¿verdad?"
10090180,$もしもし？\nセンパイですか？,"¡Hola, Mark!"
10090180,%s\nが%2F仲間になった！,¡%s se te ha unido!
10090180,4だったら　さっさと\nどこかに%1F行くのじゃな！,"Pues nada, marchaos a otra parte."
10090180,<うぬぬ　ワシに%1F勝つとは\nなかなか　やりおるわ…。,"Gñ... Eres bueno, no todos\npueden ganarme..."
10090180,<なんじゃ　おぬしは！\nこのワシに　%1F何か%1F用なのか！,¿Quién eres y qué\nquieres de mí?
10090180,Lその%1F人は　いつも\n%2F陸上グラウンドの%1F近くに\nいるみたいですよ！,¡Siempre anda cerca de la pista\nde atletismo!
10090180,Pなんじゃ　また%1F来たのか。\nワシに%1F勝てたら\n%1F考えてやってもいいぞ。,"¿Otra vez aquí? Si me ganas,\nme pensaré lo de jugar contigo."
10090180,T…%1F何？　サッカー%1F部へ%1F入れとな？\nおい　いきなり%1F何を%1F言うんじゃ？,¿Eh? ¿Jugar al fútbol?\nPero ¿qué me dices?
10090180,\センパイがスカウトしたい%1F人は\n%1F今までいた%2F場所から\n%2F移動したみたいですね！,¡El jugador que buscabas\nse ha ido a otra parte!
10090180,dまあ…　%1F入ってやらんでもないが\nそうじゃな　ワシに%1F勝てたら\n%1F考えてやってもいいぞ。,"Bueno, tampoco me molestaría,\npero si queréis que me lo piense\ntendréis que ganarme primero."
10090180,では　%2F勝負じゃ！,"¡Bueno, a jugar!"
10090181,$もしもし？\nセンパイですか？,"¡Hola, Mark!"
10090181,%s\nが%2F仲間になった！,¡%s se te ha unido!
10090181,<オレを%1F倒せたら\nサッカー%1F部に%1F入ってやるよ。,"¡Si me derrotas, jugaré en tu equipo!\n¿Aceptas el desafío?"
10090181,@おっ　%2F円堂じゃないか！\nこんな%1F所で%1F何してるんだ？,"¿Qué haces por aquí, Mark?"
10090181,Dその%1F人は　いつも\n%3F野球場の%1F近くに\nいるみたいですよ！,¡Está siempre cerca del campo\nde béisbol!
10090181,Dだったら　オレをたおしてみな。\nそうしたら　%1F入ってやるよ。,"Venga, intenta ganarme. Si lo\nlogras, me uniré a tu equipo,\n¿de acuerdo?"
10090181,Lくっ…　%1F負けたぜ。\n%2F約束どおり　サッカー%1F部に\n%1F入ってやる。,Puf... He perdido. Seré fiel\na mi palabra y jugaré contigo.
10090181,\センパイがスカウトしたい%1F人は\n%1F今までいた%2F場所から\n%2F移動したみたいですね！,¡El jugador que buscabas\nse ha ido a otra parte!
10090181,h…オレをサッカー%1F部へさそいに%1F来ただ？\nここまで%1F来るなんて\nよっぽど　オレがほしいんだな。,¿Has venido hasta aquí para\npedirme que juegue contigo?\nPues sí que me necesitas...
10090181,それじゃあ　あきらめな。,No vale la pena...
10090181,それじゃあ　いくぞ！,¡Vamos allá!
10090181,はい,"He ganado. No tienes nada que\nhacer contra mí, resígnate."
10090181,やくそく,Gracias por dejarme jugar\nen tu equipo.
10090182,$ちがうのか…\nなら　いいか。,"Ah, ¿no? Tú mismo\ncon tu mecanismo."
10090182,$もしもし？\nセンパイですか？,"¡Hola, Mark!"
10090182,%s\nが%2F仲間になった！,¡%s se te ha unido!
10090182,0オレをサッカー%1F部に%1F入れるつもりか？,¿Me quieres en tu equipo?
10090182,<やっぱり　そうか…\nだったら　オレを%1F倒すんだな！,"Ya veo... ¡Pues nada, vas\na tener que ganarme!"
10090182,@え　%2F円堂…！\nおまえが　ここにいるってことは\nまさか…,¡Mark! Si estás aquí... es que...
10090182,Lその%1F人は　いつも\n%2F鉄塔の%2F小屋の%1F近くに\nいるみたいですよ！,¡Siempre ronda la caseta de\nla torre!
10090182,\%2F円堂！\nおまえが　ここにいるってことは\nオレをサッカー%1F部に%1F入れる%1F気だな？,¡Mark! Que hayas venido...\n¿significa que quieres que\nentre en el equipo de fútbol?
10090182,\センパイがスカウトしたい%1F人は\n%1F今までいた%2F場所から\n%2F移動したみたいですね！,¡El jugador que buscabas\nse ha ido a otra parte!
10090182,`くっ…　%1F倒されちまった。\nしかたねえ！　こうなったら\nサッカー%1F部に%1F入ってやるよ。,"Uf, ¡qué rabia! ¡Ahora no me\nqueda otra que jugar en tu\nequipo!"
10090183,$もしもし？\nセンパイですか？,"¡Hola, Mark!"
10090183,%s\nが%2F仲間になった！,¡%s se te ha unido!
10090183,0うい〜ッス　\nオレに　なんか%1F用かい？,¡Buenas! ¿Querías algo?
10090183,0ええー　%1F逃げるのかよ。\nつまんねーの。,¿Te vas? Qué nenaza...
10090183,0たおす%2F自信がないなら\nどっか%1F行けよ。,"Si no te ves capaz de derrotarme,\ndeja de perder el tiempo conmigo."
10090183,4へへっ　バトルだぜ！\nさあ　かかって%1F来な！,"¡Pachanga al canto!\nJe, je... Venga, ¡vamos a empezar!"
10090183,8そうと%1F決まったら\nさっさと　かかって%1F来な！,"Venga, ¡venid a por nosotros!"
10090183,Dだったら　オレをたおすんだな。\nそうしたら　%1F入ってやるよ。,"Tendréis que derrotarme.\nSi lo conseguís, me uniré a\nvuestro equipo. ¿Os parece bien?"
10090183,Pえ？　サッカー%1F部に%1F入れって？\nつまり　オレをスカウトしたいんだな。,"¿Eh? ¿Jugar al fútbol?\nVamos, que quieres reclutarme."
10090183,Pおっ　また%1F来たな。\nオレをスカウトしたいなら\nオレをたおしてみろよ。,"Anda, si has vuelto. Si me quieres\nen tu equipo, ya sabes que tienes\nque derrotarme. ¿Aceptas el desafío?"
10090183,Pその%1F人は　いつも\n%2F正門%1F近くの%2F花壇の%1F前に\nいるみたいですよ！,¡Siempre está delante de\nlos maceteros que hay cerca\nde la entrada principal!
10090183,\センパイがスカウトしたい%1F人は\n%1F今までいた%2F場所から\n%2F移動したみたいですね！,¡El jugador que buscabas\nse ha ido a otra parte!
10090183,じしん,"¡Pche, ahora me tendré que\napuntar a tu equipo! Qué\nle voy a hacer..."
10090184,$もしもし？\nセンパイですか？,"¡Hola, Mark!"
10090184,%s\nが%2F仲間になった！,¡%s se te ha unido!
10090184,0%1F逃げるのか！？\nこのおくびょう%1F者め！,¿Cómo que te vas? ¡Cobardica!
10090184,8よかろう！\nこのオレが　%2F相手をしてくれるわ！,¡Como quieras! ¡Seré tu rival!\n¿Estás preparado?
10090184,<その%1F人は\n%2F正門の%1F近くに\nいるみたいですよ！,¡Está cerca de la entrada\nprincipal!
10090184,@くっくっく…\nオレをさがし%1F出すとは\nたいしたヤツだな。,"¡Ju, ju, ju!...\nMenudo eres, mira que\nponerte a buscarme..."
10090184,\センパイがスカウトしたい%1F人は\n%1F今までいた%2F場所から\n%2F移動したみたいですね！,¡El jugador que buscabas\nse ha ido a otra parte!
10090184,では　まいるぞ！,"¡Venga, que voy!"
10090185,$もしもし？\nセンパイですか？,¡El jugador que buscabas\nse ha ido a otra parte!
10090185,%s\nが%2F仲間になった！,¡%s se te ha unido!
10090185,",もちろん　オレとも\nバトルするんだろ？","Supongo que te enfrentarás a mí, ¿no?"
10090185,0オレとも\nサッカーバトルをするんだろう？,¿Echamos una pachanga?
10090185,Lその%1F人は\n%3F西校舎の%1F入り%1F口の%1F近くに\nいるみたいですよ！,¡Está cerca de la entrada\ndel edificio oeste!
10090185,\センパイがスカウトしたい%1F人は\n%1F今までいた%2F場所から\n%2F移動したみたいですね！,"¡Hola, Mark!"
10090185,`こんな%1F所にも　%1F現れたか…\nおまえは　%1F色んな%1F所で\nサッカーバトルをするらしいな。,Te estás recorriendo toda la\nciudad... Dicen que has jugado\ncontra todo tipo de rivales.
10090185,じゃあ　%1F始めようか。,¿Empezamos o qué?
10090185,なんだ…　しないのか。,¿Cómo que no?
10090186,$もしもし？\nセンパイですか？,"¡Hola, Mark!"
10090186,%s\nが%2F仲間になった！,¡%s se te ha unido!
10090186,",よく%1F見つけれたな。\nほうびとして…",Por haberme encontrado...
10090186,8おまえに　オレをスカウトする\nチャンスをやろう！,¿Quieres que te dé una oportunidad\npara que me lleves a jugar a tu equipo?
10090186,Hふふふ…\nこんな%1F所にオレがいるなんて\n%1F思いもしなかっただろ？,"¡Ju, ju, ju! No te esperabas\nque estuviera aquí, ¿eh?"
10090186,Lその%1F人は　いつも\n%2F鉄塔の%2F小屋の%1F近くに\nいるみたいですよ！,¡Siempre ronda la caseta de\nla torre!
10090186,Lその%1F人は　いつも\n%3F住宅街の%2F電柱の%1F前に\nいるみたいですよ！,¡Siempre está delante del poste\nde electricidad que hay en la\nzona residencial!
10090186,\センパイがスカウトしたい%1F人は\n%1F今までいた%2F場所から\n%2F移動したみたいですね！,¡El jugador que buscabas\nse ha ido a otra parte!
10090186,lよくチャンスをものにしたな。\nでは　オレをスカウトさせてやろう！\nオレは　%2F体力に%2F自信があるぞ！,"Has aprovechado muy bien tu\noportunidad. ¡Vamos, invítame\na jugar! ¡Tengo un buen físico!"
10090186,たいりょく,¡Los que no aprovechan sus\noportunidades no pueden\nconvertirse en campeones!
10090186,では　%1F去るのだ！,¿Quieres que te dé otra oportunidad\npara que me lleves a jugar a tu equipo?
10090186,では　いくぞ！,"¡Vamos, date el piro!"
10090187,$おいおい…　%1F試してみろよ。,"Venga, anímate a probar."
10090187,$もしもし？\nセンパイですか？,"¡Hola, Mark!"
10090187,%s\nが%2F仲間になった！,¡%s se te ha unido!
10090187,<なんだったら　オレを\nメンバーに%1F入れてみないか？,"Si tan mal lo tienes, ¿por qué\nno me aceptas en tu equipo?"
10090187,Hその%1F人は　いつも\n%2F鉄塔の%1F池の%1F近くに\nいるみたいですよ！,¡Siempre se le ve cerca del\nestanque de la torre!
10090187,T%2F体力には　けっこう%2F自信があるんだぜ。\nなんだったら　%1F試してみるか？,Tengo mucha fuerza y aguante.\n¿Quieres comprobarlo?
10090187,Tよう　%2F円堂！\nおまえ　サッカー%1F部のメンバーを\n%1F集めているんだってな。,"¡Buenas, Mark! Estás buscando\njugadores para tu equipo,\n¿verdad?"
10090187,Xオレは　%2F体力だったら\nダレにも%1F負けないぜ。\nなんだったら　%1F試してみるか？,Nadie me gana en resistencia\nfísica... ¿Quieres verlo?
10090187,\センパイがスカウトしたい%1F人は\n%1F今までいた%2F場所から\n%2F移動したみたいですね！,¡El jugador que buscabas\nse ha ido a otra parte!
10090187,hま　%1F負けちまったけど…\nけっこう%2F体力は　あっただろ？\nだから　おまえの%1F力になってやるよ。,"He perdido, pero... ¿a que tengo\nbastante resistencia? Podría ser\nun buen refuerzo para tu equipo."
10090187,たいりょく,¿Cómo se te ha quedado el cuerpo?\n¡Ya has visto lo curtido que\nestoy!
10090187,ＯＫ！　%1F見せてやるぜ！,¡Muy bien! ¡No pierdas detalle!
10090188,$もしもし？\nセンパイですか？,"¡Hola, Mark!"
10090188,%s\nが%2F仲間になった！,¡%s se te ha unido!
10090188,8おまえには　オレが%1F言いたいことが\nわかるかい？,"Ah, ¿no?\nEntonces, ¿a qué has venido?"
10090188,8おまえには　オレが%1F言いたいことが\nわかるか？,Y tú... ¿sabes lo que\nquiero decirte?
10090188,@なんだ　ちがうのか…。\nだったら　いったい%1F何の%1F用だ？,"Ajá... ¡Venga, vamos!"
10090188,Hその%1F人は　いつも\n%2F鉄塔の%1F池の%1F近くに\nいるみたいですよ！,¡Siempre se le ve cerca del\nestanque de la torre!
10090188,Hオレには　もうわかっている。\nおまえがなぜ　ここに%1F来たのか…,Sé a qué has venido.
10090188,\オレをサッカー%1F部に%1F入れたいんだろう？\nおまえの%1F顔を%1F見れば　すぐにわかるぞ。,"Quieres que juegue en tu equipo,\n¿verdad? Lo he sabido en cuanto\nte he visto la cara."
10090188,\センパイがスカウトしたい%1F人は\n%1F今までいた%2F場所から\n%2F移動したみたいですね！,¡El jugador que buscabas\nse ha ido a otra parte!
10090188,あと,"Me has dejado anonadado.\nYa sabes lo que te voy a decir,\n¿no?"
10090189,$もしもし？\nセンパイですか？,"¡Hola, Mark!"
10090189,%s\nが%2F仲間になった！,¡%s se te ha unido!
10090189,",だったら　それを%1F教えてもらおうか。",Soy todo oídos.
10090189,8そのかわり…\nオレに%1F何かメリットはあるのかい？,¿Ganaré yo algo con eso?
10090189,<メリットがないのに\nこのボクが　%1F入るわけないだろ。,No gano nada por jugar en\ntu equipo...
10090189,@うん？　なんだいキミは？\nこのボクに　%1F何か%1F用かい？,¿Qué pasa contigo?\n¿Quieres algo?
10090189,Dサッカーをしたら　このボクに\n%1F何かメリットはあるのかい？,¿Me vas a demostrar qué gano\nyo si juego al fútbol?
10090189,Pその%1F人は　いつも\n%3F河川敷グラウンドの%2F海岸に\nいるみたいですよ！,"¡Siempre está en la orilla del\nrío, cerca del campo de fútbol!"
10090189,\センパイがスカウトしたい%1F人は\n%1F今までいた%2F場所から\n%2F移動したみたいですね！,¡El jugador que buscabas\nse ha ido a otra parte!
10090189,\テニスをしているボクも\n%1F美しかったけど\nこれはこれで　%1F新しい%1F美しさがあるね。,"El tenis tenía su encanto,\npero confieso que esto\ntambién tiene el suyo."
10090189,|…このボクに　サッカー%1F部へ%1F入れと？\nふふふっ　キミは%2F面白いことを%1F言うね。\nいいだろう　%1F入ってあげるよ。,"¿Me quieres en tu equipo? Ju, ju...\nQué cosas tienes. Vale, te haré\nese favor."
10090189,あたら,¿Pasa algo?\n¿Es que no tienes nada que decir?
10090189,うつく,"Venga, entraré en el equipo.\nSus cosas buenas ha de tener."
10090190,$もしもし？\nセンパイですか？,"¡Hola, Mark!"
10090190,$よーし　かかって%1F来やがれ！,"¡Venga, venid a por mí!"
10090190,%s\nが%2F仲間になった！,¡%s se te ha unido!
10090190,",くっ　くっそー！\n%1F負けちまった…。",¡Maldita sea!\n¿Cómo he podido perder?
10090190,4おまえ　オレに%1F負けるのが\n%1F怖いんだな。,Reconoce que te da miedo\nperder contra mí.
10090190,8だったら　オレが%1F入ってやろうか？\nそのかわり…,"Pues yo en deportes de pelota\nno tengo rival, ¿sabes?"
10090190,<オレを%1F倒したら\nサッカー%1F部に%1F入ってやるぜ！,"¡Si esta vez demuestras ser mejor\nque yo, me uniré a tu equipo!\n¿Te parece bien?"
10090190,Dその%1F人は\nサッカー%2F部室の%1F近くに\nいるみたいですよ！,¡Está cerca del club de fútbol!
10090190,Hオレを%1F倒してみろよ！\n%2F球技だったら　ダレにも%1F負けないぜ！,"Si consigues vencerme, me uniré\na tu equipo, ¿te parece bien?"
10090190,Lおっ　%2F円堂じゃないか！\nまた　サッカー%2F部員を\nさがしているのか？,"¡Oh, qué pasa, Mark!\n¿Otra vez buscando jugadores\npara tu equipo?"
10090190,\センパイがスカウトしたい%1F人は\n%1F今までいた%2F場所から\n%2F移動したみたいですね！,¡El jugador que buscabas\nse ha ido a otra parte!
10090191,$もしもし？\nセンパイですか？,"¡Hola, Mark!"
10090191,%s\nが%2F仲間になった！,¡%s se te ha unido!
10090191,",いい%2F覚悟だな。\nじゃあ　いくぜ！！","Así me gusta.\n¡Vamos, a jugar!"
10090191,4%2F根性は　あるようだな。\nじゃあ　いくぜ！！,"Parece que tienes agallas.\nEstá bien, ¡vamos allá!"
10090191,<この%1F前の%2F勝負のリベンジだろ？\nさあ　やろうぜ！！,"¿Vienes a quitarte el mal sabor\nde boca de la última derrota?\nVamos, estoy listo."
10090191,<このオレと%2F勝負して%1F勝ったらな。\nさあ　やるか！？,Tendrías que ganarme en un\npartidete... ¿Qué dices?
10090191,@なんだったら\nオレが%1F入ってやってもいいぜ。\nただし…,"Si tanta falta te hago, jugaré\ncontigo, pero..."
10090191,Dどうした　%2F円堂？\nこのオレと%2F勝負するのが　%1F怖いのか？,"¿Qué pasa, Mark?\n¿Te da miedo enfrentarte a mí?"
10090191,Pその%1F人は　いつも\n%3F河川敷のグラウンドの%1F近くに\nいるみたいですよ！,¡Siempre está cerca del campo\nde fútbol del río!
10090191,Tよう　%2F円堂！\n%2F最近　サッカー%1F部のメンバーを\n%1F集めてるんだってな。,"¡Hola, Mark! Me han dicho que\nbuscas jugadores para tu equipo."
10090191,Tよう　%2F円堂！\nおまえが%1F来るのを%1F待ってたぜ。\nここに%1F来たってことは…,"¡Hola, Mark! Estaba esperando\nque vinieras, porque eso solo\npuede significar una cosa..."
10090191,Xなんだ…　%1F違うのか。\nてっきり　リベンジと%1F思って\nワクワクしてたんだがな。,"Ah, ¿no quieres la revancha?\nJo, ahora que estaba empezando\na hacerme ilusiones... Qué chasco."
10090191,\センパイがスカウトしたい%1F人は\n%1F今までいた%2F場所から\n%2F移動したみたいですね！,¡El jugador que buscabas\nse ha ido a otra parte!
10090192,$もしもし？\nセンパイですか？,"¡Hola, Mark!"
10090192,$よくわかんないから　いいや。,"No lo acabo de pillar,\npero da igual."
10090192,%s\nが%2F仲間になった！,¡%s se te ha unido!
10090192,H%1F教えてくれる%1F気があるなら…\nちゃんと　%1F教えてくれよな。,"Si vas a explicarte, hazlo\ncomo es debido..."
10090192,Hその%1F人は　いつも\nサークル%1F棟の%1F近くに\nいるみたいですよ！,¡Siempre está cerca del\nedificio de los clubes!
10090192,X…スポーツドリンク%1F屋？\nそれ…　%1F何なの？\nよくわかんないから　%1F教えてよ！,"¿Un puesto de bebidas\ndeportivas? ¿Eso existe?\nNo lo acabo de pillar, explícate."
10090192,\センパイがスカウトしたい%1F人は\n%1F今までいた%2F場所から\n%2F移動したみたいですね！,¡El jugador que buscabas\nse ha ido a otra parte!
10090192,`%2F今度の%3F学園祭で\nお%1F店をしようと　%1F思ってるんだけど…\n%1F何かいいのないかなー？,Estoy pensando en montar un\npuesto para el próximo festival...\n¿De qué podría ser?...
10090192,pなるほど…　スポーツをした%1F後に\nドリンクを%1F飲んでもらうんだね。\nこれはいい！　%2F協力してくれよ。,"Ajá, un puesto donde la gente\npueda reponer fuerzas tras hacer\ndeporte. ¡Suena genial! ¿Me ayudas?"
10090193,$もしもし？\nセンパイですか？,"¡Hola, Mark!"
10090193,%s\nが%2F仲間になった！,¡%s se te ha unido!
10090193,4サッカーじゃあ…\nぜんぜん　きたえれないな…。,Con el fútbol no puedo\nmejorar mi resistencia...
10090193,Hサッカーで　すごいきたえれるな！\nこれからも　きたえさせてくれよ。,"¡El fútbol es genial para curtirse!\nSeguiré trabajando mi cuerpo\ncontigo, si no te importa."
10090193,Lサッカーで　きたえれるっていうなら\nちゃんと　%2F証明してくれよな。,Muéstrame si con el fútbol uno\npuede hacerse más fuerte.
10090193,P%1F知ってるか！？\n%2F今度…　%3F商店街でがまん%2F大会が\nあるんだってさ。,¿Lo has oído? Dicen que en el\nbarrio comercial van a hacer\nun concurso de resistencia.
10090193,Pその%1F人は　いつも\n%3F河川敷のオブジェの%1F近くに\nいるみたいですよ！,¡Siempre está cerca de la\nestatua del campo de fútbol\ndel río!
10090193,\センパイがスカウトしたい%1F人は\n%1F今までいた%2F場所から\n%2F移動したみたいですね！,¡El jugador que buscabas\nse ha ido a otra parte!
10090193,xそれに%1F出ようと　%1F思ってるんだけど…\nその%1F前に　きたえておきたくてさー\nサッカーで　きたえさせてくれよ。,"Estoy pensando en participar, pero\nnecesito fortalecerme antes.\nJuega conmigo para entrenarme."
10090194,$もしもし？\nセンパイですか？,"¡Hola, Mark!"
10090194,%s\nが%2F仲間になった！,¡%s se te ha unido!
10090194,0おまえ…\nオレを%2F仲間にしたいのだろう？,"Quieres tenerme de compañero\nde equipo, ¿verdad?"
10090194,4オレを%2F仲間にしたいのなら\nオレを%1F倒しな！,"Si quieres ficharme, ¡tendrás que\nderrotarme primero! ¿Preparado?"
10090194,8だったら　オレと%2F勝負して\nオレを%1F倒してみな！,"¡Pues venga, juega contra mí!\n¡A ver si puedes ganarme!"
10090194,Dふん…　いいだろう。\n%2F約束どおり　%2F仲間になってやるよ。,"Venga, vale... Jugaré con\nvosotros. No quiero que se \ndiga que mi palabra no vale nada."
10090194,Hその%1F人は　いつも\nテニスコートの%1F近くに\nいるみたいですよ！,¡Siempre está cerca de\nlas pistas de tenis!
10090194,\センパイがスカウトしたい%1F人は\n%1F今までいた%2F場所から\n%2F移動したみたいですね！,¡El jugador que buscabas\nse ha ido a otra parte!
10090194,それじゃあ　いくぜ！！,"¡Venga, vamos!"
10090194,ふん　こしぬけがっ！,¡Eres un cobardica!
10090195,$%2F後悔しても%1F知らないぜ！,¡Luego no os arrepintáis!
10090195,$もしもし？\nセンパイですか？,"¡Hola, Mark!"
10090195,%s\nが%2F仲間になった！,¡%s se te ha unido!
10090195,0なんだよ\nじゃあ　%1F何しに%1F来たんだ…。,"¿Eh? Entonces, ¿a qué has venido?"
10090195,Dあんた　サッカー%1F部に%1F入るヤツを\nさがしてるんだってな。,He oído por ahí que estás\nbuscando jugadores para tu equipo.
10090195,Dヘヘッ　%2F面白い…。\nこの%1F前のリベンジに%1F来たのかよ？,"¿Quieres tomarte la revancha?\nJe, je... Será divertido."
10090195,Lその%1F人は　いつも\n%3F河川敷のサクの%1F周りに\nいるみたいですよ！,¡Siempre va por los alrededores\nde la valla que hay en el parque\ndel río!
10090195,Lオレは　けっこう%1F強いぜ。\nもちろん　オレとも\nバトルするんだろ？,Soy bastante bueno...\n¿Te hace una pachanga?
10090195,Pチッ…　%1F負けちまったぜ。\nさすがに　サッカーバトルじゃ\n%1F勝てないか。,¡Qué rabia! Ya sabía yo que\nno ganaría esta pachanga.
10090195,Tへへっ　あんたが%2F円堂か。\nいつか%1F来るんじゃないかって\n%1F思ってたぜ。,"Je, je... ¿Eres Mark?\nMe preguntaba si no vendrías\npor aquí... ¡Te ha costado!"
10090195,\センパイがスカウトしたい%1F人は\n%1F今までいた%2F場所から\n%2F移動したみたいですね！,¡El jugador que buscabas\nse ha ido a otra parte!
10090196,$もしもし？\nセンパイですか？,"¡Hola, Mark!"
10090196,%s\nが%2F仲間になった！,¡%s se te ha unido!
10090196,8うむ…　このオレを%1F倒すとは\nたいしたヤツだ。,"Ju, ju... Qué fuerte...\nMe ha derrotado y todo."
10090196,8このオレを%1F倒せたら\n%1F入ってやってもいいぞ。,"Huir también es una opción,\npero... es bastante penoso."
10090196,D%1F逃げるのも　１つの%1F手ではあるが…\nなんとも　なさけない。,"Así me gusta.\n¡Venga, que voy!"
10090196,Dオレをサッカー%1F部に%1F入れたいと\n%1F言うヤツはおまえだな。,Así que eras tú el que quería\nque me apuntara al equipo\nde fútbol...
10090196,Tその%1F人は　いつも\nテニスコート%1F近くの%2F花壇の%1F前に\nいるみたいですよ！,¡Está siempre delante de los\nmaceteros que hay cerca de\nla pista de tenis!
10090196,\センパイがスカウトしたい%1F人は\n%1F今までいた%2F場所から\n%2F移動したみたいですね！,¡El jugador que buscabas\nse ha ido a otra parte!
10090196,lオレは　%1F今　%1F別の%1F部に%1F入っているが…\nもし　このオレを%1F倒せたら\n%1F入ってやってもいいぞ。,"Juego en otro equipo, pero si me\ndemuestras que puedes conmigo,\nquizás entre en el tuyo."
10090196,たお,"Me uniré al club de fútbol,\ntal y como habíamos quedado."
10090196,では　いくぞ！,"Si me demuestras que puedes\nconmigo, me pensaré lo de\nentrar en tu equipo, ¿vale?"
10090196,どうだ　やってみるか！？,¿Qué me dices?
10090197,$それじゃあ　%1F始めようか。,¿Te piras?
10090197,$もしもし？\nセンパイですか？,"¡Hola, Mark!"
10090197,%1F逃げるのかい？,"Si me ganas, aceptaré cualquier\nfavor que me pidas, ¿vale?"
10090197,%s\nが%2F仲間になった！,¡%s se te ha unido!
10090197,Hそんなキミにサービスタイムだ。\nボクが　%2F相手をしてあげるよ。,Te haré un favor y\njugaré contra ti.
10090197,Hキミがボクに%1F勝ったら\n%1F何でも%1F言うことを%1F聞いてあげるよ。,"Venga, te haré caso...\nTe lo has ganado. Juegas muy bien."
10090197,Pその%1F人は　いつも\n%3F河川敷グラウンドの%2F道路に\nいるみたいですよ！,¡Siempre se le ve en la carretera\nque hay cerca del campo del río!
10090197,Pふっふっふっふっふ…\nボクを%1F見つけるとは\n%1F運がいいヤツだな　キミは。,"Ju, ju, ju... Qué suertudo.\n¡Has conseguido encontrarme!..."
10090197,\センパイがスカウトしたい%1F人は\n%1F今までいた%2F場所から\n%2F移動したみたいですね！,¡El jugador que buscabas\nse ha ido a otra parte!
10090197,dなかなか　やるようだね。\nそれじゃあ　%2F約束だ。\n%1F何でも%1F言うことを%1F聞いてあげるよ。,"¿Quieres que juegue contigo?\n¿Estás seguro? Vale, me\napuntaré a tu equipo."
10090197,dもし　キミが%1F勝ったら\n%1F何でも%1F言うことを%1F聞いてあげるよ。\nさあ　%2F勝負するかい？,"Si ganas, haré lo que me pidas.\nQué, ¿jugamos?"
10090197,やくそく,Hay que entrenarse más...
10090198,$もしもし？\nセンパイですか？,"¡Hola, Mark!"
10090198,%s\nが%2F仲間になった！,¡%s se te ha unido!
10090198,4それを%2F証明してくれたら\n%1F入ってやるよ。,"Demostradme que sabéis jugar bien\ny me uniré a vosotros, ¿de acuerdo?"
10090198,8%2F十分な%1F強さだ…！\nこれなら%1F申し%1F分ない。,¡Sois lo suficientemente\nbuenos! No hay pega que valga.
10090198,8では　その%1F強さとやらを\n%1F見せてもらおうか！,¡Mostradme de qué pasta\nestáis hechos!
10090198,@%1F強さを%2F証明してくれないと\n%1F入ってやらないからな。,No entraré en el equipo si no\nme demostráis lo que valéis.
10090198,Pオレに%1F入ってほしかったら\n%1F強い%2F部活ということを\n%2F証明してみな。,"Si quieres que juegue con\nvosotros, demuéstrame lo\nque vale tu equipo."
10090198,Tおっ　%2F円堂！\nおまえ　サッカー%2F部員を\n%1F集めに%1F回ってるんだってな。,¡Mark! ¿Vas buscando jugadores\npara tu equipo de fútbol?
10090198,Xその%1F人は　いつも\n%3F河川敷グラウンドのベンチの%1F近くに\nいるみたいですよ！,¡Siempre está cerca de los bancos\nque hay en el campo de fútbol\ndel río!
10090198,\なんだったら　オレも\n%1F入ってやってもいいぞ。\nただし…　%1F強い%2F部活だったらな。,"Si tan apurado te ves, entraría\nen tu equipo, pero... tendríais\nque ser muy buenos."
10090198,\センパイがスカウトしたい%1F人は\n%1F今までいた%2F場所から\n%2F移動したみたいですね！,¡El jugador que buscabas\nse ha ido a otra parte!
10090198,じゅうぶん,Lo prometido es deuda.\nYa tenéis a un miembro\nmás en el equipo.
10090198,つよ,¿Cómo quieres que juegue en\ntu equipo? ¿No te has dado\ncuenta de que no tenéis nivel?
10090199,$もしもし？\nセンパイですか？,"¡Hola, Mark!"
10090199,%s\nが%2F仲間になった！,¡%s se te ha unido!
10090199,",じゃあ　さっさと　どっか%1F行きなよ。",Vete a darle la murga a otro.
10090199,<…なんだ！？\nまだ　オレに%1F用があると%1F言うのか？,¿Qué quieres? ¿Aún vas a\nmarearme más?
10090199,Dああ！　もうしつこいなぁ！\n%1F力ずくで　おいはらってやる！,¡Qué pesadito eres! ¡Vete a\ntocarle las narices a otro si no\nquieres que acabemos mal!
10090199,Dその%1F人は　いつも\n%3F野球場の%1F近くに\nいるみたいですよ！,¡Está siempre cerca del campo\nde béisbol!
10090199,Dそれとも　まだオレに\n%1F何か%1F用でもあるって%1F言うのか？,¿O es que me quieres pedir algo?
10090199,Hひっ　ひいいー\nご　ごめんなさい！\nちょっと　イラついてたんです！,"¡Ay, ayayay! ¡Perdona!\n¡Me he pasado un poco!"
10090199,X%1F入る%2F理由がないね。\nさあ　もう%1F用はないだろ？\nさっさと　どっか%1F行きな。,"No tengo motivos para jugar con\nvosotros. Qué, ¿has acabado ya?\nPiérdete, anda."
10090199,\センパイがスカウトしたい%1F人は\n%1F今までいた%2F場所から\n%2F移動したみたいですね！,¡El jugador que buscabas\nse ha ido a otra parte!
10090199,h…えっ　サッカー%1F部に%1F入らないかって？\nなんで　オレがそこに%1F入らないと\nいけないんだよ。,¿Que entre en tu equipo?\n¿Por qué tengo yo que entrar\nen tu equipo?
10090200,$もしもし？\nセンパイですか？,"¡Hola, Mark!"
10090200,%2F仕方ない　いくぜっ！,¡Pche! ¡Vete a freír morcillas!
10090200,%s\nが%2F仲間になった！,¡%s se te ha unido!
10090200,Hその%1F人は　いつも\n%2F鉄塔の%1F池の%1F近くに\nいるみたいですよ！,¡Siempre se le ve cerca del\nestanque de la torre!
10090200,P…なんだ？\nまだ　オレに%1F用があるのか？\nあきらめの%1F悪いヤツだなー。,¡Mark! ¡Vamos a jugar!
10090200,Tだったら　オレが\n%1F入ってやってもいいぜ。\nでも…　１つ%2F条件があるなー。,"Puede que me apunte a jugar\ncon vosotros, pero... con\nuna condición."
10090200,Xオッス　%2F円堂！\nおめー　サッカー%2F部員を\n%1F集めて%1F回ってるってホントか？,"¡Hola, Mark! ¿Te dedicas a dar\nvueltas reclutando gente para\nque juegue en tu equipo?"
10090200,\へー　さすがサッカー%1F部！\nやっぱりスゴイんだな。\nオレも　きょうみが%1F出てきたよ。,Qué cansino eres...\n¿Todavía quieres más?
10090200,\センパイがスカウトしたい%1F人は\n%1F今までいた%2F場所から\n%2F移動したみたいですね！,¡El jugador que buscabas\nse ha ido a otra parte!
10090200,さあっ　%2F勝負だ！,¡Tienes que ganarme!\n¿Aceptas el reto?
10090201,$もしもし？\nセンパイですか？,"¡Hola, Mark!"
10090201,%s\nが%2F仲間になった！,¡%s se te ha unido!
10090201,Hおめーか？\nオレをサッカー%1F部に\n%2F入部させたいというヤツは。,¿Eres tú el que me quiere hacer\njugar en su equipo?
10090201,L%1F弱い%2F部活には　%1F入りたくないんでな。\nさあ　%2F覚悟はいいか？,"No quiero entrar en un equipo\nde pringados. Bueno, ¿estáis\npreparados?"
10090201,Lその%1F人は　いつも\n%2F鉄塔のベンチの%1F近くに\nいるみたいですよ！,¡Siempre está por los bancos\ndel parque de la torre!
10090201,\センパイがスカウトしたい%1F人は\n%1F今までいた%2F場所から\n%2F移動したみたいですね！,¡El jugador que buscabas\nse ha ido a otra parte!
10090201,hオレをサッカー%1F部に%1F入れたいのなら\nオレの%1F力を　%1F活かせる%1F部だって\n%2F証明してみろよ。,¡Pche! ¡Vete a freír morcillas!
10090201,pオレは　%2F体力がじまんなんだ。\nオレの%1F力を　%1F活かせる%1F部だって\n%2F証明できたら%2F入部してやるよ。,"Estoy muy orgulloso de mi fuerza.\nSi me demostráis que sois dignos\nde ella, me uniré a vosotros."
10090201,じゃあ　いくぜ！,"¡Venga, vamos!"
10090201,たいりょく,Pche... Mira que encontrarme con\nalguien más resistente que yo...
10090202,$もしもし？\nセンパイですか？,"¡Hola, Mark!"
10090202,%1F逃げるのかい？,Qué insensato... ¡Allá voy!
10090202,%s\nが%2F仲間になった！,¡%s se te ha unido!
10090202,@よしっ　ごほうびに\nこのボクが　%2F相手をしてあげるよ。,"En agradecimiento, jugaré contigo."
10090202,Dその%1F人は　いつも\n%3F河川敷の%2F道路に\nいるみたいですよ！,¡Siempre está en la carretera\nque hay cerca del río!
10090202,Hふーむ\nこのボクを%1F見つけるとは\n%1F運がいいヤツだな　キミは。,"Ju, ju, ju... Qué suertudo.\n¡Has conseguido encontrarme!..."
10090202,Hキミがボクに%1F勝ったら\n%1F何でも%1F言うことを%1F聞いてあげるよ。,¿Te piras?
10090202,Pその%1F人は　いつも\n%3F商店街のカメラ%1F屋の%1F前に\nいるみたいですよ！,¡Siempre está delante de\nla tienda de cámaras del\nbarrio comercial!
10090202,\センパイがスカウトしたい%1F人は\n%1F今までいた%2F場所から\n%2F移動したみたいですね！,¡El jugador que buscabas\nse ha ido a otra parte!
10090202,dふーむ　なかなかやるな。\nそれじゃあ　%2F約束だ。\n%1F何でも%1F言うことを%1F聞いてあげるよ。,"Venga, ¡a jugar!"
10090202,h%1F万が%1F一　キミが%1F勝ったら\nなんでも%1F言うことを%1F聞いてあげるよ。\nさあ　%2F勝負するかい？,"Si por un casual ganas,\nharé lo que me pidas.\nQué, ¿jugamos?"
10090202,さあ　%2F勝負だ！,"Si me ganas, aceptaré cualquier\nfavor que me pidas, ¿vale?"
10090202,なん,"¿Quieres que juegue contigo?\n¿Estás seguro? Vale, me\napuntaré a tu equipo."
10090202,やくそく,"Venga, te haré caso...\nTe lo has ganado. Juegas muy bien."
10090203,$おやおや　%1F逃げるのかい。,"Ey, no te me escapes."
10090203,$もしもし？\nセンパイですか？,"¡Hola, Mark!"
10090203,%s\nが%2F仲間になった！,¡%s se te ha unido!
10090203,4ボクが　%1F今からそれを\n%2F証明してあげよう！,¿Quieres que te lo demuestre?
10090203,@アタマがいいヤツが\nスポーツ%1F界の%2F王者になれるのさ。,Las personas inteligentes somos los reyes\ndel deporte. ¿Estás de acuerdo?
10090203,@アタマがいいヤツが\nスポーツ%1F界の%2F王者になれるのさ！,Las personas inteligentes somos los ases\ndel deporte.
10090203,Lその%1F人は　いつも\n%2F鉄塔のベンチの%1F近くに\nいるみたいですよ！,¡Siempre está por los bancos\ndel parque de la torre!
10090203,Pふふっ　%1F知ってるかい？\nスポーツでいちばん%2F大事なのは\nアタマだって。,"En el deporte, lo más importante\nes usar la cabeza. ¿Lo sabías?"
10090203,\センパイがスカウトしたい%1F人は\n%1F今までいた%2F場所から\n%2F移動したみたいですね！,¡El jugador que buscabas\nse ha ido a otra parte!
10090203,さあ　いくよ！,"¡Venga, vamos!"
10090204,$もしもし？\nセンパイですか？,"¡Hola, Mark!"
10090204,%s\nが%2F仲間になった！,¡%s se te ha unido!
10090204,",ボクをサッカー%1F部に%1F入れるつもり？",¿me quieres en tu equipo?
10090204,0うう　また%1F来たんだ。\nしつこいなあ。,"Ah, ¿no?\nPues... menos mal."
10090204,Dあっ　%2F円堂くん…！\nキミが　ここにいるってことは\nまさか…,"¡Ah, Mark! Si estás aquí,\nentonces es que..."
10090204,Hうー　やっぱり%1F強いね。\n%2F約束だし　サッカー%1F部に%1F入るよ。,"Venga, ¡a jugar!"
10090204,Lその%1F人は　いつも\n%3F河川敷のトイレの%1F近くに\nいるみたいですよ！,¡Siempre ronda los baños\nque hay en el río!
10090204,\センパイがスカウトしたい%1F人は\n%1F今までいた%2F場所から\n%2F移動したみたいですね！,¡El jugador que buscabas\nse ha ido a otra parte!
10090204,`うう…　こまったなあ\nじゃあ　ボクとバトルしようよ。\nボクに%1F勝ったら%1F考えてあげる。,"Uf, vaya... Está bien, juega\ncontra mí y si me ganas te\nlo digo."
10090204,しかたない　%2F勝負だ！,Otra vez tú... Qué pesadito.
10090205,$それじゃあ　バトル%2F開始だ！,¡Vamos allá!
10090205,$もしもし？\nセンパイですか？,"¡Hola, Mark!"
10090205,%s\nが%2F仲間になった！,¡%s se te ha unido!
10090205,",オレ%1F様と%2F勝負して%1F勝ってみろ！",¡Tienes que ganarme!
10090205,<おまえ　オレ%1F様に%1F負けるのが\nそんなにコワいのか？,¿Tanto miedo te da\nperder contra mí?
10090205,Dその%1F人は　いつも\n%3F体育館の%1F近くに\nいるみたいですよ！,¡Siempre está cerca del gimnasio!
10090205,Dその%1F人は　いつも\n%3F駐車場の%1F近くに\nいるみたいですよ！,¡Siempre está cerca del\naparcamiento!
10090205,Lうーん　まいった！\nやっぱり%2F毎日%2F練習してるヤツは\n%1F違うな！,"Ey, que no es eso..."
10090205,Lオレ%1F様と%2F勝負して%1F勝ったら\nサッカー%1F部に%1F入ってやるぜ！,"¡Si demuestras ser mejor que yo,\nme uniré a tu equipo!"
10090205,T%2F円堂じゃないか。\nおまえ　まだサッカー%2F部員を\n%1F集めて%1F回ってるのか？,"¡Ey, Mark! ¿Estás buscando\njugadores para tu equipo?"
10090205,\だったら　このオレ%1F様が\n%1F入ってやってもいいぞ。\nでも…　１つ%2F条件があるな。,"Puede que me apunte a jugar\ncon vosotros, pero... con\nuna condición."
10090205,\センパイがスカウトしたい%1F人は\n%1F今までいた%2F場所から\n%2F移動したみたいですね！,¡El jugador que buscabas\nse ha ido a otra parte!
10090205,ちが,¡He ganado!
10090205,へへっ　いくぜっ！,"¡Je, je! ¡Vamos!"
10090205,まいにち,"¡Vaya! Se nota cuando uno se\nentrena todos los días, ¿eh?"
10090205,れんしゅう,Odio perder. Me uniré a tu equipo\npara mejorar y poder derrotarte\nalgún día.
10090206,$%1F逃げるとは…　%1F情けない。,¡Allá voy!
10090206,$もしもし？\nセンパイですか？,"¡Hola, Mark!"
10090206,%s\nが%2F仲間になった！,¡%s se te ha unido!
10090206,Hその%1F人は　いつも\n%2F鉄塔の%1F池の%1F近くに\nいるみたいですよ！,¡Siempre se le ve cerca del\nestanque de la torre!
10090206,Hならば　それがしをたおすがいい。\nさすれば　%1F入って%1F進ぜよう。,"Ajá, veo que me quieres en tu\nequipo... Se ve que vas en serio,\nmenuda caminata te has pegado..."
10090206,L…ほう　%2F入部しないかと？\nここまで%1F来るとは　%2F本気と%1F見える。,"¿Puedo ayudarte en algo, Mark?"
10090206,Lその%1F人は　いつも\n%3F住宅街の%2F電柱の%1F前に\nいるみたいですよ！,¡Siempre está delante del poste\nde electricidad que hay en la\nzona residencial!
10090206,Tそれがしをたおすがいい。\nさすれば　サッカー%1F部に\n%1F入って%1F進ぜよう。,Mira que huir... Patético.
10090206,Xくっ　それがしが%1F敗れるとは…。\n%2F約束だ　サッカー%1F部に\n%1F入ってやろう。,"¡Si ahora me derrotas, jugaré en tu equipo!"
10090206,\センパイがスカウトしたい%1F人は\n%1F今までいた%2F場所から\n%2F移動したみたいですね！,¡El jugador que buscabas\nse ha ido a otra parte!
10090206,では　まいる！,"Habrás de derrotarme. Consíguelo\ny avanzaré a tu lado, ¿de acuerdo?"
10090206,はい,"No tienes por qué deprimirte...\nSoy demasiado bueno, es eso."
10090206,やくそく,"¡Gracias por aceptarme, capitán!"
10090206,やぶ,"¿Cómo has podido vencerme?...\nMe apuntaré a tu equipo,\ntal y como prometí."
10090207,$もしもし？\nセンパイですか？,"¡Hola, Mark!"
10090207,%s\nが%2F仲間になった！,¡%s se te ha unido!
10090207,8キミには　ボクが%1F言いたいことが\nわかるかい？,Y tú... ¿sabes lo que\nquiero decirte?
10090207,Dその%1F人は　いつも\n%3F河川敷の%2F道路に\nいるみたいですよ！,¡Siempre está en la carretera\nque hay cerca del río!
10090207,Lボクには　もうわかっているよ。\nキミがなぜ　ここに%1F来たかってさ。,Sé a qué has venido.
10090207,Pその%1F人は　いつも\n%3F商店街のカメラ%1F屋の%1F前に\nいるみたいですよ！,¡Siempre está delante de\nla tienda de cámaras del\nbarrio comercial!
10090207,\なかなか　やるじゃないか。\nこの%1F後　ボクが%1F言うセリフも\nキミにならわかるだろ？,Así no...
10090207,\センパイがスカウトしたい%1F人は\n%1F今までいた%2F場所から\n%2F移動したみたいですね！,¡El jugador que buscabas\nse ha ido a otra parte!
10090207,\ボクをサッカー%1F部に%1F入れたいんだろう？\nキミの%1F顔を%1F見れば　すぐにわかったよ。,"Quieres que juegue en tu equipo,\n¿verdad? Lo he sabido en cuanto\nte he visto la cara."
10090207,そんなんじゃ　ダメだね。,"Muy bien, ¡vamos allá!"
10090208,$もしもし？\nセンパイですか？,"¡Hola, Mark!"
10090208,%s\nが%2F仲間になった！,¡%s se te ha unido!
10090208,4おまえの%2F勝負なら\nいつでも%1F買ってやるぜ！,"¡Si quieres que te demuestre\nquién es mejor, solo tienes\nque pedírmelo!"
10090208,4だったら　オレが%1F入ってやるよ。\nただし…,"Entonces jugaré contigo, pero..."
10090208,8おまえが　オレより\n%1F強かったらの%1F話だがな！,¡tendrás que demostrarme que\njuegas mejor al fútbol que yo!
10090208,Dその%1F人は　いつも\n%3F河川敷の%2F船場に\nいるみたいですよ！,¡Siempre está cerca del\nmuelle del río!
10090208,Hおまえが　オレより%1F強かったら\nサッカー%1F部に%1F入ってやるぜ！,"¡Si demuestras ser mejor que yo,\nme uniré a tu equipo! ¿De acuerdo?"
10090208,Xよう　%2F円堂！\nおまえ　サッカー%1F部に\n%1F入ってくれるヤツをさがしてるんだろ？,"¡Hola, Mark! ¿Estás reclutando\njugadores para tu equipo?"
10090208,\センパイがスカウトしたい%1F人は\n%1F今までいた%2F場所から\n%2F移動したみたいですね！,¡El jugador que buscabas\nse ha ido a otra parte!
10090208,`%2F円堂…　なかなか%1F強いじゃないか！\n%2F約束どおり　サッカー%1F部に\n%1F入ってやるさ。,"¡Menudo nivelazo! Me voy a tener\nque unir a tu equipo, Mark."
10090208,えんどう,"Si demuestras ser mejor que yo,\nme uniré a tu equipo cuando\nquieras."
10090208,さあ　いくぜ！！,"¡Venga, vamos!"
10090209,$もしもし？\nセンパイですか？,"¡Hola, Mark!"
10090209,%s\nが%2F仲間になった！,¡%s se te ha unido!
10090209,",よしっ　いい%2F返事だ！\nいくぞっ！","¡Esa es la respuesta que\nquería oír! ¡Venga, vamos!"
10090209,0…オレの　\n%1F買いかぶりすぎだったか？,"Me he hecho demasiadas\nilusiones contigo, quizás..."
10090209,8まずはオレに%1F勝ってからだ！\nさあ　やるか！？,"¡Primero tendrás que ganarme!\nQué, ¿jugamos?"
10090209,8キミの%1F気もちには　こたえたいが…\nそうだな…,Ajá... Pues si quieres que me\napunte a tu equipo...
10090209,@その%1F人は　いつも\nプールの%1F周りに　いるみたいですよ！,¡Siempre está alrededor de\nla piscina!
10090209,Dその%1F人は　いつも\n%2F正門の%1F近くに\nいるみたいですよ！,¡Siempre está cerca de la entrada\nprincipal del instituto!
10090209,Tふふっ　また%1F来たな！\nオレに%1F勝ったら\nサッカー%1F部に%2F入部してやろう！,"¡Ju, ju! ¿Otra vez por aquí?\n¡Si me derrotas, jugaré\nen tu equipo! ¿De acuerdo?"
10090209,Xふーむ　キミのその%1F顔…\nボクをスカウトしたくて\nしょうがないって%1F感じだね。,Umm... Tienes cara de que te\nmueres por meterme en tu equipo.
10090209,\センパイがスカウトしたい%1F人は\n%1F今までいた%2F場所から\n%2F移動したみたいですね！,¡El jugador que buscabas\nse ha ido a otra parte!
10090210,$もしもし？\nセンパイですか？,"¡Hola, Mark!"
10090210,%s\nが%2F仲間になった！,¡%s se te ha unido!
10090210,8オレをたおせたら\nサッカー%1F部に%1F入ってやるよ。,"¡Si me derrotas, jugaré en tu equipo!\n¿Aceptas el desafío?"
10090210,@あれ　%2F円堂じゃないか。\nこんな%1F所で%1F何してるんだ？,"¡Anda, tú por aquí!\n¿Cómo es eso?"
10090210,@その%1F人は　いつも\n%1F駅の%1F近くに\nいるみたいですよ！,¡Siempre se le ve cerca\nde la estación!
10090210,Dげげっ　まさかオレを\nサッカー%1F部にさそいに%1F来たのか！？,"Je, je... ¿Has venido a pedirme\nque entre en tu equipo?"
10090210,Hその%1F人は　いつも\n%2F鉄塔の%1F池の%1F近くに\nいるみたいですよ！,¡Siempre se le ve cerca del\nestanque de la torre!
10090210,Lくっ…　%1F負けたぜ。\n%2F約束どおり　サッカー%1F部に\n%1F入ってやる。,Puf... He perdido. Seré fiel\na mi palabra y jugaré contigo.
10090210,\うーん　%1F弱ったなあ。\nじゃあ　オレをたおしてみな。\nそうしたら　%1F入ってやるよ。,"Venga, os daré una oportunidad.\nSi me conseguís ganar, me uniré\na vuestro equipo."
10090210,\センパイがスカウトしたい%1F人は\n%1F今までいた%2F場所から\n%2F移動したみたいですね！,¡El jugador que buscabas\nse ha ido a otra parte!
10090210,それじゃあ　あきらめな。,No vale la pena...
10090210,それじゃあ　いくぞ！,¡Vamos allá!
10090210,はい,"He ganado. No tienes nada que\nhacer contra mí, resígnate."
10090210,やくそく,"¡Juntos llegaremos a lo más\nalto, capitán!"
10090211,$もしもし？\nセンパイですか？,"¡Hola, Mark!"
10090211,%s\nが%2F仲間になった！,¡%s se te ha unido!
10090211,8おまえだな？\nオレを%2F仲間にしたいってヤツは！,¡Siempre está cerca del campo\nde fútbol del río!
10090211,8へへっ　オレに%1F勝つなんて\nなかなかやるじゃん！,"Ah, ¿no?\nEntonces, ¿a qué has venido?"
10090211,<えっ　%1F違うのか。\nじゃあ　%1F何しに%1F来たんだよ。,"¡Venga, vamos!"
10090211,<へへっ　そうだな\n%1F入ってやってもいいぜ！\nただし…,"Eres tú, ¿no?\n¡El tío que me quiere en su equipo!"
10090211,<オレよりも　%1F足が%1F速かったらな！\nさあ　やるか！？,"Je, je... Bueno, no me\nimportaría, pero..."
10090211,Hその%1F人は\n%3F河川敷グラウンドの%1F近くに\nいるみたいですよ！,¡Está cerca del campo de fútbol\nde la entrada principal!
10090211,Pその%1F人は　いつも\n%3F商店街のプラモ%1F屋の%1F近くに\nいるみたいですよ！,¡Siempre está cerca de la tienda\nde maquetas del barrio comercial!
10090211,Tなんだ　また%1F来たのか？\nオレを%2F仲間にしたいのなら\nオレと%2F競争しな！,¡Pche! ¡Qué lata de tío!
10090211,\センパイがスカウトしたい%1F人は\n%1F今までいた%2F場所から\n%2F移動したみたいですね！,¡El jugador que buscabas\nse ha ido a otra parte!
10090211,それじゃあ　%2F競争だ！！,¡tienes que demostrarme que\npuedes correr más que yo!\n¿Qué dices?
10090211,それじゃあ　いくぜ！！,"¿Otra vez por aquí? Ya te he dicho\nque si me quieres en tu equipo,\nprimero tienes que ganarme. ¿Jugamos?"
10090211,ちぇっ　つまんねーヤツ！,¡Que empiece el duelo!
10090212,$もしもし？\nセンパイですか？,¡El jugador que buscabas\nse ha ido a otra parte!
10090212,%s\nが%2F仲間になった！,¡%s se te ha unido!
10090212,Dうおーっ！　また%1F来たのかーっ！\nリベンジするのかーっ！？,¡Qué patético!\n¡Qué patéticooo!
10090212,Lその%1F人は\n%3F西校舎の%1F入り%1F口の%1F近くに\nいるみたいですよ！,¡Está cerca de la entrada\ndel edificio oeste!
10090212,Pうおーっ！　オレをサッカー%1F部に\n%1F入れたいというのはオマエかーっ！？,¡Uoh! ¿Eres tú el que quiere\nmeterme en su equipo de fútbol?
10090212,Xだったら　オレをたおしてみろ！\n%1F万が%1F一たおせたらっ\n%1F入ってやるぞーっ！！,"¡Venga, a ver si puedes ganarme!\nSi se da la remota posibilidad\nde que lo consigues, me uniré a ti."
10090212,\センパイがスカウトしたい%1F人は\n%1F今までいた%2F場所から\n%2F移動したみたいですね！,"¡Hola, Mark!"
10090212,どうだっ　やるかーっ！？,"Qué, ¿vamos a ello?"
10090212,よしっ　いくぞーっ！！,"¡Muy bien, vamos allá!"
10090213,$もしもし？\nセンパイですか？,"¡Hola, Mark!"
10090213,%s\nが%2F仲間になった！,¡%s se te ha unido!
10090213,",もちろん　オレとも\nバトルするんだろ？","Supongo que te enfrentarás a mí, ¿no?"
10090213,0オレとも\nサッカーバトルをするんだろう？,¿Echamos una pachanga?
10090213,@まあ　%1F負けたもんはしかたない。\nおまえにしたがうよ。,"En fin, ya no hay nada que\nhacer... Haré lo que me digas."
10090213,Dその%1F人は\nサッカー%2F部室の%1F近くに\nいるみたいですよ！,¡Está cerca del club de fútbol!
10090213,Dその%1F人は　いつも\n%3F体育館の%1F近くに\nいるみたいですよ！,¡Siempre está cerca del gimnasio!
10090213,Pくっ…　%1F負けちまったぜ。\nさすがに　サッカーバトルじゃ\n%1F勝てないな。,¡Qué rabia! Ya sabía yo que\nno ganaría esta pachanga.
10090213,\センパイがスカウトしたい%1F人は\n%1F今までいた%2F場所から\n%2F移動したみたいですね！,¡El jugador que buscabas\nse ha ido a otra parte!
10090213,`こんな%1F所にも　%1F現れたか…\nおまえは　%1F色んな%1F所で\nサッカーバトルをするらしいな。,Te estás recorriendo toda la\nciudad... Dicen que has jugado\ncontra todo tipo de rivales.
10090213,じゃあ　%1F始めようか。,¿Empezamos o qué?
10090213,なんだ…　しないのか。,¿Cómo que no?
10090214,$もしもし？\nセンパイですか？,"¡Hola, Mark!"
10090214,%s\nが%2F仲間になった！,¡%s se te ha unido!
10090214,0%1F逃げるのか！？\nこのおくびょう%1F者め！,¿Cómo que te vas? ¡Cobardica!
10090214,8よかろう！\nこのオレが　%2F相手をしてくれるわ！,¡Como quieras! ¡Seré tu rival!\n¿Estás listo?
10090214,@くっくっく…\nオレをさがし%1F出すとは\nたいしたヤツだな。,"¡Ju, ju, ju!...\nMenudo eres, mira que\nponerte a buscarme..."
10090214,Dほうびとして\nきさまに　このオレの%1F力を\n%1F貸してやろう。,"Ju, ju, ju... Me has dejado\nimpresionado. No te creas que\nes tan sencillo ganarme..."
10090214,Hその%1F人は　いつも\n%2F鉄塔の%2F真下あたりに\nいるみたいですよ！,¡Siempre está delante de la torre!
10090214,Lその%1F人は　いつも\n%2F駅前の%2F鳥居の%1F近くに\nいるみたいですよ！,¡Siempre está cerca del arco\nvotivo que hay en la zona de\nla estación!
10090214,\センパイがスカウトしたい%1F人は\n%1F今までいた%2F場所から\n%2F移動したみたいですね！,¡El jugador que buscabas\nse ha ido a otra parte!
10090214,ちから,"Estás de suerte. A partir\nde hoy, tendrás el privilegio\nde que juegue en tu equipo."
10090214,では　まいるぞ！,"¡Venga, que voy!"
10090215,$もしもし？\nセンパイですか？,"¡Hola, Mark!"
10090215,%s\nが%2F仲間になった！,¡%s se te ha unido!
10090215,0ウガーッ！\nさっさと　どっかに%1F行け！,¡Grr! ¡Qué plomo de tío! Te voy\na tener que sacar de aquí por\nlas malas.
10090215,8ウガーッ！\nまだ　オレに%1F用があると%1F言うのか？,¡Grrr! ¡Vete a freír morcillas!
10090215,<その%1F人は　いつも\n%3F河川敷に　いるみたいですよ！,¡Siempre está por\nla zona del río!
10090215,<ウガーッ　しつこい！\n%1F力ずくで　おいはらってやる！,¡Grrr! ¿Todavía tienes cosas\nque hablar conmigo?
10090215,Dウガーッ！　しつこい！\n%1F力ずくで　%1F追いはらってやる！！,¡Grrr! ¿Todavía tienes\nalgo que decirme?
10090215,Dウガーッ！　まだオレに\n%1F何か%1F用があるって%1F言うのか！,¡No encuentro motivos para jugar\ncon vosotros! ¡Grrr! ¡Date el\npiro!
10090215,Hウッ　ウガ〜…\nわっ　%1F悪かった…\nちょっと　イラついてたんだ。,"¡Grr, pesado! ¡Te voy a alejar\nde aquí a la fuerza!"
10090215,P%1F入る%2F理由なんて　%1F無いウガーッ！\nさっさと　どっかに%1F行けいっ！,¡Grrr! ¿Qué es eso de que entre\nen el equipo de fútbol? ¿Y por\nqué se supone que he de hacerlo?
10090215,Pその%1F人は　いつも\n%3F商店街のカメラ%1F屋の%1F前に\nいるみたいですよ！,¡Siempre está delante de\nla tienda de cámaras del\nbarrio comercial!
10090215,\センパイがスカウトしたい%1F人は\n%1F今までいた%2F場所から\n%2F移動したみたいですね！,¡El jugador que buscabas\nse ha ido a otra parte!
10090215,tウガーッ！　サッカー%1F部に%1F入れだって？\nなんで　オレがそこに%1F入らないと\nいけないんだよっ　ウガーッ！,¡Siempre está en la zona del río!
10090215,わる,¡Grrr! ¡Vete a la porra!
10090216,$もしもし？\nセンパイですか？,"¡Hola, Mark!"
10090216,%s\nが%2F仲間になった！,¡%s se te ha unido!
10090216,",よく%1F見つけれたな。\nほうびとして…","Toma, un premio por\nhaberme encontrado..."
10090216,8おまえに　オレをスカウトする\nチャンスをやろう！,¿Quieres que te dé una oportunidad\npara que me lleves a jugar a tu equipo?
10090216,Hふふふ…\nこんな%1F所にオレがいるなんて\n%1F思いもしなかっただろ？,"¡Ju, ju, ju! No te esperabas\nque estuviera aquí, ¿eh?"
10090216,Pその%1F人は　いつも\n%3F河川敷のオブジェの%1F近くに\nいるみたいですよ！,¡Siempre está cerca de la\nestatua del campo de fútbol\ndel río!
10090216,\センパイがスカウトしたい%1F人は\n%1F今までいた%2F場所から\n%2F移動したみたいですね！,¡El jugador que buscabas\nse ha ido a otra parte!
10090216,lよくチャンスをものにしたな。\nでは　オレをスカウトさせてやろう！\nオレは　%2F体力に%2F自信があるぞ！,"Has aprovechado muy bien tu\noportunidad. ¡Vamos, invítame\na jugar! ¡Tengo un buen físico!"
10090216,たいりょく,¡Los que no aprovechan sus\noportunidades no pueden\nconvertirse en campeones!
10090216,では　%1F去るのだ！,¿Quieres que te dé otra oportunidad\npara que me lleves a jugar a tu equipo?
10090216,では　いくぞ！,"¡Vamos, date el piro!"
10090217,$もしもし？\nセンパイですか？,"¡Hola, Mark!"
10090217,%s\nが%2F仲間になった！,¡%s se te ha unido!
10090217,",だったら　それを%1F教えてもらおうか。",Soy todo oídos.
10090217,4%1F何　キミ？\nボクに%1F何か%1F用があるワケ？,¿Qué quieres? ¿Te debo dinero\no algo?
10090217,8そのかわり…\nボクに%1F何かメリットはあるワケ？,¿Ganaré yo algo con eso?
10090217,@その%1F人は　いつも\nプールの%1F周りに　いるみたいですよ！,¡Siempre está alrededor de\nla piscina!
10090217,@サッカーをしたら　このボクに\n%1F何かメリットはあるワケ？,¿Qué gano yo uniéndome al equipo\nde fútbol? ¿Me lo explicas?
10090217,@メリットが%1F無いのに\nこのボクが　%1F入るわけないだろ。,¿Cómo quieres que me una a tu\nequipo? ¿Qué gano yo con eso?
10090217,Lその%1F人は　いつも\n%1F渡り%2F廊下の%1F下あたりに\nいるみたいですよ！,¡Siempre está junto al pasaje!
10090217,\センパイがスカウトしたい%1F人は\n%1F今までいた%2F場所から\n%2F移動したみたいですね！,¡El jugador que buscabas\nse ha ido a otra parte!
10090217,`…このボクに　サッカー%1F部へ%1F入れと？\nふふふっ…　%2F面白そうだし\n%1F入ってあげるヨ。,"¿Dices que quieres que juegue en\ntu equipo? Puede ser divertido.\nVenga, te haré caso. Ju, ju..."
10090218,$もしもし？\nセンパイですか？,"¡Hola, Mark!"
10090218,%s\nが%2F仲間になった！,¡%s se te ha unido!
10090218,0なんだ　おまえ！\nオレに%1F用があるのか？,¿Qué mosca te ha picado?\n¿Quieres algo?
10090218,8なんだ　またおまえか\nここに%1F来たってことは…,¿Otra vez por aquí?\nNo será por...
10090218,8オレをスカウトしたいなら\nオレをたおしてみろよ。,"Si quieres que juegue con\nvosotros, prueba a ganarme."
10090218,<そうと%1F決まったら\nさっさと　かかって%1F来やがれ！,"¡Venga, aquí te espero!"
10090218,<たおす%2F自信がないなら\nとっとと　どっか%1F行きな！,"Si no te ves capaz de derrotarme,\ndeja de perder el tiempo conmigo."
10090218,Dその%1F人は　いつも\n%3F体育館の%1F近くに\nいるみたいですよ！,¡Siempre está cerca del gimnasio!
10090218,Hその%1F人は　いつも\nサークル%1F棟の%1F近くに\nいるみたいですよ！,¡Siempre está cerca del\nedificio de los clubes!
10090218,Lなら　まずはオレに%1F勝ってからだ。\nそうしたら　%1F入ってもいいぜ。,"Vas a tener que ganarme.\nSi lo consigues, me uniré a ti.\n¿Empezamos?"
10090218,P…なに？　サッカー%1F部に%1F入れだと？\nつまり　オレをスカウトしたいのか。,"¿Que quieres que juegue en tu\nequipo? Tú lo que estás es\ntratando de reclutarme, ¿no?"
10090218,\センパイがスカウトしたい%1F人は\n%1F今までいた%2F場所から\n%2F移動したみたいですね！,¡El jugador que buscabas\nse ha ido a otra parte!
10090219,$もしもし？\nセンパイですか？,"¡Hola, Mark!"
10090219,%s\nが%2F仲間になった！,¡%s se te ha unido!
10090219,0%1F逃げるのか！？\nこのおくびょう%1F者め！,"¡Ja, ja! ¿Has venido a por más?\n¡Vamos allá, pues!"
10090219,0%1F逃げるのか！？\nこのおくびょうものめ！,"¡Cuidado, que voy!"
10090219,4フッ…\nオレをたおすとは\nたいしたヤツだな。,"Ju, ju, ju... Me has dejado\nimpresionado. No te creas que\nes tan sencillo ganarme..."
10090219,8いいだろう！\nこのオレが　%2F相手をしてくれる！,"¡Ju, ju, ju!...\nMenudo eres, mira que\nponerte a buscarme..."
10090219,@その%1F人は　いつも\n%1F駅の%1F近くに\nいるみたいですよ！,¡Siempre se le ve cerca\nde la estación!
10090219,Dほうびとして\nきさまに　このオレの%1F力を\n%1F貸してやろう。,"Estás de suerte. A partir\nde hoy, tendrás el privilegio\nde que juegue en tu equipo."
10090219,Hその%1F人は　いつも\n%2F鉄塔の%1F池の%1F近くに\nいるみたいですよ！,¡Siempre se le ve cerca del\nestanque de la torre!
10090219,Hフッ…\nリベンジに%1F来たのか…\nいいだろう　%2F相手になってやる。,¿Cómo que te vas? ¡Cobardica!
10090219,\センパイがスカウトしたい%1F人は\n%1F今までいた%2F場所から\n%2F移動したみたいですね！,¡El jugador que buscabas\nse ha ido a otra parte!
10090219,ちから,"¡Ju, ju, ju!...\n¿Eso es todo?"
10090219,では　いくぞっ！,¡Como quieras! ¡Seré tu rival!\n¿Estás preparado?
10090220,$それじゃあ　%1F始めようか。,¿Te piras?
10090220,$もしもし？\nセンパイですか？,"¡Hola, Mark!"
10090220,%1F逃げるのかい？,"Si me ganas, aceptaré cualquier\nfavor que me pidas, ¿vale?"
10090220,%s\nが%2F仲間になった！,¡%s se te ha unido!
10090220,8ごほうびに\nこのボクが　%2F相手をしてあげるよ。,"En agradecimiento, jugaré contigo."
10090220,Hキミがボクに%1F勝ったら\n%1F何でも%1F言うことを%1F聞いてあげるよ。,"Venga, te haré caso...\nTe lo has ganado. Juegas muy bien."
10090220,Lその%1F人は　いつも\n%2F鉄塔のベンチの%1F近くに\nいるみたいですよ！,¡Siempre está por los bancos\ndel parque de la torre!
10090220,Pふっふっふっふっふ…\nボクを%1F見つけるとは\n%1F運がいいヤツだな　キミは。,"Ju, ju, ju... Qué suertudo.\n¡Has conseguido encontrarme!..."
10090220,Tその%1F人は　いつも\n%2F円堂センパイのお%1F家の%1F近くに\nいるみたいですよ！,Siempre está cerca de tu casa.
10090220,\センパイがスカウトしたい%1F人は\n%1F今までいた%2F場所から\n%2F移動したみたいですね！,¡El jugador que buscabas\nse ha ido a otra parte!
10090220,dなかなか　やるようだね。\nそれじゃあ　%2F約束だ。\n%1F何でも%1F言うことを%1F聞いてあげるよ。,"¿Quieres que juegue contigo?\n¿Estás seguro? Vale, me\napuntaré a tu equipo."
10090220,dもし　キミが%1F勝ったら\n%1F何でも%1F言うことを%1F聞いてあげるよ。\nさあ　%2F勝負するかい？,"Si ganas, haré lo que me pidas.\nQué, ¿jugamos?"
10090220,やくそく,Hay que entrenarse más.
10090221,$もしもし？\nセンパイですか？,"¡Hola, Mark!"
10090221,%s\nが%2F仲間になった！,¡%s se te ha unido!
10090221,",いい%2F覚悟だな。\nじゃあ　いくぜ！！","Así me gusta.\n¡Vamos, a jugar!"
10090221,4%2F根性は　あるようだな。\nじゃあ　いくぜ！！,"Parece que tienes agallas.\nEstá bien, ¡vamos allá!"
10090221,<この%1F前の%2F勝負のリベンジだろ？\nさあ　やろうぜ！！,"¿Vienes a quitarte el mal sabor\nde boca de la última derrota?\nVamos, estoy listo."
10090221,<このオレと%2F勝負して%1F勝ったらな。\nさあ　やるか！？,Tendrías que ganarme en un\npartidete... ¿Qué dices?
10090221,@なんだったら\nオレが%1F入ってやってもいいぜ。\nただし…,"Si tanta falta te hago, jugaré\ncontigo, pero..."
10090221,Dどうした　%2F円堂？\nこのオレと%2F勝負するのが　%1F怖いのか？,"¿Qué pasa, Mark?\n¿Te da miedo enfrentarte a mí?"
10090221,Tその%1F人は　いつも\n%3F河川敷グラウンドの%1F橋の%1F下に\nいるみたいですよ！,¡Siempre está debajo del puente\nque hay cerca del campo del río!
10090221,Tよう　%2F円堂！\n%2F最近　サッカー%1F部のメンバーを\n%1F集めてるんだってな。,"¡Hola, Mark! Me han dicho que\nbuscas jugadores para tu equipo."
10090221,Tよう　%2F円堂！\nおまえが%1F来るのを%1F待ってたぜ。\nここに%1F来たってことは…,"¡Hola, Mark! Estaba esperando\nque vinieras, porque eso solo\npuede significar una cosa..."
10090221,Xなんだ…　%1F違うのか。\nてっきり　リベンジと%1F思って\nワクワクしてたんだがな。,"Ah, ¿no quieres la revancha?\nJo, ahora que estaba empezando\na hacerme ilusiones... Qué chasco."
10090221,\その%1F人は　いつも\n%3F商店街のピンクでかわいいお%1F店の%1F近くに\nいるみたいですよ！,¡Siempre está al comienzo de la plaza\nde adoquines del barrio comercial!
10090221,\センパイがスカウトしたい%1F人は\n%1F今までいた%2F場所から\n%2F移動したみたいですね！,¡El jugador que buscabas\nse ha ido a otra parte!
10090222,$もしもし？\nセンパイですか？,"¡Hola, Mark!"
10090222,%s\nが%2F仲間になった！,¡%s se te ha unido!
10090222,",よしっ　いい%2F返事だ！\nいくぞっ！","¡Esa es la respuesta que\nquería oír! ¡Venga, vamos!"
10090222,0…オレの　\n%1F買いかぶりすぎだったか？,"Me he hecho demasiadas\nilusiones contigo, quizás..."
10090222,4キミの%1F気もちには%1F答えたいが…\nそうだな…,"Vale, pues en ese caso..."
10090222,8まずはオレに%1F勝ってからだ！\nさあ　やるか！？,"vas a tener que ganarme...\nVenga, ¿jugamos?"
10090222,Dその%1F人は　いつも\n%3F河川敷の%2F船場に\nいるみたいですよ！,¡Siempre está cerca del\nmuelle del río!
10090222,Pその%1F人は　いつも\n%3F商店街のカメラ%1F屋の%1F前に\nいるみたいですよ！,¡Siempre está delante de\nla tienda de cámaras del\nbarrio comercial!
10090222,Tさすがはサッカー%1F部キャプテンだ。\nキミの%1F力を　もっと%1F知りたいな…。,Se nota que eres el capitán\ndel equipo de fútbol. Quiero\nsaber más de ti...
10090222,Tふふっ　また%1F来たな！\nオレに%1F勝ったら\nサッカー%1F部に%2F入部してやろう！,"¡Ju, ju! ¿Otra vez por aquí?\n¡Si me derrotas, jugaré\nen tu equipo! ¿De acuerdo?"
10090222,Xふーむ　キミのその%1F顔…\nボクをスカウトしたくて\nしょうがないって%1F感じだね。,"Uh, vaya cara que me traes...\nSe nota que te mueres de ganas\npor tenerme en tu equipo."
10090222,\センパイがスカウトしたい%1F人は\n%1F今までいた%2F場所から\n%2F移動したみたいですね！,¡El jugador que buscabas\nse ha ido a otra parte!
10090222,ちから,¡Apúntame al equipo!
10090223,$もしもし？\nセンパイですか？,"¡Hola, Mark!"
10090223,%s\nが%2F仲間になった！,¡%s se te ha unido!
10090223,4せっかくのチャンスなのに…\n%2F後悔するぞ。,Tuviste una oportunidad...\ny ahora te vas a arrepentir.
10090223,8おまえに　オレをスカウトする\nチャンスをやるぜ！,¿Quieres que te dé una oportunidad\npara que me lleves a jugar a tu equipo?
10090223,8よく%1F見つけたな。\nそれじゃあ　%1F大サービスだ！,Has conseguido encontrarme.\nTe haré un gran favor.
10090223,Hははっ\nこんな%1F所にオレがいるなんて\n%1F思いもしなかっただろ？,"¡Ju, ju, ju! No te esperabas\nque estuviera aquí, ¿eh?"
10090223,Lなかなか　やるな！\n%2F約束どおり　サッカー%1F部に\n%1F入ってやろう。,"¡No lo haces nada mal!\nJugaré contigo, como quedamos."
10090223,Pその%1F人は　いつも\n%3F河川敷グラウンドの%2F海岸に\nいるみたいですよ！,"¡Siempre está en la orilla del\nrío, cerca del campo de fútbol!"
10090223,Pよし　%1F大サービスだ。\nおまえに　オレをスカウトする\nチャンスをやろう！,Te daré otra oportunidad.\n¿Quieres aprovecharla?
10090223,\センパイがスカウトしたい%1F人は\n%1F今までいた%2F場所から\n%2F移動したみたいですね！,¡El jugador que buscabas\nse ha ido a otra parte!
10090223,さあ　%2F勝負だ！,"Venga, ¡a jugar!"
10090223,やくそく,Qué lástima... Trenes como este\nno pasan todos los días.
10090224,$もしもし？\nセンパイですか？,"¡Hola, Mark!"
10090224,%s\nが%2F仲間になった！,¡%s se te ha unido!
10090224,",おっ　\nリベンジをしに%1F来たのだな！",¡Oh! ¿Has venido a vengarte?
10090224,8よしやろう！　%1F今やろう！\n%1F今すぐやろう！！,¡Vamos a jugar! ¡Ahora!\n¡No me hagas esperar más!
10090224,@ははっ　%1F強いな！\nさすが　サッカー%1F部のキャプテンだ。,¡Me has dejado sin palabras!\nSe nota que eres el capitán...
10090224,@むむっ！\nオレを　さがし%1F出すとは\nたいしたヤツだっ！,"¡Ju, ju, ju!...\nMenudo eres, mira que\nponerte a buscarme..."
10090224,Hあんたに%1F会ったら\nサッカーバトルが\nできるらしいじゃないか！,¡Dicen que quien te ve se\npone a jugar una pachanga\ncontra tu equipo! ¿Verdad que sí?
10090224,Lその%1F人は　いつも\n%3F河川敷のサクの%1F周りに\nいるみたいですよ！,¡Siempre va por los alrededores\nde la valla que hay en el parque\ndel río!
10090224,\センパイがスカウトしたい%1F人は\n%1F今までいた%2F場所から\n%2F移動したみたいですね！,¡El jugador que buscabas\nse ha ido a otra parte!
10090224,つよ,Me apunto a vuestro equipo.\n¡Ojalá nos vaya bien!
10090224,なんだ　やらないのか？,¿Qué pasa? ¿Te rajas?
10090224,よしっ　バトルだ！！,"¡Venga, a jugar!"
10090225,$もしもし？\nセンパイですか？,"¡Hola, Mark!"
10090225,%s\nが%2F仲間になった！,¡%s se te ha unido!
10090225,@その%1F人は　いつも\nプールの%1F周りに　いるみたいですよ！,¡Siempre está alrededor de\nla piscina!
10090225,Hおめーか？\nオレをサッカー%1F部に\n%2F入部させたいというヤツは。,¿Eres tú el que me quiere hacer\njugar en su equipo?
10090225,Hその%1F人は\n%3F正門前グラウンドの%1F近くに\nいるみたいですよ！,¡Está cerca del campo de fútbol\nde la entrada principal!
10090225,L%1F弱い%2F部活には　%1F入りたくないんでな。\nさあ　%2F覚悟はいいか？,"No quiero entrar en un equipo\nde pringados. Bueno, ¿estáis\npreparados?"
10090225,\センパイがスカウトしたい%1F人は\n%1F今までいた%2F場所から\n%2F移動したみたいですね！,¡El jugador que buscabas\nse ha ido a otra parte!
10090225,hオレをサッカー%1F部に%1F入れたいのなら\nオレの%1F力を　%1F活かせる%1F部だって\n%2F証明してみろよ。,¡Pche! ¡Vete a freír morcillas!
10090225,pオレは　%2F体力がじまんなんだ。\nオレの%1F力を　%1F活かせる%1F部だって\n%2F証明できたら%2F入部してやるよ。,"Estoy muy orgulloso de mi fuerza.\nSi me demuestras que sois dignos\nde ella, me uniré a vosotros."
10090225,じゃあ　いくぜ！,"¡Venga, vamos!"
10090226,$もしもし？\nセンパイですか？,"¡Hola, Mark!"
10090226,$プレイで%2F証明してあげるよ。,¿Quieres que te lo demuestre?
10090226,%s\nが%2F仲間になった！,¡%s se te ha unido!
10090226,4オレ　こう%1F見えても\nけっこうタフなんだよ。,"Aunque no lo aparente, en\nrealidad estoy fuerte como\nun toro."
10090226,8そんなこと%1F言わずに\nオレのプレイを%1F見ろよ。,"Vaya, antes de decidir\ndeberías verme jugar."
10090226,<オレがタフだってことを\nプレイで%2F証明してあげるよ。,¿Quieres que te vuelva a mostrar\nlo duro que soy en el terreno de\njuego?
10090226,@それじゃあ　オレのかれいなプレイを\n%1F見せてあげるよ。,¿Eh? Qué raro...\nParece que hoy no estoy muy fino.
10090226,@それじゃあ　オレのカレイなプレイを\n%1F見せてあげるよ。,Te voy a maravillar con mi\ntoque de balón.
10090226,Dその%1F人は　いつも\n%3F体育館の%1F近くに\nいるみたいですよ！,¡Siempre está cerca del gimnasio!
10090226,Dその%1F人は　いつも\n%3F駐車場の%1F近くに\nいるみたいですよ！,¡Siempre está cerca del\naparcamiento!
10090226,Pあ　あれっ？　おかしいな…\n%2F今日はちょっと　%2F調子が%1F悪いみたいだ。,A la hora de la verdad soy un\nhacha. Ya verás qué juego tan\nmagnífico despliego.
10090226,\センパイがスカウトしたい%1F人は\n%1F今までいた%2F場所から\n%2F移動したみたいですね！,¡El jugador que buscabas\nse ha ido a otra parte!
10090226,dだから　サッカー%1F部に%1F入れてくれない？\nオレがタフだってことが\n%1F信%1F用できないのなら,"Méteme en el equipo, anda.\nTengo un cuerpo de hierro, ¿sabes?"
10090226,きょう,¿Qué te ha parecido? Tengo\nuna resistencia envidiable.
10090227,$もしもし？\nセンパイですか？,"¡Hola, Mark!"
10090227,%s\nが%2F仲間になった！,¡%s se te ha unido!
10090227,0%1F早くすませてよね…\nじゃあ　いくよ！,Uaaah... ¿Quieres jugar otra vez?\nCon las pocas ganas que tengo...
10090227,0ふわぁ〜\n%1F用がないなら　%1F帰ってよ。,"¿Eh? Pero si iba de broma...\nEn fin, por hablar... ¡Que voy!"
10090227,0ふわぁ〜　まだやるの？\nめんどくさいな〜。,"Uaaah... Si no quieres nada, largo."
10090227,8このオレと%2F勝負して%1F勝ったらね。\nどう　やる？,"Bueno, tengo tiempo...\nEstá bien, pero..."
10090227,<ふわぁ〜　%1F負けちゃったか…。\nしかたないなぁ…。,"Acaba rápido, ¿eh?\nVenga, ¡que voy!"
10090227,Dう〜ん…。\nまあ　ヒマだし…　%1F入ってもいいよ。\nただし…,"Uaah, qué sueño... ¿Eh?\n¿Que si me quiero apuntar\na tu club?"
10090227,Dええ〜っ　%2F冗談だったのに…。\nしかたないな〜　いくよっ！,Tendrías que ganarme en un\npartidete... ¿Qué dices?
10090227,Lその%1F人は　いつも\n%2F鉄塔のベンチの%1F近くに\nいるみたいですよ！,¡Siempre está por los bancos\ndel parque de la torre!
10090227,Lその%1F人は　いつも\n%2F駅前のコンビニの%1F近くに\nいるみたいですよ！,¡Siempre está cerca de la tienda\nde 24 h que hay por la estación!
10090227,\センパイがスカウトしたい%1F人は\n%1F今までいた%2F場所から\n%2F移動したみたいですね！,¡El jugador que buscabas\nse ha ido a otra parte!
10090228,$もしもし？\nセンパイですか？,"¡Hola, Mark!"
10090228,%s\nが%2F仲間になった！,¡%s se te ha unido!
10090228,",おっ　\nまた%1F力だめしに%1F来たのか？","¿Eh? Entonces, ¿a qué has venido?"
10090228,0なんだよ\nじゃあ　%1F何しに%1F来たんだ…。,¡Vamos a echar una pachanga!
10090228,Dあんた　サッカー%1F部に%1F入るヤツを\nさがしてるんだってな。,"Eres Mark, ¿verdad?\nMe preguntaba si te\nacabarías pasando por aquí."
10090228,Lその%1F人は　いつも\n%2F鉄塔の%2F小屋の%1F近くに\nいるみたいですよ！,¡Siempre ronda la caseta de\nla torre!
10090228,Lオレは　けっこう%1F強いぜ。\n１%1F回　%1F力だめしをしたかったんだ！,Dicen que vas buscando\njugadores para tu equipo.
10090228,Tその%1F人は　いつも\n%2F円堂センパイのお%1F家の%1F近くに\nいるみたいですよ！,Siempre está cerca de tu casa.
10090228,\センパイがスカウトしたい%1F人は\n%1F今までいた%2F場所から\n%2F移動したみたいですね！,¡El jugador que buscabas\nse ha ido a otra parte!
10090228,よしっ　バトルだ！,Que sepas que soy bastante bueno.\n¿Quieres que midamos nuestras fuerzas?
10090229,$もしもし？\nセンパイですか？,"¡Hola, Mark!"
10090229,%s\nが%2F仲間になった！,¡%s se te ha unido!
10090229,0まっ　まいった…！\nスゴイぜ　あんた…。,Lo prometido es deuda.\nMe apunto al equipo.
10090229,@なんだあ　おまえは\nこのオレ%1F様に　%1F何か%1F用かよ？,¿Quién eres y qué\nquieres de mí?
10090229,Lああ？　サッカー%1F部に%1F入れって？\nじょうだんは%1F顔だけにしろよ。,"¿Eh? ¿Que entre en el equipo?\nNo me vengas con bromas, anda."
10090229,Lしつこいぜ！\n%1F口で%1F言ってもわからないなら…\nサッカーバトルだ！,¡Qué plomo! Si no lo entiendes\ncon palabras... ¡te lo haré\nentender con goles!
10090229,Xその%1F人は　いつも\n%3F河川敷グラウンドのベンチの%1F近くに\nいるみたいですよ！,¡Siempre está cerca de los bancos\nque hay en el campo de fútbol\ndel río!
10090229,\その%1F人は　いつも\n%3F商店街のピンクでかわいいお%1F店の%1F近くに\nいるみたいですよ！,¡Siempre está al comienzo de la plaza\nde adoquines del barrio comercial!
10090229,\センパイがスカウトしたい%1F人は\n%1F今までいた%2F場所から\n%2F移動したみたいですね！,¡El jugador que buscabas\nse ha ido a otra parte!
10090229,かくごしなっ！,¡Reza lo que sepas!
10090229,さっさと%1F消えなっ！,Maldita sea...\nPues sí que eres bueno...
10090230,$それじゃあ　%1F始めようか。,¿Te piras?
10090230,$もしもし？\nセンパイですか？,"¡Hola, Mark!"
10090230,%1F逃げるのかい？,"Si me ganas, aceptaré cualquier\nfavor que me pidas, ¿vale?"
10090230,%s\nが%2F仲間になった！,¡%s se te ha unido!
10090230,8ごほうびに\nこのボクが　%2F相手をしてあげるよ。,"En agradecimiento, jugaré contigo."
10090230,Hキミがボクに%1F勝ったら\n%1F何でも%1F言うことを%1F聞いてあげるよ。,"Venga, te haré caso...\nTe lo has ganado. Juegas muy bien."
10090230,Lその%1F人は　いつも\n%3F河川敷のトイレの%1F近くに\nいるみたいですよ！,¡Siempre ronda los baños\nque hay en el río!
10090230,Pその%1F人は　いつも\n%3F商店街のカメラ%1F屋の%1F前に\nいるみたいですよ！,¡Siempre está delante de\nla tienda de cámaras del\nbarrio comercial!
10090230,Pふっふっふっふっふ…\nボクを%1F見つけるとは\n%1F運がいいヤツだな　キミは。,"Ju, ju, ju... Qué suertudo.\n¡Has conseguido encontrarme!..."
10090230,\センパイがスカウトしたい%1F人は\n%1F今までいた%2F場所から\n%2F移動したみたいですね！,¡El jugador que buscabas\nse ha ido a otra parte!
10090230,dなかなか　やるようだね。\nそれじゃあ　%2F約束だ。\n%1F何でも%1F言うことを%1F聞いてあげるよ。,"¿Quieres que juegue contigo?\n¿Estás seguro? Vale, me\napuntaré a tu equipo."
10090230,dもし　キミが%1F勝ったら\n%1F何でも%1F言うことを%1F聞いてあげるよ。\nさあ　%2F勝負するかい？,"Si ganas, haré lo que me pidas.\nQué, ¿jugamos?"
10090230,やくそく,Hay que entrenarse más.
10090231,$もしもし？\nセンパイですか？,"¡Hola, Mark!"
10090231,%s\nが%2F仲間になった！,¡%s se te ha unido!
10090231,@おっ　%2F円堂じゃないか。\nこんな%1F所でなにしてんだよ。,"¡Anda, si es Mark!\n¿Qué has venido a hacer aquí?"
10090231,@なんだ　ちがうのか…。\nだったら　いったい%1F何の%1F用だ？,"Ah, ¿no?\nEntonces, ¿a qué has venido?"
10090231,Dまた　サッカー%1F部に%1F入れとか\n%1F言うんじゃないだろうな？,¿No habrás venido otra vez\ncon la misma cantinela?
10090231,Lその%1F人は　いつも\n%3F河川敷のサクの%1F周りに\nいるみたいですよ！,¡Siempre va por los alrededores\nde la valla que hay en el parque\ndel río!
10090231,Xしょうがねえな…\nだったら　オレを%1F倒してみなよ。\nそうしたら　%1F入ってやるさ。,"Qué remedio...\nIntenta vencerme, pues. Si lo\nconsigues, jugaré en tu equipo."
10090231,Xちっ　%1F負けちまったぜ。\nまあ　%2F約束だしな…\nサッカー%1F部に%1F入ってやるよ。,"Maldita sea, he perdido...\nMuy bien, entraré en\nel equipo de fútbol."
10090231,\センパイがスカウトしたい%1F人は\n%1F今までいた%2F場所から\n%2F移動したみたいですね！,¡El jugador que buscabas\nse ha ido a otra parte!
10090231,h…なに？　オレを%1F待っていただと？\nまた　サッカー%1F部に%1F入れとか\n%1F言うんじゃないだろうな？,"¿Eh? ¿Que me estabas buscando?\nNo vendrás a decirme otra vez\neso de que entre en tu equipo, ¿no?"
10090232,$もしもし？\nセンパイですか？,"¡Hola, Mark!"
10090232,$ヘッ　%2F後悔しても%1F遅いぜ！,"¡Je, je!\n¡Es tarde para arrepentirse!"
10090232,%s\nが%2F仲間になった！,¡%s se te ha unido!
10090232,@どうしてもって%1F言うなら…\nオレとバトルしてみるかい？,"Si vas a ponerte pesado, te dejo\nque lo decidamos con una pachanga."
10090232,Lその%1F人は　いつも\nサッカー%2F部室の%1F近くに\nいるみたいですよ！,¡Siempre está cerca del\nclub de fútbol!
10090232,Pヘヘッ　オレは%2F体力には\n%2F自信があるんだ。\nゼッタイに%1F負けないぜ。,"Je, apuesto a que no aguantáis\ntan bien un partido como yo.\n¿Estáis preparados?"
10090232,Xアーん？　なんだぁ。\nオレにサッカー%1F部に%1F入れだって？\nヘッ　お%1F断りだぜ。,"¿Qué dices tú? ¿Que juegue\nen el equipo de fútbol? Juas,\nqué más quisieras."
10090232,\センパイがスカウトしたい%1F人は\n%1F今までいた%2F場所から\n%2F移動したみたいですね！,¡El jugador que buscabas\nse ha ido a otra parte!
10090232,`オレをたおしたら\nサッカー%1F部に%1F入ってやるぜ。\n%2F体力なら　ダレにも%1F負けないぜ！,"¡Je, je! ¡Patanes!"
10090233,$えー…　%1F試してくださいよ。,"¿Eh? Vamos, prueba conmigo."
10090233,$もしもし？\nセンパイですか？,"¡Hola, Mark!"
10090233,%s\nが%2F仲間になった！,¡%s se te ha unido!
10090233,8だったら　ボクを\nメンバーに%1F入れてみません？,"Si tan mal lo tienes, ¿por qué\nno me aceptas en tu equipo?"
10090233,Hこんにちは！\nサッカー%1F部のメンバーを\n%1F集めているんですか？,"¡Buenas, Mark! Estás buscando\njugadores para tu equipo,\n¿verdad?"
10090233,Pこう%1F見えてサッカー%2F上手なんです。\nなんだったら　%1F試してみます？,"¡Aunque no lo parezca,\nel fútbol se me da bien!\n¿Quieres comprobarlo?"
10090233,Pその%1F人は　いつも\n%3F河川敷グラウンドの%2F海岸に\nいるみたいですよ！,"¡Siempre está en la orilla del\nrío, cerca del campo de fútbol!"
10090233,Xあっ　また%1F来たんですね。\nボクのサッカーの%2F上手さ\nまた　%1F試してみます？,"Otra vez aquí, ¿eh? ¿Estás listo\npara comprobar lo bueno que soy?"
10090233,\その%1F人は　いつも\n%3F商店街のピンクでかわいいお%1F店の%1F近くに\nいるみたいですよ！,¡Siempre está al comienzo de la plaza\nde adoquines del barrio comercial!
10090233,\センパイがスカウトしたい%1F人は\n%1F今までいた%2F場所から\n%2F移動したみたいですね！,¡El jugador que buscabas\nse ha ido a otra parte!
10090233,hはー　%1F負けちゃいました。\nでも　けっこう%2F上手でしょう？\nボクが　%1F力になってあげますよ。,"¡Guau, he perdido!...\nPero no soy nada malo, ¿verdad?\nSeguro que os soy útil."
10090233,じょうず,"Es normal. ¡Je, je!\nYa sé que juego bastante bien."
10090233,ＯＫ！　いきますよ！,¡Vale! ¡Allá voy!
10100001,$もしもし？\nセンパイですか？,"¡Hola, Mark!"
10100001,%s\nが%2F仲間になった！,¡%s se te ha unido!
10100001,",いい%2F覚悟だな。\nじゃあ　いくぜ！！","Así me gusta.\n¡Vamos, a jugar!"
10100001,<このオレと%2F勝負して%1F勝ったらな。\nさあ　やるか！？,Tendrías que ganarme en un\npartidete... ¿Qué dices?
10100001,@なんだったら\nオレが%1F入ってやってもいいぜ。\nただし…,"Si tanta falta te hago, jugaré\ncontigo, pero..."
10100001,Dどうした　%2F円堂？\nこのオレと%2F勝負するのが　%1F怖いのか？,"¿Qué pasa, Mark?\n¿Te da miedo enfrentarte a mí?"
10100001,P%2F人脈ルートロック%2F解除！\n%2F音無に%1F話しかけて　%2F確認してみよう！,¡Se ha desbloqueado una ruta de\ncontactos! ¡Habla con Celia para\nacceder a ella!
10100001,Pその%1F人は　いつも\n%3F本校舎%1F入り%1F口の%1F近くに\nいるみたいですよ！,¡Siempre está cerca de la entrada\ndel edificio principal!
10100001,Tよう　%2F円堂！\n%2F最近　サッカー%1F部のメンバーを\n%1F集めてるんだってな。,"¡Hola, Mark! Me han dicho que\nbuscas jugadores para tu equipo."
10100001,\センパイがスカウトしたい%1F人は\n%1F今までいた%2F場所から\n%2F移動したみたいですね！,¡El jugador que buscabas\nse ha ido a otra parte!
10100002,$もしもし？\nセンパイですか？,¡El jugador que buscabas\nse ha ido a otra parte!
10100002,%s\nが%2F仲間になった！,¡%s se te ha unido!
10100002,",いい%2F覚悟だな。\nじゃあ　いくぜ！！","Así me gusta.\n¡Vamos, a jugar!"
10100002,4%2F根性は　あるようだな。\nじゃあ　いくぜ！！,"Parece que tienes agallas.\nEstá bien, ¡vamos allá!"
10100002,<この%1F前の%2F勝負のリベンジだろ？\nさあ　やろうぜ！！,"¿Vienes a quitarte el mal sabor\nde boca de la última derrota?\nVamos, estoy listo."
10100002,<このオレと%2F勝負して%1F勝ったらな。\nさあ　やるか！？,Tendrías que ganarme en un\npartidete... ¿Qué dices?
10100002,@なんだったら\nオレが%1F入ってやってもいいぜ。\nただし…,"Si tanta falta te hago, jugaré\ncontigo, pero..."
10100002,Dどうした　%2F円堂？\nこのオレと%2F勝負するのが　%1F怖いのか？,"¿Qué pasa, Mark?\n¿Te da miedo enfrentarte a mí?"
10100002,Hその%1F人は　いつも\n%3F西校舎の%1F裏あたりに\nいるみたいですよ！,¡Siempre va por la parte de atrás\ndel edificio oeste!
10100002,P%2F人脈ルートロック%2F解除！\n%2F音無に%1F話しかけて　%2F確認してみよう！,¡Se ha desbloqueado una ruta de\ncontactos! ¡Habla con Celia para\nacceder a ella!
10100002,Tよう　%2F円堂！\n%2F最近　サッカー%1F部のメンバーを\n%1F集めてるんだってな。,"¡Hola, Mark! Me han dicho que\nbuscas jugadores para tu equipo."
10100002,Xよう　%2F円堂！\nお%1F前が%1F来るのを%1F待ってたぜ。\nここに%1F来たってことは…,"¡Buenas, Mark! Esperaba que\nvinieras. Que estés aquí solo\npuede significar una cosa..."
10100002,\センパイがスカウトしたい%1F人は\n%1F今までいた%2F場所から\n%2F移動したみたいですね！,"¡Hola, Mark!"
10100002,こんじょう,"Ah, ¿no quieres la revancha?\nJo, ahora que estaba empezando\na hacerme ilusiones... Qué chasco."
10100003,$もしもし？\nセンパイですか？,"¡Hola, Mark!"
10100003,%s\nが%2F仲間になった！,¡%s se te ha unido!
10100003,",いい%2F覚悟だな。\nじゃあ　いくぜ！！",Tendrías que ganarme en un\npartidete... ¿Qué dices?
10100003,4%2F根性は　あるようだな。\nじゃあ　いくぜ！！,"¿Vienes a quitarte el mal sabor\nde boca de la última derrota?\nVamos, estoy listo."
10100003,<この%1F前の%2F勝負のリベンジだろ？\nさあ　やろうぜ！！,"¡Buenas, Mark! Esperaba que\nvinieras. Que estés aquí solo\npuede significar una cosa..."
10100003,<このオレと%2F勝負して%1F勝ったらな。\nさあ　やるか！？,"Si tanta falta te hago, jugaré\ncontigo, pero..."
10100003,@なんだったら\nオレが%1F入ってやってもいいぜ。\nただし…,"¡Hola, Mark! Me han dicho que\nbuscas jugadores para tu equipo."
10100003,Dどうした　%2F円堂？\nこのオレと%2F勝負するのが　%1F怖いのか？,"Así me gusta.\n¡Vamos, a jugar!"
10100003,Lその%1F人は　いつも\n%3F河川敷のベンチの%1F近くに\nいるみたいですよ！,¡Siempre está cerca de los bancos\nque hay en el campo de fútbol\ndel río!
10100003,P%2F人脈ルートロック%2F解除！\n%2F音無に%1F話しかけて　%2F確認してみよう！,¡Se ha desbloqueado una ruta de\ncontactos! ¡Habla con Celia para\nacceder a ella!
10100003,Tよう　%2F円堂！\n%2F最近　サッカー%1F部のメンバーを\n%1F集めてるんだってな。,¡Siempre está cerca de los bancos\nque hay por el río!
10100003,Xよう　%2F円堂！\nお%1F前が%1F来るのを%1F待ってたぜ。\nここに%1F来たってことは…,"¿Qué pasa, Mark?\n¿Te da miedo enfrentarte a mí?"
10100003,\センパイがスカウトしたい%1F人は\n%1F今までいた%2F場所から\n%2F移動したみたいですね！,¡El jugador que buscabas\nse ha ido a otra parte!
10100003,こんじょう,"Parece que tienes agallas.\nEstá bien, ¡vamos allá!"
10100004,$もしもし？\nセンパイですか？,"¡Hola, Mark!"
10100004,%s\nが%2F仲間になった！,¡%s se te ha unido!
10100004,",いい%2F覚悟だな。\nじゃあ　いくぜ！！",Tendrías que ganarme en un\npartidete... ¿Qué dices?
10100004,4%2F根性は　あるようだな。\nじゃあ　いくぜ！！,¿Vienes a quitarte el mal sabor\nde boca de la última derrota?
10100004,<この%1F前の%2F勝負のリベンジだろ？\nさあ　やろうぜ！！,"¡Buenas, Mark! Esperaba que\nvinieras. Que estés aquí solo\npuede significar una cosa..."
10100004,<このオレと%2F勝負して%1F勝ったらな。\nさあ　やるか！？,"Si tanta falta te hago, jugaré\ncontigo, pero..."
10100004,@なんだったら\nオレが%1F入ってやってもいいぜ。\nただし…,"¡Hola, Mark! Me han dicho que\nbuscas jugadores para tu equipo."
10100004,Dどうした　%2F円堂？\nこのオレと%2F勝負するのが　%1F怖いのか？,"Así me gusta.\n¡Vamos, a jugar!"
10100004,P%2F人脈ルートロック%2F解除！\n%2F音無に%1F話しかけて　%2F確認してみよう！,¡Se ha desbloqueado una ruta de\ncontactos! ¡Habla con Celia para\nacceder a ella!
10100004,Tその%1F人は　いつも\n%3F河川敷グラウンドの%1F橋の%1F下に\nいるみたいですよ！,¡Siempre está debajo del puente\nque hay cerca del campo del río!
10100004,Tよう　%2F円堂！\n%2F最近　サッカー%1F部のメンバーを\n%1F集めてるんだってな。,¡Siempre está debajo del puente\ndel campo de fútbol del río!
10100004,Xよう　%2F円堂！\nお%1F前が%1F来るのを%1F待ってたぜ。\nここに%1F来たってことは…,"¿Qué pasa, Mark?\n¿Te da miedo enfrentarte a mí?"
10100004,\センパイがスカウトしたい%1F人は\n%1F今までいた%2F場所から\n%2F移動したみたいですね！,¡El jugador que buscabas\nse ha ido a otra parte!
10100004,こんじょう,"Parece que tienes agallas.\nEstá bien, ¡vamos allá!"
10100005,$もしもし？\nセンパイですか？,"¡Hola, Mark!"
10100005,%s\nが%2F仲間になった！,¡%s se te ha unido!
10100005,",いい%2F覚悟だな。\nじゃあ　いくぜ！！","Así me gusta.\n¡Vamos, a jugar!"
10100005,4%2F根性は　あるようだな。\nじゃあ　いくぜ！！,"Parece que tienes agallas.\nEstá bien, ¡vamos allá!"
10100005,<この%1F前の%2F勝負のリベンジだろ？\nさあ　やろうぜ！！,"¿Vienes a quitarte el mal sabor\nde boca de la última derrota?\nVamos, estoy listo."
10100005,<このオレと%2F勝負して%1F勝ったらな。\nさあ　やるか！？,Tendrías que ganarme en un\npartidete... ¿Qué dices?
10100005,@なんだったら\nオレが%1F入ってやってもいいぜ。\nただし…,"Si tanta falta te hago, jugaré\ncontigo, pero..."
10100005,Dどうした　%2F円堂？\nこのオレと%2F勝負するのが　%1F怖いのか？,"¿Qué pasa, Mark?\n¿Te da miedo enfrentarte a mí?"
10100005,Lその%1F人は　いつも\nサッカー%2F部室の%1F近くに\nいるみたいですよ！,¡Siempre está cerca del\nclub de fútbol!
10100005,P%2F人脈ルートロック%2F解除！\n%2F音無に%1F話しかけて　%2F確認してみよう！,¡Se ha desbloqueado una ruta de\ncontactos! ¡Habla con Celia para\nacceder a ella!
10100005,Tよう　%2F円堂！\n%2F最近　サッカー%1F部のメンバーを\n%1F集めてるんだってな。,"¡Hola, Mark! Me han dicho que\nbuscas jugadores para tu equipo."
10100005,Xよう　%2F円堂！\nお%1F前が%1F来るのを%1F待ってたぜ。\nここに%1F来たってことは…,"¡Buenas, Mark! Esperaba que\nvinieras. Que estés aquí solo\npuede significar una cosa..."
10100005,\センパイがスカウトしたい%1F人は\n%1F今までいた%2F場所から\n%2F移動したみたいですね！,¡El jugador que buscabas\nse ha ido a otra parte!
10100005,こんじょう,"Ah, ¿no quieres la revancha?\nJo, ahora que estaba empezando\na hacerme ilusiones... Qué chasco."
10100011,$もしもし？\nセンパイですか？,"¡Hola, Mark!"
10100011,%s\nが%2F仲間になった！,¡%s se te ha unido!
10100011,<かけもちでも　いいのなら\n%1F入ってあげてもいいよ。,Aceptaré tu oferta si me permites\nalternar el fútbol con mi otro club.\n¿Trato hecho?
10100011,Lじゃあ　しょうがないな。\nそこまで　%1F言うのなら\n%1F入ってあげるよ。,"Qué remedio... Venga, tú ganas."
10100011,Pその%1F人は　いつも\n%2F囲碁%2F将棋%1F部の%2F部室に\nいるみたいですよ！,¡Siempre está en la sala del\nclub de ajedrez!
10100011,dえっ　サッカー%1F部へ%1F入らないかって？\n…%1F悪いけど　ちがう%2F部活に\n%1F入ってるんだ。,"¿Que entre en tu equipo? Lo\nsiento, pero ya estoy apuntado\na otro club."
10100011,これから　よろしく！,¡Tenemos que ser los mejores!
10100011,それじゃあ　ダメだね。,Muy mal.
10100012,%s\nが%2F仲間になった！,¡%s se te ha unido!
10100012,4%1F彼なら\n%2F正門の%1F近くに%1F呼んでいるわ。,Está esperándote cerca\nde la puerta principal.
10100012,Lどこかへ%1F行ってしまう%1F前に\n%1F早く　%1F引き%1F抜いてきなさい。,"Fíchale rápido, antes de\nque se vaya a otra parte."
10100012,d%2F雷門サッカー%1F部\nあんたたちの%2F実力はホンモノだった。\nいっしょにサッカーさせてくれ！,Me habéis demostrado vuestra\nvalía como equipo de fútbol.\n¡Dejad que me una a vosotros!
10100012,もしもし？\n%2F円堂くん？,¡Hola! ¿Mark?
61010001,Lここは%2F受付です。　\n%2F名前をお%1F書きになって\nお%1F待ちください。,Hola. Esta es la recepción.\n¿En qué puedo ayudarte?
62000080,4いらっしゃい。\n%2F今日は　どうするんだい？,¿Algo más?
62000080,そうかい　またおいでねー。,Muchas gracias.
62000080,まいど　どうもねー。,"Hola, ¿en qué puedo servirte?"
62000250,$ほっほっほ。\nいらっしゃい。,"Jo, jo, jo.\nBienvenido."
62000250,%1F他　%1F用はあるかい？,¿Algo más?
62000250,また　おいでね。,Hasta otra.
62000460,$%1F他に　%1F用はございますか？,¿Quieres algo más?
62000460,Dいらっしゃいませー。\nコンビニ%3F商店街%1F店へ　ようこそー。,Bienvenido a la tienda de 24 h\ndel barrio de tiendas.
62000470,$%1F他に　ご%1F用はありますか？,¿Quieres algo más?
62000470,いらっしゃいませー。,Espero que vuelvas a visitarnos.
62000480,Hいらっしゃいま〜しぇ〜。\n%2F看板ムスメのトメで〜しゅ\nうふっ。,"¡Hola! ¡Me llamo Tome! Ji, ji."
62000490,4いらっしゃい！\n%2F雷神%2F模型へ　ようこそ！,¡Hola! ¡Bienvenido a la tienda\nde maquetas Raijin!
62000500,4らっしゃい！\nめんのかたさは　どうしやすかい？,¡Buenas! ¿Cómo de duros quieres\nlos fideos?
62000510,�いらっしゃいまーせー。\fゲームは　クリアしてから\n%1F新しいものを　%1F買う！\nこれが　%1F正しいゲームの%1F遊び%1F方だよ。,"Buenos días.\fHasta que no se termina un juego,\nno se compra otro nuevo.\nEsa es la mejor manera de jugar."
62000520,",%1F他に　%1F何か%1F用はありますか？",¿Quieres algo más?
62000520,Dいらっしゃいませ。\n%1F新しいスポーツ%2F用品は　いかがですか？,"Hola, ¿qué te parecen nuestros\nartículos de deporte nuevos?"
62000530,",おかえりなさいませ。　ご%2F主人%1F様♪","Me alegro de volver a verle, señor."
62000530,L…%1F今は%1F誰もおりません。\nお%1F帰り%1F下さいませ　ご%2F主人%1F様。,"Ahora no podemos atenderle.\nVuelva otro día, por favor."
62000530,dおかえりなさいませ　ご%3F主人様♪\nメイド%2F喫茶は　\nただ%1F今　%2F営業%2F停止%1F中で〜す♪,¡Bienvenido a la cafetería!\nAhora mismo el bar temático\nestá cerrado.
62000530,рｻして　%3F真二屋%2F店長も\n%1F今は　お%2F部屋で\nお%3F昼寝中で〜っす♪\fまたのお%1F帰りを\nお%1F待ちしてま〜っす　うふっ♪,"El jefe está durmiendo en\nla habitación.\fEspero que vuelva a visitarnos\npronto. Ji, ji."
62000562,$%1F他に　%1F用はありますか？,¿Quieres algo más?
62000562,@いらっしゃいませー。\nコンビニ%2F駅前%1F店へ　ようこそー。,Bienvenido a la tienda de 24 h\nde la estación.
62000563,Dウチの%1F薬は%2F効果バツグン！\nさあ　%1F見てってくれよな！,"¡Nuestros medicamentos son\nmuy efectivos! ¡Adelante,\neche un vistazo!"
63000050,4%2F円堂たちの\nＧＰとＴＰが　%3F全回復した！,No tienes puntos de Pasión\nsuficientes.
63000050,4%dポイントかかります。\nよろしいでしょうか？,Puntos necesarios: %d.\n¿Te parece bien?
63000050,8ねっけつポイントを　つかって\n%2F回復できます。,Utiliza los puntos de Pasión\npara recuperar fuerzas.
63000180,4%2F円堂たちの\nＧＰとＴＰが　%3F全回復した！,No tienes puntos de Pasión\nsuficientes.
63000180,4%dポイントかかります。\nよろしいでしょうか？,Puntos necesarios: %d.\n¿Te parece bien?
63000180,8ねっけつポイントを　つかって\n%2F回復できます。,Utiliza los puntos de Pasión\npara recuperar fuerzas.
63000350,4%2F円堂たちの\nＧＰとＴＰが　%3F全回復した！,No tienes puntos de Pasión\nsuficientes.
63000350,4%dポイントかかります。\nよろしいでしょうか？,Puntos necesarios: %d.\n¿Te parece bien?
63000350,8ねっけつポイントを　つかって\n%2F回復できます。,Utiliza los puntos de Pasión\npara recuperar fuerzas.
63000370,4%2F円堂たちの\nＧＰとＴＰが　%3F全回復した！,No tienes puntos de Pasión\nsuficientes.
63000370,4%dポイントかかります。\nよろしいでしょうか？,Puntos necesarios: %d.\n¿Te parece bien?
63000370,8ねっけつポイントを　つかって\n%2F回復できます。,Utiliza los puntos de Pasión\npara recuperar fuerzas.
63000390,4%2F円堂たちの\nＧＰとＴＰが　%3F全回復した！,No tienes puntos de Pasión\nsuficientes.
63000390,4%dポイントかかります。\nよろしいでしょうか？,Puntos necesarios: %d.\n¿Te parece bien?
63000390,8ねっけつポイントを　つかって\n%2F回復できます。,Utiliza los puntos de Pasión\npara recuperar fuerzas.
63000400,4%2F円堂たちの\nＧＰとＴＰが　%3F全回復した！,No tienes puntos de Pasión\nsuficientes.
63000400,4%dポイントかかります。\nよろしいでしょうか？,Puntos necesarios: %d.\n¿Te parece bien?
63000400,8ねっけつポイントを　つかって\n%2F回復できます。,Utiliza los puntos de Pasión\npara recuperar fuerzas.
63000561,4%2F円堂たちの\nＧＰとＴＰが　%3F全回復した！,No tienes puntos de Pasión\nsuficientes.
63000561,4%dポイントかかります。\nよろしいでしょうか？,Puntos necesarios: %d.\n¿Te parece bien?
63000561,8ねっけつポイントを　つかって\n%2F回復できます。,Utiliza los puntos de Pasión\npara recuperar fuerzas.
63000590,4%2F円堂たちの\nＧＰとＴＰが　%3F全回復した！,No tienes puntos de Pasión\nsuficientes.
63000590,4%dポイントかかります。\nよろしいでしょうか？,Puntos necesarios: %d.\n¿Te parece bien?
63000590,8ねっけつポイントを　つかって\n%2F回復できます。,Utiliza los puntos de Pasión\npara recuperar fuerzas.
81000010,",あれ　%2F夏未さんが%1F探していたよ？","Mi madre me ha pedido que vaya a\nla pescadería, pero el pescadero\nme da miedo."
81000010,4ふわあぁ〜。\n%2F今日も　いい%2F天気だなー。,"Te contaré una leyenda urbana...\fSe dice que el equipo del Instituto\nOccult solo tiene diez jugadores,\npero ellos aseguran que son once."
81000010,D%3F豪炎寺くんを　\nワナにかけようとするなんて\nゆるさないわ！,¡Un momento! ¿Es cierto que habéis\nperdido la semifinal? ¿Se puede\nsaber qué estáis haciendo?
81000010,Hああ　おなか%1F空いたなあ。\n%2F今日の%1F晩ごはんは\nなにかなあ。,¿Sabías que el Instituto Otaku\nestá en el barrio de la\nelectrónica de Tokio?
81000010,L%3F豪炎寺くんのためなら\nどこへだって\n%2F応援に　%1F行っちゃうわ！,La técnica Tornado dragón de\nAxel mola un montón.\nMe dejó embobada...
81000010,P%3F豪炎寺くんってス・テ・キ\nわたし　ファンクラブ\n%1F作っちゃおっかな。,"En el partido contra la Royal\nAcademy cayeron unas vigas\nde hierro, ¿verdad?\f¡Menos mal que Axel no se hizo daño!"
81000010,P%4F秋葉名戸って\n「しゅうようめいと」\nって%1F読むんだって。　しってた？,"Me lo ha contado un amigo\nque va al Instituto Occult.\fPor lo visto, los del club de\nfútbol están entrenando muy duro."
81000010,X%2F今日は　%3F体育館は%1F使えないよ。\n%2F練習するなら　グラウンドを%1F使いなよ。,¿Mm? Juraría que he oído un ruido\nque venía de debajo de la estatua.\nSerán imaginaciones mías...
81000010,X%2F今日も　%3F体育館は%1F使えないよ。\n%2F練習するなら　グラウンドを%1F使ってよ。,"¡Por culpa de ese sótano\nextraño, ya no puedo pulir\nla estatua como antes!\f¡¿Qué voy a pulir ahora?!..."
81000010,X%3F豪炎寺くんのドラゴントルネード\nカッコよかったわねぇ…。\nああ　うっとり…。,"Uh, qué hambre me ha entrado.\n¿Qué tendré hoy para cenar?..."
81000010,Xなんか　%2F具合がワルそうね。\n%3F豪炎寺くんの%1F足を　\nひっぱらないでよねっ？,"Ji, ji. Desde que vi el partido\ndel otro día, cada vez me siento\nmás atraída por Axel..."
81000010,Xはーっ　ぴかぴかぴか\nこの%2F銅像を　ぴっかぴかに%1F磨くのが\nボクの%2F日課さ。,"No puedo incorporarme a vuestro\nequipo, pero te diré algo que\nseguro que te interesa.\fHay un chico de segundo al\nque se le da muy bien ocultar\nsu presencia."
81000010,\うーん　%1F気のせいかな。\n%2F銅像の%1F下から　なんだか\nヘンな%2F物音がするんだ…。,Era broma.
81000010,\この%1F前の%2F試合を%1F見て\nますます　%3F豪炎寺くんに\nほれなおしちゃった　うふっ。,¿Que Nelly se ha nombrado\ngerente del club?\f¿Crees que lo ha hecho porque le\ngusta Axel?... ¡Es imperdonable!
81000010,\ちょっと！　\n%3F準決勝　%1F負けちゃったんですって？\n%1F何やってるのよ　%2F円堂くん！,No tienes buena cara...\n¡Ni se te ocurra estorbar a Axel!
81000010,`あたらしい%3F秘伝書を　%1F見つけたって？\nよかったね！　でも　\n%3F秘伝書って　なあに？？,Nelly te está buscando.
81000010,hついに%2F帝国との%2F試合ね。\nはあ　%3F豪炎寺くんと%2F鬼道くん\nどっちかなんて　えらべないわ…。,¡Es imperdonable que le hayan\npreparado una trampa a Axel!
81000010,lママにおつかい　たのまれちゃった。\n%3F商店街の　%3F鮮魚店のじいさん\nコワいから　ニガテなんだよなぁ。,"Hoy no podéis usar el gimnasio.\nSi queréis practicar, probad\nen el campo."
81000010,t%4F帝国学園との%2F試合で\n%2F鉄骨が%1F落ちてきたでしょ？\f%3F豪炎寺くんがケガしなくて\nホンっと　よかったわ！,El partido contra la Royal\nestá al caer. Soy incapaz\nde elegir entre Axel y Jude.
81000010,|%4F尾刈斗中の　トモダチが\n%1F言ってたけど。\fサッカー%1F部のヤツら　\nかなり　スゴイとっくんを　\nしてるらしいよ。,¿Habéis encontrado otro cuaderno\nsecreto? ¡Me alegro! Pero... ¿qué\nes un cuaderno secreto?
81000010,…な〜んちゃって。,"Aaah, cómo brilla...\nTodos los días pulo esta estatua\nde bronce hasta que resplandece."
81000010,�%1F怖い%1F話をしてあげようか…。\n%3F尾刈斗のメンバーは\n１０%1F人しかいないのに\fかれらは　１１%2F人目がいるって\n%1F言い%1F張るんだ…！,"Por extraño que parezca,\naún anda por clase."
81000010,�%2F夏未さんが　マネージャーに\nなったんですって？\fまさか　%3F豪炎寺くんに\n%1F気があるんじゃ！？\nきーっ　そんなのユルさないからっ！,Yo iría hasta el fin del mundo\nsolo para animar a Axel.
81000010,�ヘンな%2F建物が　できたせいで\n%2F銅像を　ぴっかぴかに\n%1F磨けなくなってしまった！\nこれから　オレは　\nいったい　%1F何を%1F磨けばいいんだっ！,Uah...\nQué día más bonito hace hoy.
81000011,",%2F意外と　まだ%2F教室にいたりしてね。","No puedo incorporarme a vuestro\nequipo, pero te diré algo que\nseguro que te interesa.\fHay un chico de segundo al\nque se le da muy bien ocultar\nsu presencia."
81000011,<%1F彼なら　%2F正門の%1F方へ　\n%1F行ったみたいだけど？,Se ha ido en dirección\na la puerta principal.
81000011,<%2F銅像のあたりで　なにか\nヘンな%2F物音がするなあ。,"Te contaré algo morboso.\n¡Los jugadores del Wild son\nhíbridos de persona y animal!\f¡Que no, que es broma!"
81000011,@さっきの%1F男の%1F子\nちょっとカッコよかったかも……ぽっ。,"El chico ese es bastante guapo...\nJi, ji."
81000011,Hああ　おなか%1F空いたなあ。\n%2F今日の%1F晩ごはんは\nなにかなあ。,"Hoy no puedes usar el gimnasio.\nSi quieres practicar, prueba\nen el campo."
81000011,P%3F豪炎寺くんってス・テ・キ\nわたし　ファンクラブ\n%1F作っちゃおっかな。,¡Me encanta Axel! Quizás debería\ncrear un club de fans...
81000011,X%2F今日は　%3F体育館は%1F使えないよ。\n%2F練習するなら　グラウンドを%1F使いなよ。,Por la zona de la estatua se\nescuchan cosas raras...
81000011,Xはーっ　ぴかぴかぴか\nこの%2F銅像を　ぴっかぴかに%1F磨くのが\nボクの%2F日課さ。,Eeh...\nAsí que él es el que sabe\nocultar su presencia...
81000011,Xへえ。\n%2F気配を%1F消すのが　%2F得意な%1F人って\nその%1F人のことだったのかぁ。,"Por extraño que parezca,\naún anda por clase."
81000011,\%3F理科室で　ヘンな%2F実験を\nやってるみたいだ。\n%2F春奈ちゃん　%3F大丈夫かなぁ…。,Tengo tantas ganas de ver a Celia\nque hoy también la estoy esperando\ndelante del edificio de primero.\fPero casi nunca consigo verla...
81000011,\この%1F花って　%2F春奈ちゃんに%1F似て\nとってもカワイイよね。\nココロがなごむなぁ。,¡Hoy seguro que hablo con Celia!\f¡No me moveré de aquí\nhasta que la vea!
81000011,l%2F今日は　どこかの%2F中学の%2F校長が\n%1F来てたみたいですよ。\n%2F冬海も%1F呼ばれてたみたいだけど…。,He oído que en el aula de ciencias\nestán haciendo un experimento\nraro. Espero que Celia esté bien.
81000011,p%2F校舎にはいって\nすぐ%1F右にあるのが　%3F職員室よ。\f…またの%1F名を\nキョーフのせっきょう%2F部屋ね。,"Uh, qué hambre me ha entrado.\n¿Qué tendré hoy para cenar?..."
81000011,pさっき　%3F豪炎寺くんを%1F見ちゃった！\fムシされちゃったけど\nあのクールなところが　\nたまらないのよね。,"¡Antes he visto a Axel!\fHa pasado de mí, pero me da\nigual porque esa frialdad\ntodavía le hace más guay."
81000011,t%2F今日こそ　%2F春奈ちゃんと\nお%1F話するぞっ！\fかのじょに%1F会うまで　ここを\n%2F一歩も　%1F動かないからな！,Hay una chica de primero que se\nllama Celia que es muy guapa.\fTengo tantas ganas de verla que\nesperaré hasta que salga. ¡Hoy\nseguro que me atrevo a hablarle!
81000011,x%2F面白い%1F話をしてあげようか。\n%3F野生中のメンバーは\n%1F人と%2F動物の　%1F子どもらしいよ！\f…な〜んちゃって。,Era broma.
81000011,x%4F帝国学園の%2F鬼道くんは\n%2F天才ゲームメーカーなのよ！\fウチのチームのキャプテンとじゃ\n%1F月とスッポンよね。,"¡Jude, de la Royal Academy,\nes un magnífico estratega!\fOs parecéis tanto como un huevo\na una castaña."
81000011,…な〜んちゃって。,"Te contaré una leyenda urbana...\fSe dice que el equipo del Instituto\nOccult solo tiene diez jugadores,\npero ellos aseguran que son once."
81000011,垂ｱわい%1F話をしてあげようか…。\n%4F尾刈斗中のメンバーは\n１０%1F人しかいないのに\fかれらは　１１%2F人目がいるって\n%1F言いはるんだ…！,"Aaah, cómo brilla... Todos los\ndías saco brillo a esta estatua\nde bronce hasta que resplandece."
81000011,ｬ１%2F年生に　メガネをかけた\nとってもカワイイ%1F子がいるんだ。\fかのじょに%1F会いたくて　\n%2F校舎の%1F前で　%1F待っているんだけど\nなかなか　%1F会えないんだよねえ。,"Hay una chica de primero que\nlleva gafas y es muy guapa.\fTengo tantas ganas de verla que\nestoy esperando a que salga,\npero... casi siempre se me escapa."
81000011,ｬ１%2F年生に　メガネをかけた\nとってもカワイイ%1F子がいるんだ。\fかのじょに%1F会いたくて　\n%2F校舎の%1F前で　%1F待っているんだけど\nもう　%1F帰っちゃったのかなあ…。,"Hay una chica de primero que\nlleva gafas y es muy guapa.\fTengo tantas ganas de verla que\nestoy esperando a que salga,\npero... igual ya se ha ido a casa."
81000012,4ツンツンくんか…\nいいネーミングセンスだわ。,"¡Hola, Mark!\n¡Que te vaya muy bien\nel entrenamiento!"
81000012,8あっ　%2F夏未さん…。\n%2F元気だしてくださいね！,He oído que Celia es hermana\nde Jude. ¿Es verdad?... ¡Hala!
81000012,8ええっ　%2F帝国の%2F鬼道が！？\f…って　それダレ？,"Esta flor se parece a Celia.\nEs tan bonita...\nAah, se me encoge el corazón..."
81000012,<グラウンドに%1F立ってる%1F人\nいったい　%1F誰かしら？,"El próximo partido es contra\nesos tres hermanos, ¿no?\nOs deseo la mejor de las suertes."
81000012,@さっきの３%1F人　%1F何よ！\n%3F豪炎寺くんをバカにしてっ！,¡Uaaaah! ¡He visto a Jude de cerca!
81000012,H%1F新しいサッカー%1F部の%2F監督さん\nおヒゲがチャーミングよね！,Me duele... la cabe...za...
81000012,Hあっ　%2F円堂センパイ！　\n%2F今日も%2F練習　がんばってください！,"¿Eh? ¿Una llave? Tiene el emblema\ndel Raimon, así que debe de\nabrir una puerta del instituto.\f¿Que cuál? ¡Y yo qué sé! ¿Por\nqué no le preguntas al Sr. Veteran?"
81000012,Lさいきん　%2F春奈ちゃんが\n%2F元気ないんだよね。\n%2F心配だなあ…。,"¡Tenéis que hacer papilla\na esos tres engreídos cueste\nlo que cueste, Mark!"
81000012,P%2F円堂くん！\nあんなナマイキな３%1F人\nゼッタイやっつけちゃってよね！！,¿Esos tres que están\nen el campo son conocidos de Axel?\nParecen muy maleducados.
81000012,T%2F春奈ちゃんには\nやっぱりエガオが%2F似合うよね。\nあー　ココロがなごむなぁ。,A...xel... ayuda...
81000012,Tあ…　%1F次は\nあの３%1F人%2F兄弟と%2F試合なんですね。\nがんばってください…。,"Nelly...\n¡Anímate, por favor!"
81000012,X%2F春奈ちゃんが　%2F鬼道くんの%1F妹って\n%1F聞いたんだけど…　ホント？\nひえ〜っ！,Últimamente Celia no está\nmuy animada... Estoy preocupado\npor ella...
81000012,Xわたしって　オシャレなのよ。\n%3F豪炎寺くんは　どんなカッコウが\nスキなのかしら。,¿Qué les pasa a esos tres? ¡¿Cómo\nse atreven a reírse de Axel?!...
81000012,`この%1F花って　%2F春奈ちゃんに%1F似て\nとってもカワイイよね。\nあー　ココロがなごむなぁ。,"Celia está mucho más guapa cuando\nsonríe. Aah, se me derrite\nel corazón."
81000012,`グラウンドにいる３%1F人\n%3F豪炎寺くんの%1F知り%1F合い？\nなんだか　ガラが%1F悪そうねえ。,"En el partido contra la Royal\nAcademy cayeron unas vigas\nde hierro, ¿verdad?\f¡Menos mal que Axel no se hizo daño!"
81000012,h%4F響木監督って　どこかで\n%1F見たことがあるんだよなあ…。\fそうかっ　ラーメン%1F屋のオヤジだ！,¿Cómo llevas la lesión?...
81000012,この%1F先は　%3F体育館よ。,¿Quién está en el campo?...
81000012,なに,"El presidente de la Junta ha sufrido\nun misterioso accidente y\nlo han ingresado en el hospital.\fMe gustaría ir a verle,\npero no se aceptan visitas..."
81000012,ふるかぶ,"Por lo visto, el presidente de\nla Junta y el entrenador Hillman\nson viejos amigos.\fEl otro día escuché que se\nhablaban de tú y me quedé de\npiedra."
81000012,アタマ…　い…たい…。,¡¿Eh?! ¡¿Jude el de\nla Royal Academy?!\fErm... ¿Quién es ese?
81000012,ケガ…　%3F大丈夫なの？,Yo siempre voy a la moda. ¿Qué\nclase de chica le gustará a Axel?...
81000012,怩ｦ？　カギですか\n%3F雷門中のマークってことは\n%2F校内のカギですね！\fえっ　どこのカギかって？\nしりませんよ！\n%2F古株さんに%1F聞いてみたらどうです？,Me suena haber visto al entrenador\nHillman en alguna otra parte...\f¡Ya sé! ¡Es el cocinero del\nrestaurante de fideos chinos!
81000012,ｨ%1F開かないカギを　しらないかって？\nウチのヨメさんの　へそくりの\n%1F引き%1F出しなら%1F開かないがなあ。\f%2F古株さんなら　\n%1F何か%1F知っているんじゃないか？,La zona del gimnasio empieza aquí.
81000012,�%2F響木%2F監督は　%3F理事長の\n%1F古い%1F知りあいなのだな。\fこのあいだ　「おい　%3F総一郎！」\nなんて　%1F呼んでいたから\nびっくりしたぞ！,¡La barba del nuevo entrenador del\nequipo de fútbol es adorable!
81000012,�%3F理事長が　ナゾの%2F事故で\n%2F入院されたそうだ。\fお%2F見舞いに%1F行きたいが\n%2F面会しゃぜつなのだよ…\n%2F心配だなあ。,"Pelopincho, ¿eh?\nEs un buen apodo."
81000020,",この%1F先は　プールと%4F文化部棟だぞ。",Aquí delante están la piscina y\nel edificio de actividades culturales.
81000020,0%2F帝国と%2F再戦？\n%2F帝国ってなによ？,¿Que volvéis a jugar con\nla Royal Academy? ¿Y qué es eso?
81000020,0%2F帝国をやっつけた？\n%2F帝国ってなによ？,¿Que habéis derrotado a la Royal\nAcademy? ¿Y qué es eso?
81000020,<おっと　ストップ！\nプールは%1F今　%3F清掃中だぞ。,¡Quieto ahí!\nAhora están limpiando la piscina.
81000020,@ここは　テニスコートだよ。\fえっ　%1F見ればわかるって？,Ayer estuve un buen rato hablando\ncon mi novia por teléfono y mi\nmadre me echó la bronca.
81000020,@さあ！\nみんな　%1F次のテニスの%2F試合も\nがんばるわよ！,¿Quieres que te cuente\nalgo interesante?\fSe ve que el entrenador del\nOccult tiene doble personalidad.
81000020,D%4F響木監督って　シブイわよね…。\nあらヤダ　わたしったら！,Nosotros también iremos a por\ntodas en los partidos de tenis.
81000020,Dサッカー%1F部？\nうちの%2F学校にサッカー%1F部ってあったの？,¿El club de fútbol?...\n¿Desde cuándo hay un club\nde fútbol en este instituto?
81000020,Hきのう　%2F彼女と%3F長電話してたら\nママに　おこられちゃってね…。,Ayer también estuve hablando\ncon mi novia mucho rato y mi madre\nme volvió a echar la bronca.
81000020,Hきのうも　%2F彼女と%3F長電話して\nママに　おこられちゃったよ…。,¡Shhh! ¡Calla o me descubrirán!\nMe tocaba limpiar pero\nme he escabullido.
81000020,P%2F銅像のところに　フシギな\n%2F建物が　できている！\nなんだ　アレは！？,¡Han construido un extraño\nsótano bajo la estatua!\n¡¿Para qué diantres será?!...
81000020,Pだから　%3F試合中も%2F戦術が\nコロコロ%1F変わるんだって。\nホントかな？,"Je. Huele bien, ¿eh? He usado\nun champú con esencia de rosas.\nSi uno huele a sudor, no liga nada."
81000020,\%1F次の%4F練習試合で\nレギュラーがきまるの！\nとなりの%1F子に%1F負けないんだからっ！,En el próximo amistoso se elegirán\nlos miembros que jugarán los\npartidos. ¡Tengo que destacar!
81000020,\%3F焼却炉からのケムリがすごいの。\n%1F髪の%1F毛にニオイが　\nついちゃうじゃないっ！,"He empezado a maquillarme, pero\nmi madre se ha enfadado mucho.\nDice que es demasiado pronto."
81000020,\うふふっ　また%2F優勝しちゃった。\nもう　トロフィーを%1F置く%2F場所\nないのよねー。,¿Los del club de fútbol vais a jugar\nla semifinal? Nosotros también\njugaremos un partido muy pronto.
81000020,\さいきん　お%2F化粧にめざめたの。\nでもママに　１０%1F年はやいって\nおこられちゃった！,¿Los del club de fútbol vais a jugar\nla final? Nosotros también tenemos\nun partido importante muy pronto.
81000020,\やーっ！　はーっ！！\nふうっ　テニスって%1F楽しいわ。\f%2F練習は　キビしいけどね…。,El último partido contra\nel Occult estuvo muy bien.\n¡Suerte en la eliminatoria regional!
81000020,\サッカー%1F部　%1F次は%2F決勝なの？\nわたしたちも　もうすぐ　\nテニスの%2F試合なのよ。,"Je, je. He vuelto a ganar. Ya\nno tengo espacio suficiente\npara almacenar tantos trofeos..."
81000020,`サッカー%1F部　%1F次は%3F準決勝なの？\nわたしたちも　もうすぐ　\nテニスの%2F試合なのよ。,"Estás en las pistas de tenis.\fDelante tienes el edificio de\nlos estudiantes de tercero, aunque\nlos gamberros bloquean el acceso."
81000020,dう…%1F次の%4F練習試合で\nレギュラーがきまる…の！\nとなりの%1F子…に%1F負けないんだから…！,"¡Ah! ¡Arg!\nUff, qué divertido es\njugar al tenis."
81000020,dとっておきの%2F情報　%1F知りたい？\fなんと！　%4F尾刈斗中の%2F監督は\n２%3F重人格なんだって。,Dicen que durante un partido\nla estrategia cambia cada dos\npor tres. ¿Es eso cierto?
81000020,dもうすぐ　テニスの%2F試合の\nメンバーが%2F発表になるの。\nわたし　ぜったいレギュラーになるわ！,Pronto anunciarán qué miembros\njugarán los partidos de tenis.\n¡Seguro que me eligen!
81000020,hうふっ　いいニオイでしょ。\nバラの%1F香りのシャンプーなのよ。\n%1F汗くさいと　モテないもんねっ。,Sale muchísimo humo de la\nincineradora. ¡Hasta el pelo\nme va a oler a humo!
81000020,hこの%1F前の　%4F尾刈斗中との%2F試合\nカッコ%1F良かったわよ。\n%4F地区予選も　がんばりなさいね！,"El entrenador Hillman es muy\nserio... Uy, no debería decir\nestas cosas..."
81000020,撃ｱこは　テニスコートだよ。\fちなみに　%2F正面にあるのは\n３%2F年生の%2F校舎だけど　%1F今は\n%2F不良が%1F通せんぼしてるみたいだね…。,Estas son las pistas de tenis.\f¿Cómo?...\n¿Que ya lo habías deducido?...
81000020,撃ｱの%1F先は　プールと%4F文化部棟だぞ。\nその%1F奥には　%3F焼却炉があるのだが\f%1F使うと　こっちまでケムたくって\n%1F困っているのだ。,"A la derecha están la piscina y\nel edificio de actividades culturales.\nY al fondo está la incineradora.\fCuando la usan, el humo llega hasta\naquí y es muy molesto."
81000030,8%3F柔道部のキャプテン\n%2F元気になってよかったわ！,¡Asegúrate antes de jugar de\nque ninguno de tus jugadores\nesté cansado!
81000030,<なんだかキャプテン\n%1F急に　ごキゲンになったなぁ。,¡Mark! ¡La próxima vez\ncompetiremos en un ring!
81000030,D…おい　なんか\n%2F具合わるそうじゃねえか？\nムリするなよ。,"¡Vais a petarlo, Mark!\n¡Fundid a la Royal Academy!\fVaya, por mucho que lo intento,\nno consigo hablar con educación..."
81000030,Dあー　%2F今日もいい%2F天気。\nスポーツするには　サイコーよね！,Hace rato que el capitán del club\nde judo no deja de suspirar.\n¿Qué le pasará?...
81000030,Dえっ　%2F入部？\nオレ　サッカーより%2F野球%1F派なんだよね。,Ahora están arreglando las pistas\nde tenis. Espera un poco más.
81000030,H%2F円堂どん！\n%4F地区予選も　がんばるでごわすっ！\nどすこーいっ！,¿Es verdad que habéis pasado a la\nsegunda ronda del torneo nacional?\nNo está nada mal.
81000030,Hテニスコートは　%1F今%3F整備中なの。\nもうちょっと　%1F待ってね。,¿No crees que la peña\nde la ciudad se empieza\na parecer a mi antiguo yo?\fEspero que los colegas de detrás\ndel gimnasio sigan guay.
81000030,L%2F円堂どん！\n%1F次は　スモウで%2F勝負でごわすっ！\nどすこーいっ！,"¡Nelly me ha ordenado que\ndestruya el club de fútbol!\nNo es nada personal. Ja, ja."
81000030,T%3F柔道部のキャプテンどん！\n%2F元気を　%1F出すでごわすっ！\nどすこーいっ！,¡No me molestes mientras entreno!
81000030,T%4F全国大会の２%2F回戦に\n%1F進んだだって？\n…なかなか　ヤルじゃねぇかよ。,"¿Que me una a tu club? Lo siento,\na mí me va más el béisbol."
81000030,Tよお　あの%2F帝国を\nぶっつぶしたんだって？\nオレも　%1F負けちゃいられねえな！,Qué día más bueno...\nHace el tiempo perfecto\npara practicar deporte.
81000030,Tよお！　オレも%2F練習\nがんばってるぞ。\n%1F次は　%2F柔道で%2F勝負しようぜ！,"Se dice por ahí que han noqueado\nal presidente de la Junta.\fYo odio el insti, pero de todas\nformas, eso ha sido pasarse."
81000030,\%2F夏未さんの%2F命令で\nサッカー%1F部を　つぶしてやる！\nわるく%1F思うなよ　わははっ。,"Si sigues recto, encontrarás\nlas pistas de tenis.\fY si avanzas un poco más, verás\nla piscina y el edificio de\nactividades culturales."
81000030,\%3F柔道部のキャプテン　さっきから\nタメ%1F息ばっかり　ついてるの。\nどうしたのかしら。,"Arf, arf... Yo soy de las que\nsudan en el campo.\fCuando alguien suda durante\nun partido, es que va a aflojar\nel ritmo."
81000030,\%3F豪炎寺がいないんじゃ\n%1F負けは　%1F決まったも%2F同然だな。\nせいぜい　がんばれよ。,Las pistas de tenis están a\nla derecha.\fSigue recto por ese camino y\nverás la piscina y el edificio\nde actividades culturales.
81000030,\この%1F先は　テニスコートよ。\nさらにその%1F先には\nプールと%4F文化部棟があるのよ。,"Hoy el club de tenis tiene\npartido. Si queréis entrenar,\nbuscaos otro campo."
81000030,\スポーツの%2F王様は　%2F野球だ！\nサッカー%1F部なんかに\nでかい%1F顔は　させないぜ。,¿Qué les pasa a todos\ncon el club de fútbol?...\f¡Ganaron porque la Royal Academy\nse retiró antes de acabar!\n¡Nada más! Hum...
81000030,`%2F今日は　テニス%1F部の%2F試合なの。\n%2F練習するなら\n%1F別のグラウンドを%1F使ってね。,"Oye, chaval, no tienes buena cara.\nNo te esfuerces demasiado, ¿vale?"
81000030,`%2F円堂どん！　サッカー%1F部がつぶれたら\nスモウ%1F部に%1F入るでごわすっ！\nどすこーいっ！,"Si Axel no juega, está claro\ncomo el agua que vais a perder.\nHaced lo que podáis..."
81000030,l%1F町の%2F連中…　なんだか\n%1F昔のオレみたいに\nなってないか？\f…%4F体育館裏のヤツら%3F大丈夫かな。,"Buenas. Me han contado que\nhicisteis picadillo a la Royal.\n¡Yo tampoco pienso perder, chaval!"
81000030,l%3F理事長が　ぶったおれた\nらしいじゃねえか。\fオレ　%2F学校はキラいだけどよ\nやっぱ%2F心配だぜ…。,"¡Hola!\n¿Te acuerdas de mí?\fDespués de perder contra ti\ndetrás del gimnasio, le di\notra oportunidad al judo.\f¡La próxima vez ganaré!"
81000030,pがんばれ%2F円堂！\n%2F帝国なんて　ぶっつぶしちまえ！\f…やっぱ　%1F口のワルさは\nなかなか%1F直らねえなあ。,¡Me alegro de que el capitán del\nclub de judo esté más contento!
81000030,pテニスコートの\n%2F整備が%1F終わったわよ。\fテニスコートには\n%3F本校舎の１%1F階からも　%1F行けるからね。,Yo también estoy entrenando a\ntope. ¡La próxima vez podríamos\npelear en un combate de judo!
81000030,t%3F柔道部のキャプテンどん　\n%2F元気に　なったでごわすっ！\fさすが　%2F円堂どんでごわすっ！\nどすこーいっ！,¡El béisbol es el rey de los\ndeportes! ¡No permitiré que los del\nclub de fútbol vayáis de chulitos!
81000030,きゅう,"¡Mark, si destruimos el club de\nfútbol, te tendrás que apuntar\nal de sumo!"
81000030,撃ﾇいつも　こいつも\nサッカー%1F部　サッカー%1F部って…\fあいつらが　%1F勝ったのは\n%2F帝国が　%2F棄権したからじゃないか！\n…ふんっ！,Ya han terminado de arreglar\nlas pistas de tenis.\fTambién puedes llegar a ellas\ndesde la planta baja del\nedificio principal.
81000040,$この%1F先は　%3F野球場だよ。,Por aquí está el campo de béisbol.
81000040,<%1F疲れたら　%2F利用してみるのも\nいいかもしれないぜ？,"Sí, exacto.\nY ya de paso..."
81000040,<あ　そうそう。\n%1F知ってるだろうついでに　もう１つ！,Por aquí se va al campo de béisbol.
81000040,@%2F銅像のところの%2F建物　%1F見た？\nなんだろね　アレ。,¿Has visto el sótano que hay\nbajo la estatua? ¿Qué será?
81000040,D%1F今　スパイがどうとか\n%1F聞こえたんだけど…　なんの%1F話？,Acabo de escuchar algo sobre\nun espía... ¿De qué va eso?
81000040,D%3F駐車場のところのバス　%1F見た？\nまだなら%1F見てこいよ。,"¿Has visto el autobús que hay\nen el aparcamiento? ¿No?\nPues, ¿a qué esperas?"
81000040,H%4F帝国学園って　かなり%1F広いんだってさ。\n…%2F迷子になるなよ。,La Royal Academy es bastante\ngrande. Cuidado no te pierdas.
81000040,P%2F裏門のところにいるの\n%3F豪炎寺だよな？\nだれと%1F話しているんだろう。,"El que está en la puerta\ntrasera es Axel, ¿no?\n¿Con quién estará hablando?"
81000040,P%3F野生中は%1F森の%1F中にあるってホントか？\nテレビとか%1F映るのかなぁ。,¿Es verdad que el Instituto Wild\nestá en medio de la montaña?\n¿Y les llega la señal de la tele?
81000040,Pえっ　%2F帝国の%2F鬼道が　なんでここに！？\nえっ　%2F入部！？\nえーっ！,¿Eh? ¡¿Qué hace Jude de\nla Royal aquí?! ¿Eeeh?
81000040,X%1F知ってると%1F思うけど　%2F陸上グラウンドは\n%3F野球場の　すぐ%1F近くにあるよ。,"Creo que ya lo sabes, pero\nlas pistas de atletismo están\nal lado del campo de béisbol."
81000040,\わるいな。\n%2F夏未さんから　サッカー%1F部に\nかかわるなって　%1F言われてるんだ…。,Lo siento. Nelly nos ha dicho\nque no nos relacionemos con\nlos del club de fútbol.
81000040,\ん　%1F何か%2F心配ごとか？\n%2F心配したって　ハラが%1F減るだけだぞ\n%2F元気だせって！,"¿Te preocupa algo? Por mucho que\nte agobies, solo conseguirás\nque te entre hambre. ¡Anímate!"
81000040,`%3F商店街の%3F青果店の　\nまんまるなオバサン　%1F知ってる？\f……あれ　オレのおふくろ。,¿Conoces a la mujer rechoncha\nde la verdulería del barrio\ncomercial?\fPues esa es mi madre.
81000040,`おふくろ　またダイエット%1F中なんだ。\nおかげで　%2F今日もワカメばかりさ。\n…げっそり。,Mi madre vuelve a estar a dieta.\nY por eso solo comemos algas.\n¿Por qué me pasa esto a mí?...
81000040,`おふくろ　ダイエット%1F中なんだ。\nおかげで　%2F今日もコンニャク%2F料理さ。\n…げっそり。,Mi madre se ha puesto a dieta y\npor eso todos los días cenamos\nverduras...
81000040,`わたしもスポーツしようかなあ。\nママの%2F料理がおいしくって\n%1F食べすぎちゃうのよね…。,"Cuando te canses, intenta usarla."
81000040,hうう…　もうすぐ%3F運動会だな。\nぼくも　ニンジャみたいに　\nシュシュッ！　と%1F走れたらなあ…。,Pronto será el festival deportivo.\n¡Ojalá yo también supiera moverme \ncomo un ninja!...
81000040,pサッカー%2F部室に　%1F光ってる%1F床が\nあっただろう？\fあれは　%2F元気を%1F与えてくれる\nところなんだ！,"Mark, ¿hoy también entrenas solo?\nCreo que ya lo sabes, pero el\ncampo está por aquí a la derecha."
81000040,xぼそっ　%2F染岡のヤツ\nさいきん　キゲンが%1F悪いよな…。\fただでさえ　コワい%1F顔が\nさらに　コワくなってるよ…。,"Últimamente, Kevin está\nde mal humor.\fNormalmente ya da miedo, pero\nahora da aún más."
81000040,|%2F円堂　%2F今日も%2F１人で%2F練習か？\n%1F知ってるだろうけど　グラウンドなら　\nここを　%1F右に%1F行ったところだぜ。,Ugh... Tenéis que... ganar...
81000040,|あれ？\nこの%1F先は%3F野球場だよ。\fグラウンドに%1F行きたいなら\nサッカー%2F部室の%1F東の%2F通路を\nぬけていきなよ。,"¿Mm? Por aquí está\nel campo de béisbol.\fSi quieres ir al campo de fútbol,\nsigue el camino de delante de la\ncaseta de tu club hacia el este."
81000040,|え　%2F部員をさがしてるって？\fそれなら　%2F陸上グラウンドに　\nしっぷうのような\n%1F走りをするヤツが　いるってさ。,¿Eh? ¿Estás reclutando jugadores?\fPues en las pistas de atletismo\nencontrarás a chicos más veloces\nque el viento.
81000040,рﾂいに　%2F試合の%1F日だな。\n…%2F夏未さんには　サッカー%1F部に\nかかわるなって%1F言われたけど…\fオレ　%2F応援してるからな！,"Por fin ha llegado el día del\npartido. Nelly dijo que no nos\nrelacionásemos con tu club, pero...\f¡que sepas que estoy con vosotros!"
81000040,りょうり,"Mark, ¿hoy también entrenas solo?\nCreo que ya lo sabes, pero el\ncampo está por aquí a la derecha.\fAunque... ¿el club de fútbol tiene\npermiso para usar el campo?"
81000040,ｴちなみに　そういう%2F説明は\n【Ｘボタン】を%1F押して【システム】を　\nえらぶと　%1F見ることができるぜ！\fわからないことがあったら\n%2F確認してみるんだな。\nまあ　がんばれよ！,"En la caseta del club hay una\nluz azul que brilla, ¿verdad?\f¡Eso es lo que te dará energía!"
81000040,�%3F柔道部の　キャプテンが\nなんか　%2F部員のことで\nなやんでるみたいだぜ。\fおまえ　%1F同じキャプテンとして\nなやみを%1F聞いてやれよ。,"El capitán del club de judo\nestá preocupado por los miembros\ndel club.\fYa que tú también eres capitán,\n¿por qué no hablas con él?"
81000050,0ごほっ　ごほっ\nまったく　ケムたいわねぇ！,Estoy vigilando porque dicen\nque hay alguien espiando en\nlos vestuarios de la piscina.\fQué envidi... Digo... Qué\npoca vergüenza...
81000050,4うーん…　\nニワトリさん　%2F元気ないわね。,"Cof, cof... ¡Cuánto humo!"
81000050,8ふー。\n%3F校務員の%2F仕事も　ラクじゃないわい。,"Buf, ser bedel no es un trabajo\nfácil."
81000050,8ヘンな%1F子。　\nなんでネコに　あやまってるの？,Ese gato de ahí está acechando\na las gallinas. Está claro como\nel agua.
81000050,<%2F不良を　やっつけちゃったんですか？\nスゴイなー。,"Hacia abajo está el gimnasio.\nSuele estar rodeado de gamberros,\nasí que ten cuidado."
81000050,Dああ…　またやっちゃった。\n%4F図書委員から%1F怒られちゃうよ。,No... Maldita sea...\nLa bibliotecaria se va\na enfadar y mucho.
81000050,Hむこうにいるネコ\nニワトリを　ねらっているのよ！\nきっと　そうよ！,Ese edificio que ves abajo es el\nde las actividades culturales.\fEn la planta baja están el club de\nmanga y el de ajedrez. En el\nprimer piso está el de periodismo.\f¿Lo has memorizado todo?
81000050,Lニワトリとタマゴ\nどっちが　%1F先なのかしら？\n%2F永遠のナゾよね…。,Qué chica más rara. ¿Por qué\nle está pidiendo perdón a un gato?
81000050,Pふぅ　%2F漫研%2F部員のヤツら\nしめ%1F切り%1F前で　ピリピリしてるよ…。,Los del club de manga siempre\nestán con los nervios de punta\njusto antes de las entregas.
81000050,Tこの%1F先は　%3F体育館です。\n%2F不良が　おおいから\n%1F気をつけてくださいね！,Los del club de manga tienen \nmontañas de cómics.\fPero no me quieren prestar ni uno.\n¡Qué ratas!
81000050,Tなんだなんだ！\n%2F銅像のところに　なんか　\nヘンな%2F建物が　できてるぞ！？,¿Has ganado a los gamberros?\nImpresionante...
81000050,Xママが　ネコを%1F飼っていいって！\nミキちゃんと　いっしょに\n%1F暮らせるんだわ！,¡Mi madre ha dicho que podemos\ntener un gato! ¡Por fin podré\nvivir con Mika!
81000050,\うちの%1F家　ネコ%1F飼えないの。\nミキちゃんと　いっしょに\n%1F暮らしたいのになー。,"No podemos tener un gato en casa.\nMe gustaría vivir con Mika,\npero es imposible."
81000050,\なんだ　なんだ！？\n%1F今　%3F漫研部のヤツが\n%3F焼却炉の%1F方に　%1F走っていったぞ？,¿Qué pasa? El chico del club\nde manga ha pasado corriendo.\nHa ido hacia la incineradora.
81000050,`%2F不良たち　キミのことを\nこわがってるみたいだね。\n…%1F人は%1F見かけによらないなあ。,¡¿Cómo?! ¡¿Han construido unas\ninstalaciones bajo la estatua?!
81000050,x%3F漫研部が%1F何か\nあたらしいマンガを\n%1F描き%1F始めるってさ。\fできたら　%1F見せてもらおーっと。\nわくわくっ,"Los del club de manga van a empezar\na dibujar un manga nuevo.\fCuando acaben, me lo enseñarán.\n¡Qué emoción! "
81000050,|%2F漫研%2F部員のやつら\nあんなに　いーっぱい\nマンガをもってるのに\f１%1F冊も　かしてくれないんだ！\nケチだよなぁ。,M...ark... Mark...
81000050,うふふ　お%1F魚おいしい？,"Ji, ji. ¿Está bueno el pescado?"
81000050,ミキちゃん　ごめんねっ！,"¡Lo siento mucho, Mika!"
81000050,怩ﾈにか　%1F燃えのこってないかなって\n%1F探してたんだけどさ。\f%1F見つかったのは　ケシ%1F炭だけさ…\nおかげで　%1F手が%1F真っ%1F黒だよ。\nとほほ…。,Estaba comprobando si quedaba\nalgo sin quemar.\fPero solo he encontrado carbón...\nY encima se me han quedado las\nmanos negras... Snif...
81000050,買vールの%3F更衣室を\nのぞくヤツが　いるらしくて\nここで　%2F見張っているんだ。\fまったく　うらやま…\nじゃなかった　\nとんでもないヤツだぜ！,Parece que los gamberros\nte tienen miedo. A veces\nlas apariencias engañan.
81000050,､イナズマイレブンってぇのは\n４０%2F年前に%2F雷門%2F中学にあった\n%2F伝説のサッカーチームのことさ。\fそれはそれは　%1F強くてなあ\nワシも　あこがれたもんだ。,El Inazuma Eleven era el equipo de\nfútbol legendario que jugaba en\nel Instituto Raimon hace 40 años.\fEran buenísimos. Yo los admiraba\nmucho.
81000050,ﾈあのネコ　ミキちゃんっていうんだ。\fまえは　%2F彼女と%2F２人で\nいっしょに　お%1F昼ごはん%1F食べてるの\nよく　%1F見かけたけど\fケンカしちゃってた　みたいでさ。\n%1F仲なおりできて　よかったね。,Esa gata se llama Mika.\fAntes siempre la veía comiendo\njunto a esa chica.\fPero hace poco se pelearon. Aunque\nparece que ya han hecho las paces.\nMe alegro.
81000060,$あははっ\nぼくも　いたーいっ！,"Ay, ay, ay.\nA mí también me duele."
81000060,",%2F銅像の%1F中って　どうなってたんだ？",¿Qué está ocurriendo bajo\nla estatua?
81000060,",この%1F先は\n%1F行かせないんだなっ。",Por aquí se va al gimnasio.\nEl club de baloncesto se está\nentrenando.
81000060,0あ　ど　どうもっ\nこんにちはっ　へへへ…。,"Ah, hola... Buenos días, je, je."
81000060,4あ　%2F円堂さん！\nおっ　おつかれさまです！,"Hola, Mark.\n¡Buen trabajo!"
81000060,4あははっ　まったく\nオッチョコチョイさんめー。,"Ja, ja, ja.\nQué patosa."
81000060,4アーん？\nなんか　モンクあんのか？\nアーん？,¿Mm? ¿Tienes algún problema?
81000060,8%3F体育館%1F裏のみんな　\nちょっとヘンなんだなっ。,Aquí empieza nuestro territorio.\nVe con cuidado.
81000060,8ずっと%2F見張りしてるのも\nたいくつなんだなっ。,Los que acuden a la parte trasera\ndel gimnasio son un poco raros.
81000060,Hこの%1F先は　%3F体育館よ。\nバスケ%1F部たちが　%2F練習してるのよ。,"Esto es el gimnasio. El club\nde baloncesto está jugando\nun partido, así que no entres."
81000060,Pこの%1F先は　\nオレたちの　アジトなんだな。\n%1F気をつけていくんだなっ。,No te dejaré seguir adelante.
81000060,Pこの%1F先は　オレたちの\nアジトだ！\nケガしたくなきゃ　あっちへ%1F行きな！,"¡A partir de aquí es nuestra\nguarida! Si no quieres que te\nhagamos daño, date media vuelta."
81000060,Tここは　%3F体育館よ。\nバスケ%1F部が　%2F試合をしてるから\n%1F入っちゃだめよ！,La parte trasera del gimnasio es\nel escondrijo de los gamberros.\fOjalá tuviese valor para llamarles\nla atención...
81000060,Tなんだ　%3F警察官が%1F入って%1F行ったぞ！？\nオレたち　%1F何もしてないよー！,¡¿Ha venido la policía?!\n¡Nosotros no hemos hecho nada!
81000060,|%3F体育館の%1F裏は　%2F不良たちの\nたまり%1F場になっているのだ…。\fああっ　わたしに\n%2F注意をする%2F勇気があれば…！,Los gamberros del insti se reúnen\ndetrás del gimnasio.\fOjalá tuviera valor para llamarles\nla atención...
81000060,рｦ　%3F理科室はどこかって？\nおいおい　しっかりしてくれよ。\f%2F正門から　%1F左に%1F見える\n%2F校舎の１%1F階に　あるだろうが。,"¿Cómo? ¿Que dónde está el aula de\nciencias? Qué memoria más mala\ntienes...\fDesde la puerta principal, verás\nun edificio a la izquierda. El aula\nde ciencias está en la planta baja."
81000060,あーん　おなかいたーいっ！,Ay... Me duele la barriga.
81000060,きゃっ　つめたーい。,"Uah, qué fría..."
81000060,垂ｿょっと！\nぼーっと　%1F見てないで\nてつだってよ。\fそこに%1F見える　%1F青い%2F屋根の\n%4F体育倉庫に　%2F荷物を\n%1F運んでいるんだっ。,¡Oye! ¡No te quedes ahí en medio!\fTengo que llevar trastos al almacén\ndel gimnasio que tiene el techo de\ncolor azul.
81000060,�%3F体育館の%1F裏にいる%2F不良たち\nだいぶん%1F少なくなったなぁ。\fきっと　わたしの%2F熱意が\n%1F伝わったんだな。\nはははっ。,"Cada vez hay menos gamberros\ndetrás del gimnasio.\fSeguro que mi discurso lleno\nde entusiasmo los ha convencido.\nJa, ja, ja."
81000070,$なんだ　なんだ！\nケンカか！？,"Cuando me ingresaron, me di\ncuenta de lo importante que\nes la salud."
81000070,",ああ…　\nアタマが　われそうじゃ…。","¡Poneos en fila, por favor!\n¡No empujéis!"
81000070,0あーん　おにーちゃん\nあたまいたーいっ。,"Ponte bueno pronto, abuelo."
81000070,0きゃんきゃんっ！\n（たすけてくれーっ！）,Aah... La cabeza me va a estallar.
81000070,0ならんでくださーいっ！\n%1F押さないでー！,"Anda, ¿estudias en el Raimon? Hay\nun chico del mismo instituto que\nviene por aquí a menudo.\fSe ve que su hermana pequeña está\ningresada aquí y la visita todos\nlos días."
81000070,0まったく　いったい\nなんのさわぎなの！？,¡¿Qué es todo este alboroto?!
81000070,@ここは%2F病院よ。　\nだれかの　お%1F見まいにきたのかしら？,Este es el hospital.\n¿Has venido a visitar a alguien?
81000070,@ぴーぽー　ぴーぽー\nきゅうきゅうしゃって\nかっこいいよね！,Aah... Quiero comer filete\nempanado... La comida del\nhospital no sabe a nada.
81000070,Dわたしは…%2F医者であ〜る…。\nこれしきのことっ…　ウウ…。,Me duele la cabeza...
81000070,Dマゴのためにも　%2F病気なんぞに\n%1F負けていられませんわい！,¡Lucharé contra esta enfermedad!\n¡Lo haré por mi nieta!
81000070,H%2F入院してみて\nはじめて%2F健康の \nありがたみが　わかるよね。,Ayyy... Me duele la cabeza.
81000070,Tああ　カツ%1F丼たべたいなぁ…。\n%2F病院のゴハンって\nうす%1F味なんだよね。,¡No molestes! ¡Fuera!
81000070,`みんな　いっせいに\n%1F体の%2F調子がおかしくなるなんて…\nいったい　どうしたのかしら…。,Es muy extraño que todos se hayan\nempezado a sentir mal a la vez.\n¿Qué habrá pasado?...
81000070,lわたしは%2F医者であ〜る。\n%2F元気になった%2F患者の%2F笑顔をみるのが\nわたしの%1F生きがいであ〜る！,¡¿Qué pasa?! ¿Una pelea?
81000070,うわーん　ママー！,Soy doctor. Ver la sonrisa de\nlos pacientes recuperados es lo\nque me da fuerzas para vivir.
81000080,0この%1F先を%1F抜けると\nテニスコートだよ。,"Hola, Mark.\n¿Quieres que te explique cómo está\ndividido el edificio principal?"
81000080,8%2F今日は　お%1F休みしてる%2F生徒が\n%1F多いなあ。,Hoy han faltado muchos alumnos.
81000080,8%4F帝国学園と　%2F試合なんだって？\nがんばれよ。,¿Vais a jugar contra\nla Royal Academy? Mucha suerte.
81000080,@ついに　この%1F日がきたな。\nがんばれよ　おまえたち！！,"Al fin ha llegado el día.\n¡A por todas, chicos!"
81000080,@また　わからなくなったら\nいつでも%1F聞いてくれたまえ。,"Si no estás seguro de algo, \npuedes venir a preguntarme\nsiempre que quieras."
81000080,@２%1F階に%1F上がると　\nキミたち【２%2F年生の%2F教室】で,"En el segundo piso están el despacho\ndel director, la sala de la radio y\nel despacho de la señorita Nelly."
81000080,D%4F冬海先生がスパイ？\nははっ　ＴＶの%1F見すぎじゃないのかね？,"¿El profesor Wintersea, un espía?\nCreo que ves demasiada televisión."
81000080,H４%1F階は【%2F屋上】になっていて\n%3F応援団が%2F練習をしているぞ。,En el tercer piso está la azotea.\nEs donde practican los del club\nde animadores.
81000080,Lやあ　%2F円堂くん。\nこの%3F本校舎について\n%2F説明してほしいかね？,"En la planta baja están la sala\nde profesores, la biblioteca y\nla tienda."
81000080,Pこの%1F先は　テニスコートだよ。\n%1F今は　%3F整備中だから%1F通れないよ。,"Si sigues por aquí, llegarás\na las pistas de tenis."
81000080,Pまず　１%1F階には\n【%3F職員室】と【%3F図書室】\n【%2F売店】があるのだ。,"Si subes a la primera planta,\nverás las clases de los alumnos\nde segundo curso."
81000080,\どうだ　%1F役にたったかね？\nまた　わからなくなったら\nいつでも%1F聞いてくれたまえ。,"¿Te ha resultado útil?\nSi te olvidas de algo, ven\na preguntarme otra vez."
81000080,`%2F先生が　いいことを\n%1F教えてやろう！\fサッカーバトルで\n%1F気に%1F入ったキャラがいたら,"El presidente de la Junta, Sonny\nRaimon, también dirige la\nFederación de fútbol de institutos.\fSiempre está muy ocupado,\ny por eso no se le ve mucho\npor el instituto."
81000080,`%4F冬海先生のことといい\n%2F今回の%3F理事長といい…\nさいきん　いろんなことがおきるなあ。,"Entre lo del profesor Wintersea y\nel accidente del presidente de la\nJunta, no ganamos para disgustos."
81000080,`ガラスをわったこと\n%2F先生　%1F怒らなかったんだ。\nやっぱ　ウソ%1F泣きがきいたのかなぁ。,Al final el profe no me ha regañado\npor lo de la ventana. Mis lágrimas\nde cocodrilo han funcionado.
81000080,d%3F稲妻町の%2F鉄塔は\n%2F先生がこどものころからあるんだよ。\nまさに　この%1F町のシンボルだね。,"Hoy el club de tenis tiene\npartido. Si quieres entrenar,\nbusca otro sitio."
81000080,d%3F稲妻町の%2F鉄塔は\n%2F先生がコドモのころからあるんだよ。\nまさに　この%1F町のシンボルだね。,"La torre de Inazuma está ahí\ndesde que yo era pequeño, y ahora\nes el símbolo de la ciudad."
81000080,h%2F今日は　テニス%1F部の%2F試合なんだ。\n%2F練習するなら\n%1F別のグラウンドを%1F使ってくれよな。,Por aquí se llega a las pistas\nde tenis. Ahora las están\narreglando y no se puede pasar.
81000080,lもうすぐ　%2F授業さんかんだよな。\nおふくろを　みんなに%1F見られる\nなんて…。\fああっ　ハズカしいっ。,"La camiseta que me ha comprado\nmi madre es cutrísima.\f¡Si me la pusiese, me moriría\nde la vergüenza!"
81000080,lサッカー%1F部に　あんな%2F施設を%1F作るとは\n%2F夏未さまの　%1F考えてらっしゃることは\nよくわからん。,No entiendo en qué estaba pensando\nNelly cuando decidió construir\nesas instalaciones. 
81000080,xおふくろが　%1F買ってきた　\nＴシャツが　あまりに\nカッコ%1F悪くてさ！\fあんなの　はずかしくって\n%1F着れないよ！,Mi madre me estropeó la camiseta\nal lavarla.\fDice que me comprará una nueva.\n¡Qué emoción!
81000080,рｨ%1F気に%1F入りのＴシャツを\nおふくろが　せんたく\n%2F失敗しちゃってさ。\f%1F新しいの　%1F買ってくれるって。\nわくわくっ。,Mi madre se equivocó al poner\nla lavadora y mi camiseta ha\nquedado hecha un andrajo.\f¡Con lo que me gustaba!...
81000080,へー　ふーん　ほー。,"Por cierto, ¿hoy se hace algo?"
81000080,激Xカウトの「%2F名前でけんさく」で\nさがしてみるといいぞ！\fもしかしたら\n%2F仲間になってくれるかもな。\nどうだ　いい%1F話だったろ？,Te explicaré algo\nmuy interesante.\fSi durante una pachanga ves\na un personaje que te interesa...
81000080,ｨホウキをふり%1F回して%1F遊んでたら\n%1F窓ガラスをわっちゃった。\fあやまりに%1F行こうと%1F思うんだけど\nなかなか%2F勇気がでなくてさ…\nああ…　ユーウツだなぁ……。,"Estaba jugando con la escoba y\nsin querer he roto una ventana.\fHe pensado en ir a disculparme,\npero la verdad es que no me atrevo.\nAah, qué desgraciado soy."
81000080,ｴこんばんも　%2F校長につきあって\n%3F居酒屋「%3F金閣寺」かぁ。\n%2F今日こそサリーさんに　デートを…\f……って。　こ　コラっ\nオトナの%1F話を　ぬすみ%1F聞き\nするんじゃないっ。,Esta noche me toca acompañar al\ndirector a El templo de oro.\nHoy le pediré una cita a Sam.\fUy... ¿He dicho eso en voz alta?
81000080,�おふくろが　せんたく\n%2F失敗しちゃって\nＴシャツが　ヨレヨレになっちゃった。\fお%1F気に%1F入りだったのにっ　くそーっ！,Eh... Hum... Oh...
81000090,8うーん　そろそろ\nまえ%1F髪　%1F切ろっかなぁ…。,Jude es muy inteligente...\n¡No dejaré que me supere!
81000090,<ほかの%2F学校で　%2F試合するのね。\nしずかでいいわ。,"Hay tanto follón a mi alrededor,\nque al final he desistido y\nhe dejado de estudiar."
81000090,<テスト%2F勉強してるんだから\nジャマ　しないでよね。,¡Ya vale!\nNo me molestes mientras estudio.
81000090,@ボクは　%2F夏未さまファンクラブ\n%2F会員ナンバー００１！,¡Me corté yo misma el flequillo\ny ha quedado demasiado corto!\n¡Qué horror!
81000090,D%2F鬼道くんって　アタマいいのよね…\n%1F負けられないわっ！,"Os vais a jugar a otro\ninstituto, ¿no? Por fin\nun poco de tranquilidad..."
81000090,Dやーん　みないでよ\n%2F今日　ヘアスタイル\nキマってないの！,"Quizás debería cambiar de peinado.\nMe gustaría parecer más adulta,\ncomo Sam, la de El templo de oro."
81000090,Lブキミなヤツに　%1F声をかけるなんて\nキミも　いい%2F根性してるよね。,¡Yo soy el socio número 1\ndel club de fans de Nelly!
81000090,T%2F夏未さまの%1F顔に\n%1F泥をぬるような%2F試合は\nこのボクが　ゆるさないぞ！,Al fondo de la clase de\nla izquierda hay un chico raro.\nNo sabía que él estaba en segundo.
81000090,X%2F夏未さまの%1F敵は　ぼくの%1F敵！\nかならず　サッカー%1F部を\nつぶしてやるぞ！,¡Yo soy el socio número 1\ndel club de fans de Nelly!\f¿Que me una a tu equipo? ¿Por qué\nno te apuntas tú al club de fans?
81000090,X%2F自分で　%1F切ったら\nまえ%1F髪　みじかくなりすぎちゃった！\nうう…　ショック！,"Je, je. ¿A que llevo un peinado\nideal? Cada mañana tardo una hora\nen arreglarme el pelo."
81000090,X%2F鬼道くんのヘアスタイルって\n%1F変わってるわよね。\nなんていうのかしら　アレ。,Mmm... Tendría que cortarme\nel flequillo.
81000090,\うふっ　わたしのヘアスタイル\nステキでしょ。\n%2F毎朝　１%2F時間かけてセットしてるの！,Los del Instituto Otaku sacaron\nmejor nota que yo en el ranking\nnacional. ¡Tengo que estudiar más!
81000090,d%1F左はしの%2F教室の%1F奥に　\nブキミなヤツがいるんだ。\nあんなヤツ　２%1F年にいたかなぁ…。,¡No me mires! ¡Hoy no\nhe podido arreglarme el pelo!
81000090,tこのまえの　%2F全国テストで\n%4F秋葉名戸の%2F生徒に　%1F負けちゃったの。\nもっともっと　%2F勉強しなきゃっ！,"Estoy estudiando para los\nexámenes. No me interrumpas,\npor favor."
81000090,tヘアスタイル　%1F変えよっかなー。\n%3F居酒屋「%3F金閣寺」のサリーさんみたく　\nオトナっぽく　したいのよねー。,Estudiar... Déjame... en paz...
81000090,x%3F理事長のムスメで　わが%1F校のマドンナ\n%2F夏未さまをたたえる%1F会の　%2F会長だ！\nキミも　%2F入会しないかい？,El peinado que lleva Jude es\nmuy curioso. ¿Cómo se le llama\na ese estilo?
81000090,xぼくは　%2F夏未さまファンクラブ\n%2F会員ナンバー００１！\f…え　%2F入部？\nそれより　ファンクラブに%1F入らない？,Y también soy el presidente\ndel club. ¡Nelly es la musa de\neste instituto! ¿Te apuntas?
81000090,�%2F夏未さまが　サッカー%1F部に\nグラウンドの%2F使用を\nＯＫしたらしいな。\fなんという　おココロの%1F広さ…\nおまえたち\n%2F夏未さまに　カンシャしろよ！,"¡Como manchéis el nombre de Nelly\nen algún partido, lo pagaréis caro!"
81000090,�%2F帝国との%2F試合のあと\n%2F夏未さまが　むずかしいカオで\n%1F何か%1F考えていらっしゃるようだ。\fああっ　そんな%2F夏未さまも\nまたうるわしい…っ！,Eres muy valiente...\nMira que atreverte a hablar\ncon ese tío raro...
81000100,",へー　サッカー%1F部って\nスゴイんだ！",Eeeh... ¡El club de fútbol\nes increíble!
81000100,0%2F放送なんて\nしてる%2F場合じゃないわっ！,¡No es momento de\nestar retransmitiendo!
81000100,8そろそろ　\n%2F下校のアナウンスをしなくっちゃ。,En breve tendré que anunciar que\nse acaban las clases.
81000100,<%2F夏未さまは%3F大丈夫でしょうか…。\n%2F心配です…。,Espero que la señorita Nelly esté\nbien. Estoy un poco preocupada.
81000100,D%1F聞こえちゃったんだけどさ\n%2F冬海がスパイだって\nホント？,¿Es cierto eso que dicen de que\nWintersea era un espía?
81000100,D%3F理事長がお%1F待ちです。\n%1F早く　%3F校長室にいきなさい。,El presidente de la Junta te\nestá esperando. Ve cuanto antes\nal despacho del director.
81000100,Dここは%3F放送室よ。\n%3F部外者は　%1F立ち%1F入り%2F禁止です。,Esta es la sala de la radio.\nEl personal ajeno no puede entrar.
81000100,Dちょっと%1F目をはなしたスキに…\n%1F申しわけありませんっ…！,Solo me despisté un segundo...\nLo siento mucho.
81000100,H%3F理事長が%2F入院しちゃって\n%2F校長は%1F大いそがしみたいだね。,"Como el presidente de la Junta\nestá ingresado, el director está\nmuy ocupado."
81000100,Hここは%3F校長室だよ。\nキミも　お%2F説教を%1F受けにきたのかい？,Aquí está el despacho del director.\n¿También has venido para que\nte eche la bronca?
81000100,Hなんと！　ニセ%2F警官だったとは\n%1F気がつかなかったであります！,¡Ostras! ¡No me había dado cuenta\nde que no era un policía de\nverdad!
81000100,P%2F校長は　%2F試合を%1F見ないって。\nよっぽど　%1F呪いがこわいのかねぇ。,El director no verá el partido.\nLe da miedo que le echen un mal\nde ojo.
81000100,Pここは　%2F夏未さまのお%2F部屋です。\nかってに%1F入ると　%1F怒られますよ。,"Este es el despacho de la señorita\nNelly. Si entras sin su permiso,\nse enfadará."
81000100,T%2F円堂さん\n%1F次の%2F試合　わたしもカゲながら\n%2F応援させていただきますね。,"Mark, yo también os animaré\nen secreto en el próximo partido."
81000100,T%2F夏未さまが%1F恋？\n…まったく　くだらないウワサ　\nひろめないでください！,"¿La señorita Nelly enamorada?...\nNo difundas rumores tan absurdos,\npor favor."
81000100,`%2F今回の%2F試合は　%3F野生中でやるのか。\nああ　%2F試合のアナウンス\nやりたかったなぁ。,"¿El próximo partido se juega en\nel Instituto Wild? Lástima,\nme habría gustado retransmitirlo..."
81000100,`%4F尾刈斗中と%1F戦わないと\n%1F呪われるなんて\n%2F冬海のヤツ　ホントに%1F信じてるのか？,"¿Es cierto que Wintersea cree que,\nsi no jugáis contra el Occult,\nos echarán un mal de ojo?"
81000100,d%2F夏未さまは　\nだいぶん%2F元気になられたようです。\n%2F円堂さん　ありがとうございました。,"La señorita Nelly está muy alegre.\nMuchas gracias, Mark."
81000100,l%2F夏未さまは　\nもう%2F試合に%1F出かけられましたよ。\fあなたがたも　\nのんびりしてて　いいのですか？,La señorita Nelly ya ha salido\nhacia el instituto del partido.\f¿No deberíais daros prisa\nvosotros también?
81000100,lサッカー%1F部なんかのために\nあんな%2F施設を　つくるなんて…。\n%2F夏未さまに　かんしゃしなさいよ。,Han renovado las instalaciones\nsolo para el club de fútbol...\nEspero que estéis agradecidos.
81000100,t%2F夏未さまも\n%2F試合を　ごらんになるそうです。\fサッカー%1F部をキラっているのでは\nなかったのでしょうか…。,La señorita Nelly también\nasistirá al partido.\fPuede que en el fondo no\nodie al equipo de fútbol.
81000100,こんかい,Parece que ha habido jaleo.
81000100,しあい,Algún día me gustaría retransmitir\nuno de vuestros partidos.
81000100,のせちゅう,"Probando, probando. Un, dos...\nProbando los micros."
81000100,ひゃー\nこりゃ　ひどいな！,Uah... ¡Qué cruel!
81000100,ｨ%2F夏未さまが　サッカー%1F部の\nマネージャーだなんて\nいまだに%1F信じられません…。\fまさか　%2F夏未さまに\n%2F部室のそうじなんて　\nさせていませんでしょうね！,"Todavía no me creo que la\nseñorita Nelly sea gerente\ndel club de fútbol.\fNo la estaréis obligando a\nlimpiar la caseta del club, ¿no?"
81000100,ｨ%3F理事長の　%2F雷門　%3F総一郎さまが\nお%1F戻りになられたので\n%2F夏未さまは　とてもごキゲンです。\fやはり　お%1F父さまに%1F会えるのが\nうれしいのでしょうね。,"Como el presidente de la Junta\nescolar ha regresado, la señorita\nNelly está de buen humor.\fSeguro que está contenta de\nvolver a ver a su padre por aquí."
81000100,�ピンポンパンポ〜ンッ\f%2F下校の%2F時間になりました。\n%2F教室に　のこっているみなさんは\nすみやかに　%2F下校してください。,Diing doong daang doong.\fEl instituto va a cerrar por hoy.\nRogamos a los estudiantes que se\nmarchen a casa lo antes posible.
81000110,0………………………\n……はー　つかれた…。,"¡Arriba, Raimon!"
81000110,0あー　%1F暑ぃ。\nアイス%1F食いてぇなー。,"Ah, qué calor...\nMe apetece un helado..."
81000110,8%2F応援のしすぎで\n%1F声が　かれてきちゃったよ…。,¿Vosotros también queréis que os\nanimemos?\f¡A por un home run! ¡Ra-i-mon!\f¿Eh? ¿No sois del club de béisbol?
81000110,@【ど】こにだって\nボクたちが　すぐに\nかけつけちゃうよ！,Ah... Estoy agotado.
81000110,Dかがやく%1F瞳！　ほとばしる%1F汗！\nああっ　%2F青春だなあっ！,"¡Somos el club de animadores del\nRaimon! ¡Allí donde haya un\npartido, allí estaremos nosotros!"
81000110,Dふー　ふー\n%2F１人じゃ　こんなにたくさん\n%2F演奏できないよ。,¡No os oigo! ¡Más fuerte!
81000110,P【ロ】マンあふれる\nこの%2F学校で　がんばるみんなを\n%2F応援するためなら！,He gritado tanto que\ntengo la garganta seca.
81000110,X【こ】んにちは。\nボクたち　%2F雷門%3F応援団！\n%1F今は　%2F応援の%3F練習中さ！,"Buf, yo solo no puedo\ntocar todo esto."
81000110,tキミたちも　\n%2F応援してあげようか？\fかっとばせー！　\nら・い・も・ん！！\f…え？\n%3F野球部じゃないって？,"¡Ojos resplandecientes! ¡Sudor\nabundante! Ah, la juventud..."
81000120,0あら　おねーさんに\nなにか　%1F用かしら？,"Hola, ¿quieres algo?"
81000120,4ねえキミ　%1F絵のモデルに\nなってくれない？,"Oye, ¿te gustaría posar\npara un cuadro?"
81000120,8うーん　イマイチッ！\nうまく%1F描けないなぁ…。,¡Grr! Parece que vaya a salir\nun fantasma del retrato\ndel aula de música.
81000120,<よしっ　イイかんじ！\n%1F次の%3F展覧会は　いただきね！,Uhm... No me convence.\nNo sé por qué no me sale bien...
81000120,Dあーん？　\nここは【３%2F年生の%2F教室】が\nある%2F校舎だぜ。,¿Mm? Las clases de los alumnos\nde tercer curso están en este\nedificio.
81000120,Dもうすぐ　ピアノのコンクールなの。\nはあ　ドキドキするわっ。,¡Confía en ti!\n¡Seguro que lo logras!
81000120,Lぶるぶるっ！\nこの　%3F音楽室の%3F肖像画\n%1F化けてでそうだよねぇ…。,"Queda poco para el concurso de\npiano. Ah, qué nervios..."
81000120,l１%1F階には【%3F美術室】と【%3F音楽室】も\nあるんだが　%1F用がないなら\n%3F下級生は%1F出ていきなっ。,En la planta baja están el aula de\narte y el aula de música. No tenéis\nnada que hacer aquí. Marchaos.
81000130,0いいなぁ　オレも\nサッカーやりたいよ…。,"Qué envidia, yo también\nquiero jugar al fútbol."
81000130,0お%1F花があると　\nココロがなごむでしょ？,¡Tengo que aprobar los exámenes\ndel instituto de bachillerato\nque tanto me gusta!
81000130,8はあ　%2F毎日テストばっかりで\nうんざりだよ…。,Estoy harto de hacer exámenes\ntodos los días. Aaaah...
81000130,@ゼッタイ　あこがれの%2F高校に　\n%2F合格してみせるわっ！, ¡Tengo que aprobar los exámenes\npara el instituto de bachillerato\nque tanto me gusta!
81000130,D３%2F年生は　%2F勉強でいそがしいんだから\nジャマしないように！,Los estudiantes de tercero\nestán ocupados estudiando.\nNo los molestéis.
81000130,Pかのじょ　イイ%1F子だよなぁ…。\n%2F卒業までに　ゼッタイ%2F告白するんだ！,Las flores sosiegan el corazón\nde las personas.
81000130,怩ｱの%1F間　じゅくのテストで\n『せみまる』くんに%1F負けちゃった！\fかれって　まだ１%2F年生なのに\nすっごく%1F頭がいいのよね…。\nうー　くやしいっ！！,"¡En los últimos exámenes de la\nacademia, Sol Stiss sacó mejores\nnotas que yo!\fAún va a primero, pero es muy\ninteligente. Arg, ¡qué rabia!"
81000140,0うおおーっ！\n%1F答えが　わからんっ！！,¡Arg! ¡No sé la respuesta!
81000140,0こらー　もっとマジメに\n%2F勉強せんかっ！,¡Tú! ¿Por qué no te tomas más en\nserio los estudios?
81000140,4%2F来年は　オマエらの%1F番だぜ…。\nへへっ…。,"El año que viene os tocará\na vosotros estudiar a saco.\nJe, je."
81000140,8えーっと　これをたして\nこれをひいて……　あれ？,A ver... Si sumo esto y le\nresto lo otro... ¿Eh?...
81000140,@%2F高校にはいったら　ゼッタイ\n%1F遊びまくってやるぞっ！,"Cuando empiece el bachillerato,\nme pasaré el día de juerga."
81000140,hはぁ　%2F毎日　%2F勉強ばっかり…。\n３%2F年生になるまえに　もっと\n%1F遊んでおけばよかったなぁ。,No hago más que estudiar...\nTendría que haber disfrutado más\nde mi tiempo libre el año pasado.
81000140,pとなりのクラス　いのこり%1F中なの。\nキミも%1F今のうちから　ちゃんと　\n%2F勉強しておいた%1F方がいいわよ。,En la clase de al lado están\nlos repetidores. Estudia si no\nquieres acabar como ellos.
81000150,$あれ　%1F寝てなくていいの？,¿No vas a descansar?
81000150,",こんにちは。\nここは　%3F保健室よ。",Buenos días.\nEsta es la enfermería.
81000150,",もう！\n%1F寝てなくちゃダメでしょっ。","Venga, ¡a dormir!"
81000150,0あら　\nどこか　%2F具合がわるいのかしら？,"Hola, ¿te duele algo?"
81000150,4おや　めずらしい\n%2F今日は%2F１人なのかね？,"Uy, qué raro. ¿Hoy estás solo?"
81000150,@おクスリは　%1F出しといたけど\nあんまりムリしちゃダメよ。,"Aunque te he dado medicamentos\npara todos, intenta que no hagan\nningún esfuerzo."
81000150,Dうげーっ　\nお%2F弁当のタマゴ%1F焼きに　\nあたったかなぁ…。,"Ugh, creo que los huevos de\nla comida me han sentado mal..."
81000150,Dキミ　ボクの%2F発明の\n%3F実験台になってくれない？\nフフフ…。,"¿Te gustaría ser el conejillo\nde indias de mi experimento?\nJo, jo."
81000150,Hさいきん　%2F具合がわるい%1F人が%1F多いの。\nどうしたのかしら…。,"Últimamente, vienen muchas\npersonas que se encuentran mal.\nEstá pasando algo raro..."
81000150,H２%1F階と３%1F階は【１%2F年生の%2F教室】に\nなっているんですよ。,En el primer y segundo piso\nestán las aulas para los de\nprimer curso.
81000150,Pなんだか　%2F大変なことに\nなっているようだ…\n%2F息子は%3F大丈夫かの…。,Parece que la cosa no pinta bien.\nEspero que no le haya pasado nada\na mi hijo.
81000150,Pフフフ…　この%1F赤いクスリと\n%1F青いクスリを　まぜてっと…\nフフフフ…。,"Je, je. Si mezclo este elemento\nrojo con este elemento azul...\nJe, je."
81000150,T%3F理科室で　%3F科学部が\n%2F今日も　あやしい%2F実験\nしてるみたいですね…。,Hoy el club de ciencias también\nestá realizando un extraño\nexperimento en su aula.
81000150,T…ぶつぶつぶつ。\fん　なんじゃ？　ワシは%1F今\n%2F大事な%3F研究中なんじゃよ。,"Grñ, ñññ.\f¿Qué queréis? Ahora estoy en medio\nde una investigación importante."
81000150,`あいたたたたっ　\nおなか　いたーいっ。\f…なんだ　%2F円堂か。\nお%2F芝居して　ソンしたよ。,"Ay, ay, ay. ¡Me duele la barriga!\fAh, eres tú, Mark. Tanto teatro\npara nada."
81000150,d%2F息子に%1F会ったら\n「%2F正月くらいは　%1F帰ってこんかい！」\nと　%1F伝えておいておくれ。,"Si ves a mi hijo, dile que por lo\nmenos venga a casa en Año Nuevo,\npor favor."
81000150,h%3F理科室で　%3F科学部が\nあやしい%2F実験を　してるんです。\nこわくて　%1F逃げてきちゃいました。,El club de ciencias está llevando\na cabo un extraño experimento en\nsu aula. Qué miedo.
81000150,lいま　%2F世界をゆるがす%3F大発明の\n%1F第１%1F歩を　ふみだすところであーる。\n%1F話しかけるでないっ。,Estamos a punto de dar con un gran\ndescubrimiento que revolucionará\nel mundo. No nos hables.
81000150,tこんにちは！\nここは%3F西校舎です。\f%1F今　ボクたちがいる１%1F階には\n【%3F保健室】と\n【%3F理科室】があって,¡Hola!\nEste es el edificio oeste.\fEn esta planta encontrarás la enfermería\ny el aula de ciencias.
81000150,�%2F保健の%2F先生に　\nなやみを　%1F聞いてもらいにきたんだ。\nどんな　なやみかって？\fなやみがないのが　\nなやみなのさ…。,He venido a contarle mis\npreocupaciones a la enfermera.\n¿Que qué me preocupa?\fPues estoy preocupado porque no\ntengo ninguna preocupación.
81000150,�%2F息子から　ひさしぶりに\n%2F電話があったのだ。\fナマイキにも　わしの%2F研究に\n%2F口出しをしてきおった！\nあいかわらずじゃよ　…ふっ。,Hacía mucho que mi hijo\nno me llamaba.\f¡Se ha metido con mi investigación!\n¡Qué impertinente! No ha cambiado\nnada... Hum.
81000160,",オレの%1F方が\nゲーム　%2F上手だぜっ！",¡Yo juego mejor que tú!
81000160,0オレのプラモの%1F方が\nカッコいいぞっ！,¡Mi maqueta mola más!
81000160,<%1F男のコって　いくつになっても　\nコドモなんだから。,"Da igual cuántos años tengan, los\nhombres nunca dejan de ser niños."
81000160,@あれ　センパイ。\n１%2F年生のクラスに　なにか%1F用ですか？,"Hola, Mark. ¿Qué te trae por\nlas clases de primero?"
81000160,Dなにを%1F言う！　オレの%1F方が\n%2F上手に%1F決まってるだろ！,¡¿Qué dices?! ¡Yo soy más bueno!\n¡Está más claro que el agua!
81000160,Dはぁ…。\fボクって　どうしてこんなに\nカッコイイんだろう…。,Aaah...\f¿Por qué molo tanto?...
81000160,Pなにを%1F言う！　\nオレのプラモの%1F方が　\n１００%1F倍カッコいいぞっ！,¡¿Qué dices?! ¡Mi maqueta es 100\nveces mejor que la tuya!
81000160,|みてくださいっ　\nこのケータイストラップ！　\nわたしが　つくったんですよ。\fこんど　センパイにも\nつくってあげますね！,¡Mira el colgante que llevo en\nel móvil! Lo he hecho yo.\fLa próxima vez te haré uno a ti.
81000160,垂�　%2F円堂センパイ。\n%2F音無さんって　サッカー%1F部の\nマネージャーなんですよね。\f…うらやましい。\nい　いえっ！　なんでもないですっ！,"Hola, Mark.\nCelia es gerente del club\nde fútbol, ¿verdad?\fQué envidia...\nEhm, no he dicho nada."
81000160,撃ﾍー　つかれた…。\n%2F昨日は　%3F寝不足なんです。\f『ほてい』のヤツも　あんまり\n%1F寝てないハズなのに\nあいつ　%2F体力あるよなあ…。,"Aah... Estoy reventado.\nHe dormido muy poco.\fSacks tampoco ha dormido mucho,\npero está fresco como una rosa..."
81000170,",あぶなっかしくて　%1F見てられないわ。","¡Hola, Mark! ¿Cómo les va a Jack,\na Tod y a todos los demás?"
81000170,0%2F黒板に　ラクガキしちゃ\nいかんっっ！,La zona que está al fondo del\nbarrio de tiendas tiene un aire\nasí como adulto.
81000170,<センパイ！　%1F次の%2F試合も\nがんばってくださいね！,No aguanto ver escenas peligrosas.
81000170,H…………じーっ。\n（%2F非常ベルを\nじっとみつめているようだ…。）,¡No dibujes tonterías en la pizarra!
81000170,L%3F商店街の%1F奥って\nなんだか　オ・ト・ナ　な\nフンイキですよねぇ。,"¡Ay! No me hables, por favor.\nEstoy cambiando la pila de un reloj."
81000170,Tわわっ\n%1F話しかけないでくださいっ。\n%2F時計の%2F電池を　かえてるんですっ。,¡Mark! ¡Suerte en el próximo\npartido!
81000170,Xあっ　%2F円堂センパイ！\n%2F壁山くんや　%2F栗松くんたち\n%2F元気にやってますか？,"¡Hola, Mark! ¡Que sepas que en\nel próximo partido también te\nestaré animando a tope!"
81000180,$%3F豪炎寺くんは%1F見つかった？,No entiendo por qué Axel no quiere\nunirse al club. Espero que podamos\nganar sin su ayuda.
81000180,%2F部員は%1F集まりそうか？,¿Crees que podrás reclutar\na nuevos miembros?
81000180,",おちおち　%2F昼寝もしてられないよ。",Ya no puedo echarme\nla siesta tranquilamente.
81000180,0どうせ　%2F廃部になる%2F運命でやんすよ。,Este club está destinado\na desaparecer de todas maneras.
81000180,4ふわあ…。\n%2F部室ってねむくなっちゃうな。,Buwaah...\nEstar en el club me da sueño...
81000180,4プロのサッカー%2F選手って\nあこがれるよなぁ。,Los jugadores profesionales de\nfútbol son dignos de admiración.
81000180,8これはめんどうなことに\nなってきたでやんすよ〜。,Esto empieza a darme mucha pereza.
81000180,<%2F部員を%1F集めるって\nそんな%2F生徒　まだいるのか？,¿Reclutar miembros?... Pero\n¿todavía hay gente que hace eso?
81000180,@%2F帝国と%2F試合だなんて…。\nそんなの　%1F怖いッスよ！,¡Me da mucho miedo jugar un\npartido contra la Royal Academy!
81000180,@%2F毎日サッカーしたいなんて\nだれもいってないでやんすよ。,Aquí nadie ha dicho que queramos\njugar al fútbol todos los días.
81000180,@%2F部員になってくれそうな\n%2F生徒なんて　まだいるのか？,¿Queda alguien dispuesto a unirse\na nuestro club?
81000180,@ついに%2F廃部か。\nいつかこうなるとは%1F思ってたけど…。,"Al final, van a cerrar el club...\nYa sabía que este día llegaría."
81000180,D%2F試合も%2F練習も\nこの%2F人数じゃ　やるだけムダですって。,"Con tan poca gente, entrenar o\njugar partidos es una pérdida\nde tiempo."
81000180,H%1F足りない%2F部員はどうするんだよ？\n%3F大丈夫なのか？　%2F円堂。,"¿Qué vas a hacer con lo de la falta\nde jugadores? ¿Crees que se\nsolucionará, Mark?"
81000180,H%2F冬海のくせに　%1F人を%1F呼びつけるなんて\nなまいきでやんすね。,¿Qué se ha creído el profesor\nWintersea? ¿Para qué nos llama?
81000180,Hなんだよ　%2F冬海のやつ。\n%1F急に%2F集合なんて　かけやがって。,¿Qué le pasa a Wintersea? No es\nnormal que nos quiera reunir así\nde repente.
81000180,L%2F帝国と%2F試合だなんて%1F言われて\nいっきに　ねむけが%1F覚めたよ！,"¡Cuando nos han dicho lo del\npartido contra la Royal,\nme he despertado de golpe!"
81000180,Xふわあ…。\nこんな%1F時に%4F冬海先生の%1F話なんて\nぜったい　いねむりしちゃうな。,Buwaah...\nSeguro que la charla de Wintersea\nme da aún más sueño...
81000180,`%2F冬海に%1F会うのもずいぶん\n%1F久しぶりな%1F気がするな。\nまったく%3F無責任なやつだ。,Me da la sensación de que hace\nsiglos que no vemos a Wintersea.\n
81000180,`お%1F腹がすいてきたッスよ…。\nこりゃ　%4F冬海先生につきあってる\n%2F場合じゃないッスね。,Tengo tanta hambre que me comería\nun elefante. No es momento de\nhacerle compañía a Wintersea.
81000180,`キャプテン　オレたち７%1F人しか\nいないんですよ。\f%2F練習する%2F意味なんて　あるんスか？,"Capitán, solo somos 7 jugadores.\fNi siquiera tiene sentido que\nentrenemos."
81000180,`キャプテン！\n１１%1F人%1F集まったとしても\n%2F帝国%2F相手じゃ　%2F試合になんないですよ。,"¡Capitán! Aunque tengamos\n11 jugadores, no somos rival para\nun equipo como la Royal Academy."
81000180,|ここは　%3F居心地がいいんだ。\n%2F廃部になってしまっても　この%2F部室の\n%2F出入りだけは　%1F許してほしいもんだぜ。,"Aquí se está la mar de bien. Aunque\ncierren el club, espero que nos\npermitan seguir usando la caseta."
81000190,\んもーっ　\nこんなに　ちらかして！\fこのサークル%1F棟には\nこの【%4F野球部室】のほかに,"¡Jolín con el club de béisbol!\n¡Está todo desperdigado!\fEl club de tenis, el de ciclismo\ny el de atletismo también tienen\nuna sala en este edificio."
81000190,tぼくは　いつか\n%2F特大ホームランをうつのが\nユメなんだ！\f…そのまえに　まずは\nレギュラーにならなきゃね。,¡Mi sueño en esta vida es\nlanzar un home run algún día!\fPero primero tengo que conseguir\nser titular del equipo...
81000190,пyテニス%2F部室】　と\n【サイクリング%2F部室】　　　\n【%4F陸上部室】が　あるんだけど\fどこも　こんなにキタないの\nかしらっ？,Espero que el resto de clubes\nestén un poco más ordenados...
81000200,Dちょっとちょっと\nでてってよ！\n%1F着がえられないじゃない。,"¡Oye, oye! ¡Sal de aquí, que\nnos tenemos que cambiar de ropa!"
81000200,\あら　テニス%1F部に%2F入部したいの？\nでもウチは　%2F部員がいっぱいなの。\nごめんね！,¿Quieres entrar en el club de\ntenis?
81000200,ネットをふんじゃ\nダメよ！,¡No pises la red!
81000210,T【サイクリング%2F部室】\n【%2F野球%2F部室】\n【テニス%2F部室】が　あるんだぜ。,"Compartimos el edificio con los\nclubes de ciclismo, béisbol y\ntenis."
81000210,Xここは　サークル%1F棟だぞ。\nここには　オレたち\n【%2F陸上%1F部】の%2F部室のほかに,Este es el edificio de los clubes.\nLos del club de atletismo tenemos\nuna sala aquí.
81000210,狽�たし　%2F風丸センパイにあこがれて　\n%3F陸上部に%1F入ったんです！\f…でも　センパイはサッカー%1F部に\nとられちゃいましたけどね…\nぐすんっ。,Yo entré en el club de atletismo\nporque admiro a Nathan.\fPero los del club de fútbol nos\nlo habéis robado... Jo...
81000220,h%1F次は　どこへ%1F行こうかなぁ。\n%3F自転車で　%1F風をきって%1F走るのって\nキモチいいんだよね。,¡Es enorme!...
81000220,�カチャカチャカチャッ\n%3F自転車の%2F修理をしてるんだ。\fなおせば　まだまだ%1F乗れるのに\n%1F新しく%1F買っちゃう%1F人も　いるんだから\nもったいないよねぇ。,¿Adónde podría ir la próxima vez?\nSentir el viento en la cara mientras\nvas en bici es muy agradable.
81000230,0えーん　ママーっ！\nおなかいたいよーっ！,¡Mamá! ¡Me duele la barriga!
81000230,0おい　この%2F先生\nどうにかしてくれよっ。,"Je, je. ¿Qué podría comprar hoy\nen la tienda de chuches?\f¿Qué miras?"
81000230,4うちのリーダー\nリーダー　やめちゃうのかなぁ。,Puede que nuestro líder deje\nde serlo pronto.
81000230,8…なーんか　ツッパってるのも\nあきてきちゃったわ。,Me he cansado de ir de chula...
81000230,@%2F夏未さんを　ナマで%1F見ちゃった！\nう…　うつくしい！,¡He visto a Nelly en persona!\n¡Es preciosa!
81000230,@たのむ！　\n%1F早く　オレのダチを\n%1F助けてやってくれ！,"Si le hablas con el corazón\nen la mano, seguro que lo acaba\nentendiendo."
81000230,Lうちのリーダーは\n%3F柔道技が　つかえるんだぞっ。\nつよいんだぞっ。,Nuestro líder sabe judo\ny es muy fuerte.
81000230,Lオレのダチも　\n%2F正気にもどったみたいだ。\nありがとうな　%2F円堂！,¡Por favor!\n¡Ayuda a mi amigo! ¡Rápido!
81000230,Lココロをこめて　%1F話をすれば　\nきっと　わかってくれると%1F思うの。,"El otro día iba en bici, me\nempotré contra ese semáforo\ny lo torcí.\fMe cayó la bronca del siglo."
81000230,Pスゴいだろ。\nこの%2F信号　オレが\n%2F小指１%1F本で　%1F曲げたんだぜっ！,¿No te parece increíble?\n¡Doblé ese semáforo con\nel dedo meñique!
81000230,Tアタイたちの　なわばりに\n%1F乗りこんで%1F来るとは\nいい　どきょうじゃないか。,Mira que arriesgarte a venir\na nuestro territorio... Debes\nde ser muy valiente...
81000230,Xリーダーが　\n%3F柔道部に　もどっちゃった。\nオレも　%2F部活にもどろうかなぁ…。,El líder ha vuelto al club de\njudo. Creo que yo también\nharé lo mismo.
81000230,`えへへーっ　%2F今日は%4F駄菓子屋で\n%1F何を%1F買おうかな〜…\f…って　%1F何%1F見てんだよ！,¿Que se ha hecho realidad\ntu sueño de participar en\nel torneo nacional?\fYo también me esforzaré en\nlos estudios para que se cumpla\nel mío.
81000230,dいたーい！\nさっきの%1F人に　ぶつかられちゃった！\f%3F警察官が\nそんなことして　いいワケ！？,¡Ay! ¡Me acaban de dar un golpe!\n¿Se cree que puede hacer lo que\nquiera solo porque es policía?
81000230,lうう…　%2F見張りでいそがしい…。\n%4F駄菓子屋に%1F行くなら\nオレのぶんも%1F買って%1F来てくれよー。,"Vaya, estoy vigilando y no\npuedo moverme de aquí.\fSi vas a la tienda de chuches,\ntráeme algo, por favor."
81000230,lオレも　%2F部活にもどることにしたよ。\nえっ　なんの%2F部活かって？\n…%3F手芸部だよ　モンクあるか。,Yo también he regresado a mi club.\n¿Cómo? ¿Que a qué club? Pues al\nde manualidades. ¿Algún problema?
81000230,t%4F全国大会に%1F行く%1F夢を\nかなえたんだって？\fオレも　%1F夢のために\nそろそろマジメに%2F勉強しようかな…。,"Si me tocas, te quemarás."
81000230,xこっちの%1F門を　ぬけた%1F先には\n%4F駄菓子屋があるんだぜっ！\f%3F駄菓子は　み〜んなっ\nオレたちのもんだっ　へへ！,"Sal por esta puerta y encontrarás\nla tienda de chucherías.\f¡Todos los dulces son nuestros!\nJe, je."
81000230,撃ﾞこうの%2F信号\n%1F前に　%3F自転車にのってて\nぶつかった%1F時に　%1F曲がったんだ。\fあの%1F時は　ものすっごく\n%1F怒られたなあ…。,"Oye, que alguien haga algo\ncon esta profe..."
81000230,買Iレのダチ　\nすっかり%2F元気になって\n%2F柔道%1F部にもどったんだ。\f…ちょっと　さみしいけど\nがんばってるんだから\n%2F応援してやらないとな！,"Parece que mi amigo ha entrado\nen razón. ¡Muchas gracias, Mark!"
81000230,ｬこっちの%1F門を　ぬけた%1F先には　\n%4F駄菓子屋があるんだぜっ！\fホントは　%3F駄菓子をみ〜んなっ\nオレたちのモノにしたいんだけど…\nま　あんたなら%1F通してやるよ。,"Sal por esta puerta y encontrarás\nla tienda de chucherías.\fSe supone que los dulces son solo\npara nosotros, pero... os dejaré\npasar."
81000230,�おまえらを%1F見てると\n%1F何かに%2F夢中になるって\nいいなって%1F思えてくるぜ…。\fへっ　…ガラにもないこと\n%1F言っちまったかな。,"Mi amigo ha recuperado las ganas\ny ha vuelto al club de judo.\fMe sentiré un poco solo, pero si\nes lo que le gusta, yo le apoyo."
81000240,$あいつ　%1F何かヘンじゃない？,"Hola, Mark. ¿Tú también vas\na la tienda de chuches?\fEstá prohibido llevarlas al insti,\npero no me puedo resistir."
81000240,$むげんのかべ\nかっこいいなー！,La Muralla infinita mola mucho.
81000240,0わんわんわんっ！\n（おなか　いたーい！）,¿Eh? ¡¿Los del Instituto Farm\nvan a secundaria?! No lo parece.
81000240,4…%1F甘ずっぱい　\n%2F青春のメモリーじゃて。,Los recuerdos de juventud suelen\nser agridulces.
81000240,@どきどき…\n%4F駄菓子屋で　%1F買い%1F食い…\nどきどき…。,¡Voy a comprarme un montón \nde chuches en la tienda!
81000240,Lえっ　%3F千羽山の%1F子たちって\n%3F中学生なの！？\n…%1F見えないわ。,Qué nervios...\nCompraré chuches en la tienda...\nQué emoción...
81000240,P%1F町のみんなの\nようすがヘンなんじゃ！\nおヨネちゃん　%3F大丈夫かのう…。,¡Todos los habitantes están raros!\nEspero que Sweets esté bien.
81000240,Pぼく　おっきくなったら\nだがしやで「おとながい」を\nするのがユメなんだ！,"Cuando sea mayor, iré a la tienda\nde chuches y me lo compraré todo."
81000240,d%3F千羽山のヤツらを\nよく%4F駄菓子屋で%1F見かけるよ。\nほんと　ウマそうに%1F食べるんだよなー。,Tenía tantas ganas de chuches\nque me he arriesgado a pasar por\nel escondrijo de los gamberros.\fPero ¿y ahora cómo vuelvo?
81000240,pよお　%2F円堂　\nおまえも%4F駄菓子屋に%1F行くのか？\f%2F学校じゃ%2F禁止されてるけど\nやめられないよなー。,A los del Instituto Farm se les\nve muy a menudo por la tienda de\nchuches. Les encantan los dulces.
81000240,わんわんわんっ！,¡Guau! ¡Guau!
81000240,�%4F駄菓子屋の　おヨネばーさんとは\n%1F幼なじみでのぅ。\fわかいころは　おたがい\n「ヨッちゃん」「タケちゃん」　と\nよびあったものじゃ。,"Sweets, la dueña de la tienda\nde chuches, es una amiga\nde la infancia.\fCuando éramos jóvenes, siempre\nnos llamábamos por un apodo."
81000250,$えへへっ\nどれにしようかなー。,"Je, je... No sé qué elegir..."
81000250,$ほっほっほ。\nいらっしゃい。,¿Algo más?
81000250,%1F他に　%1F用はあるかい？,Pobrecilla. ¿Qué le habrá pasado?
81000250,0かわいそうに\n…%1F急にどうしたんだろう。,"Ay, qué recuerdos...\nDe pequeño, yo también jugaba\na las canicas y a las cartas."
81000250,Xクソーッ！　またハズレだ！\nこのクジって　ホントに\n%1F当たり%1F入ってるのかなぁ。,¡Maldita sea! ¡He vuelto a perder!\n¿Seguro que dentro de la bola\nhay algún premio?
81000250,また　おいでね。,"Jo, jo, jo.\nBienvenido."
81000260,4ちょっと　%2F練習のジャマ\nしないでくれよ！,"Estamos entrenando.\nNo molestes, por favor."
81000260,8させるかっ！\n%2F秘技！タイガースマーッシュッ！！,¡Que te crees tú que va a ser\ntan fácil! ¡Técnica secreta!\n¡Remate tigre!
81000260,8ファイトッ　ファイトッ！\nがんばれー　みんなー！！,"¡Ánimo, chicos! ¡A por todas!"
81000260,@バスケ%1F部のせいで\n%3F新体操の%2F練習が　できないわっ。,"Por culpa del club de baloncesto,\nno podemos hacer los ejercicios\nde gimnasia rítmica."
81000260,Hあれー　\nここらへんに　タマがとんでったと\n%1F思うんだけどなぁ。,Me parece que la pelota\nha caído por aquí...
81000260,Lぼくのサーブ　%1F受けてみろっ！\n%2F必殺！ドラゴンスマッシュッッ！！,¡A ver si puedes con mi saque!\n¡Remate dragón mortal!
81000260,Lウチの%2F学校って　%2F部活のわりに\n%4F練習場所が　すくないのよねー。,"En este instituto hay muchos\nclubes, pero pocos sitios para\npracticar."
81000260,\キメるっ！！\n%1F次こそは　あのど%1F真ん%1F中に\nボールを　%1F叩きこんでやるぜっ！！,¡Voy a encestar!\n¡La próxima vez\nmachacaré el aro!
81000260,\ラーラーラー\n%2F鉄塔の　%1F歌のおじさんより\nわたしの%1F方が　ぜったい%2F上手よね。,"¡La, la, la!\nYo canto mejor que el señor\ncantarín de la torre."
81000260,|おお　ロミオっ！\f…っあら　ごめんなさい！\n%3F演劇部のリハーサルをしてるの。\nこの%1F高さ　バルコニーにバッチリね！,"Oh, Romeo...\f¡Ostras, lo siento! Soy del club\nde teatro y estoy ensayando. La\naltura de este balcón es perfecta."
81000260,ｰこの%1F前　とっても%2F器用な%1F人を%1F見たわ！\nあのボールさばきは　\nスゴかったなー。\fえっ　その%1F人の%2F名前？\nさあ　『べんてん』とか…\nそんな%2F名前だったかなあ。,"¡El otro día vi a un genio del\nbalón! ¡No veas cómo lo manejaba!\f¿Eh? ¿Que cómo se llama? No me\nacuerdo bien. Hedgewix, o algo así."
81000270,8どすこーいっ　どすこーいっ！\n…で　ごわすっ！！,¡Viva el sumo! ¡Viva el sumo!
81000270,Dそして　３%1F階は　\n【%3F剣道部】の%2F部室ッス！\nオスッ！,El club de kendo tiene su sala\nen el segundo piso.
81000270,X%4F相撲部屋から　\nスカウトされたでごわす！\nゼッタイ　%2F横綱になるでごわすよっ！,Me han reclutado del club de sumo.\n¡Seré el mejor luchador orondo\ndel mundo!
81000270,lオッス！\nここは%3F武道館ッス！\f１%1F階は【%3F相撲部】の%2F部室で\n２%1F階は【%3F柔道部】の%3F練習場,"¡Este es el pabellón\nde artes marciales!\fLa planta baja pertenece al club\nde sumo, y el club de judo entrena\nen el primer piso."
81000280,X%2F柔能く%1F剛を%1F制し\n%2F剛能く%1F柔を%1F断つ！\nこれ　%2F柔道のしんずいナリ！,"¡Lo flexible vence a lo rígido,\nlo rígido corta lo flexible!\n¡Este es el principio del judo!"
81000280,hぼくの%1F夢は　%1F大きな%2F大会で\n%1F金メダルを　とることなんだ！\nゼッタイ　かなえてみせるぞ！,¡Mi sueño es ganar una medalla de\noro en un campeonato importante!\n¡Ya veréis como lo consigo!
81000280,pあっ　%2F円堂くん！　\nわたしの　%3F関節技の\n%4F練習相手になってくれない？\f%3F大丈夫　%1F痛くないから！,"¡Hola, Mark!\n¿Me ayudas a ejercitar\nlas articulaciones?\fTranquilo, no te dolerá."
81000290,0%2F剣道の%2F防具って\nカッコいいよねえ。,La armadura de kendo es\nsuperguapa...
81000290,H%2F剣道は %2F精神%2F修行にピッタリさ。\nキミも　やってみないかい？,El kendo es perfecto para cultivar\nel cuerpo y el alma.\n¿No te apetece probar?
81000290,めーんっ！\nスキありっ！,¡Oh! ¡Por ahí puedo atacar!
81000300,0いそがしいんだ。\n%1F後にしてくれるかい？,"Aunque cumplamos con un plazo\nde entrega, siempre hay otro\nplazo de entrega esperándonos.\f¡Es una batalla sin fin!"
81000300,4%1F何か　いいことが\nおこるかもしれないよ…。,Parece que los del club de\nmanga por fin se han calmado.
81000300,4%1F次のマンガのテーマは\n%1F何にしようかなあ。,¿Eh? Pero si lo había\nescondido por aquí...\f¿Cómo? ¿Que qué busco?\nEs un secreto.
81000300,8%2F漫研のヤツら\nやっと%1F落ちついたみたいだな。,¿Eh? ¿Que te diga su nombre?\nSe llama Terry Orr. ¿Por qué\nlo preguntas?
81000300,Dなんだ　アイツ\nまた%2F資料を%1F燃やしに%1F行っちゃったのか！,"¡¿Que Nelly es ahora gerente?!\nQué envidia. Tenéis tres gerentes,\ny encima, guapas."
81000300,Hえっ　そいつの%2F名前？\n『いぬい』だけど\nそれがどうかしたのか？,¿Has venido para ingresar en\nun club? Este es el edificio de\nactividades culturales.
81000300,Lあれ　インクが\nなくなっちゃった。\n%3F文具屋に　よって%1F帰らなきゃ。,"Si quieres que seamos amigos,\ntendrás que decirle mi nombre\na la gerente."
81000300,Pきみたち　サッカー%1F部を%3F主人公に\nマンガを%1F描こうかと%1F思うんだ。,"He dibujado un manga con los\nmiembros del club de fútbol como\nprotagonistas.\fCuando lo termine, seréis los\nprimeros en verlo."
81000300,Pサッカーの%2F試合か…\n%1F次は　サッカーマンガを%1F描くのも\nいいかもね。,Estoy pensando en dibujar un manga\nen el que el club de fútbol sea\nel protagonista.
81000300,X%2F漫研のヤツら　イライラしてるなぁ。\nなんだか　オレたちまで\n%1F落ちつかないよ。,"¡Maldita sea! ¡He vuelto a \nperder el pulso otra vez!\fOtra cosa no, pero tiene una\nfuerza increíble."
81000300,X%2F火来%2F校長も　%2F将棋がスキなんだって。\nいちど　%1F手あわせしてみたいなぁ。,Encontrarás el club de manga y el\nde ajedrez en la planta baja. Y\nen la primera está el de periodismo.
81000300,\あれー　ここらへんに\nかくしておいたのになぁ。\fえ？　%1F何をって　\n…ナイショだよ。,Hum... No lo encuentro. Puede que\ncierta persona lo haya quemado\njunto al resto de documentos.
81000300,\ぶつぶつぶつぶつ…\n（%1F考えごとにムチュウで\n%2F円堂に　%1F気がつかないようだ。）,¡No me digas que ha vuelto a ir\na quemar los papeles otra vez!
81000300,d%2F夏未さん　マネージャーになったって？\nかわいい%1F子ばっかり３%1F人も…\nうらやましいなぁ。,Estoy muy ocupado.\n¿Te importaría contármelo luego?
81000300,dそうか　%1F間に%1F合わなかったのか…。\nうー　また%4F図書委員に\nお%2F説教されちゃうなあ…。,Ugh... No estorbes... Largo...
81000300,hうーん　やっぱり%1F見つからない。\nアイツが　%2F資料といっしょに　\n%1F燃やしちゃったのかなぁ…。,"Juas, juas, juas. ¿A que el manga\nque he dibujado es divertido?\f¡Mi sueño es conseguir que todo\nel mundo se ría con mis mangas!"
81000300,hちくしょーっ！\nまた%3F腕相撲で　%1F負けちまった！\fあいつ　%2F体力だけは\nスゴイんだよなー…。,Se ve que al director le gusta\nel ajedrez. Me gustaría poder jugar\ncontra él alguna vez.
81000300,hぼくと　もっと%1F親しくなりたければ\nぼくの%2F名前を　マネージャーに\n%1F伝えてみたらどうかな？,Los del club de manga están\nque echan humo. Y nosotros\ntambién estamos inquietos.
81000300,lやあ　%5F囲碁将棋部へようこそ！\fえ？　ぼくの%2F名前？　\nふふんっ　%1F言わなくっても\nわかるだろ？,No te arrepentirás de ello.
81000300,p%2F秋葉の　%2F有名ショップの%2F店長は\nオタク%2F知識が　ほうふなんだ。\f…ちょっと　ヘンな%1F人だけどね。,"¡Bienvenido al club de ajedrez!\f¿Eh? ¿Que cómo me llamo? Jo, jo.\nAunque no te lo diga, ya lo\nsabes, ¿no?"
81000300,рPつのしめ%1F切りが　%1F終わっても\nまた　%1F次のしめ%1F切りが\nオレたちを　まっている…。\fこの%1F戦いに　%1F終わりはないぜ！,"Ostras, me he quedado sin tinta.\nTendré que pasar por la papelería\nantes de ir a casa."
81000300,…………ううぅ……。,"Un partido de fútbol, ¿eh?...\nDibujar un manga sobre fútbol\npodría ser muy interesante."
81000300,垂ｫみたち　サッカー%1F部を%3F主人公にした\nマンガが%2F完成したよ！\fでも…\n%2F間違って　また%3F焼却炉で\n%1F燃やしちゃったんだ　…うう。,Estoy pensando en el tema de\nmi próximo manga.
81000300,激Qラゲラゲラッ。\nぼくの%1F描いたマンガ　\n%2F面白いでしょ？\fマンガで　%3F世界中の%1F人を\n%2F大笑いさせることが\nぼくの%1F夢なんだ！,Así que al final no habéis llegado\na tiempo. Vaya... La bibliotecaria\nme regañará otra vez. Seguro.
81000300,､へへっ　いいだろ\nこのプレミアムフィギュア！\f%2F秋葉にある%2F有名ショップで\n%1F買ってきたんだ！\fおかげで　%2F今月のおこづかい\nなくなっちゃったけどね…。,¿Podrías hacernos el favor de\ndetener a ese chico en nuestro\nlugar?\fLa incineradora está hacia el\nnorte. Justo al lado del corral\nde las gallinas. ¡Date prisa!
81000300,､オレたちの　かわりに\nあいつを%1F止めてくれないか！？\f%3F焼却炉は　ここから%1F北の\nニワトリ%2F小屋の%1F奥にあるからさ。\n%1F今なら　まだ%1F間にあうハズだ！,El dueño de la tienda Fama de\nAkihabara es una enciclopedia\nde conocimientos frikis.\fHay que admitir que es un poco\nraro...
81000300,�きみたち　サッカー%1F部を%3F主人公に\nマンガを%1F描くことにしたんだ。\f%2F完成したら　いちばんに\nキミに%1F見せるからね！,¡Ya he terminado el manga que\nprotagoniza el club de fútbol!\fPero me he equivocado y lo he\nquemado en la incineradora sin\nquerer... Snif...
81000310,0よーし　これは\n%2F女子に　ウケるぞっ！,Nelly se ha convertido en gerente\ndel club de fútbol. He publicado\nun artículo sobre ello.
81000310,8うーん　これは\n%2F先生に　%1F怒られるかなぁ…。,El próximo número del periódico\nhablará de...\f¡Los más guapos del equipo de\nfútbol! ¿Cuál es el preferido?\n¿Axel? ¿Jude? O quizás... ¿Tod?
81000310,@うーん　%1F次の%2F新聞のテーマは\nなににしようかなぁ…。,El próximo número del periódico\nhablará de...\f¡Lugares acogedores de la calle\ncomercial! ¿Prefieres los bares\no las cafeterías con doncellas?
81000310,H%2F円堂くん\nいい%2F記事に　なるような%2F試合\nキタイしてるわよ！,"¡Espero que juegues de forma que\npodamos escribir un buen artículo,\nMark!"
81000310,Pいったい　%1F町で\n%1F何がおこっているのかしら…\n%2F取材しなくちゃっ！,Parece que está ocurriendo algo\nextraño en la ciudad... ¡Tenemos\nque cubrir la noticia!
81000310,T%3F新聞部へようこそ。\n%1F次の%2F試合も　バッチリ\n%2F取材させてもらうからね！,Bienvenido al club de periodismo.\n¡También cubriremos vuestro\npróximo partido de principio a fin!
81000310,Xインチキ%2F記事を　のせるなんて　\n%4F新聞記者の　カザカミにも\nおけないわねっ！,¡Publicar artículos falsos es\nuna deshonra para el resto de\nperiodistas!
81000310,\%2F音無さんって\n%2F最近　さらに%1F明るくなったよね。\n%1F何かイイことあったのかな？,El próximo número del periódico\nhablará de...\f¡Los restaurantes de fideos chinos\nde Inazuma! ¿Mejor salados o con\nsalsa de soja?
81000310,\%2F風丸くんって　%1F足も%1F速いし\n%2F熱心だし…\n%3F新聞部に%1F来てくれないかしら。,"Aunque no lo parezca, el encargado\ndice que le duele la cabeza.\nDebería irse a casa a descansar."
81000310,\えへへっ　いいでしょ。\nあたらしい　カメラなの。\nお%2F年玉をためて　%1F買ったのよ！,Nathan es rápido y apasionado.\nOjalá se viniera al club\nde periodismo...
81000310,\ウチの%2F部長　あれでも\nアタマが%1F痛いんですって…\nちゃんと%1F寝てればいいのに。,Aaah... ¿Es que no hay\nninguna noticia interesante?...
81000310,h%2F夏未さん　サッカー%1F部の\nマネージャーになったのね。\nさっそく　%2F記事にさせてもらったわ！,"Je, je. Te gusta, ¿eh? La cámara\nes nueva. He estado ahorrando los\naguinaldos para comprarla."
81000310,tうーん　%1F次の%2F新聞のテーマは…\f「%3F商店街のいやしの%1F場！\nあなたは%3F居酒屋？\nそれともメイド%1F派？」,Puede que el profesor se enfade.
81000310,xウチの%2F部長　ねらったネタは\nゼッタイ　のがさないんだ！\f%2F別名「%2F雷門のスッポン」って\nよばれてるんだぜ。,A Celia no le gusta hablar sobre\nsu pasado.
81000310,р､ーん　%1F次の%2F新聞のテーマは…\f「%3F稲妻町のラーメン%1F屋！\nあなたは%1F塩？　それともしょうゆ%1F派？」\nよしっ　これだ！,El próximo número del periódico\nhablará de...\f¡El restaurante de sushi del\nbarrio de tiendas! ¿Qué gusta más?\n¿El pescado blanco o el azul?
81000310,�うーん　%1F次の%2F新聞のテーマは…\f「%3F商店街の%3F雷寿司！\nあなたは%2F白身？　それとも%3F赤身派？」\nよしっ　これだ！,Hum... ¿De qué podríamos hablar\nen el próximo número?
81000310,�うーん　%1F次の%2F新聞のテーマは…\f「サッカー%1F部のイイ%1F男！\nあなたは%3F豪炎寺？\nそれとも%2F鬼道？　まさかの%2F栗松！？」,"Bien, seguro que esto les encanta\na las chicas."
81000320,Lぶるぶるっ　\nうーっ　サムいっ！！\nプールなんて%1F入りたくないよ…。,"Hum, mmm, hum...\nBrrr... ¡Qué frío!\n¡No me quiero meter en la piscina!"
81000330,0あれー　\nシャワー　こわれてるのかなぁ？,¿Eh? ¿Se ha estropeado la ducha?
81000330,Lこの%1F先は　%5F女子更衣室なの。\nのぞいたら　タダじゃおかないわよ。,"Por aquí está el vestuario de las\nchicas. Como intentes espiar,\nse te caerá el pelo."
81000330,`このむこうでは　%4F女子部員が\n%1F着がえてるんだよな…。\nううっ　このロッカーがニクいぜ！,Al otro lado se están cambiando\nlas chicas del club. ¡Ojalá fueran\nvestuarios mixtos!
81000340,d%2F夕香くんは　１%2F年前の%4F交通事故から\nずっと　ねむったままなのだ。\nかわいそうになぁ。,Julia sufrió un accidente de\ntráfico hace un año y está en \ncoma. Pobrecilla...
81000341,@この%2F患者さん　%3F雷門中の\n%3F理事長さんなんですって。,Este paciente dice que es el\npresidente de la Junta escolar\ndel Raimon.
81000341,Hこらっ　ご%2F家族%2F以外は\n%2F面会しゃぜつだ。\n%1F帰りたまえっ。,"¡Oye! ¡Solo los familiares\nestán autorizados a entrar!\nMárchate, por favor."
81000341,Hなんだね　きみたちは。\n%2F病院は　%1F遊び%1F場じゃないんだぞ。,"¿Qué hacéis aquí, chicos?\nEl hospital no es un sitio para\njugar."
81000341,Pスマイル　スマイルっ\n%2F患者さんのためにも\nいつも　%2F笑顔でいないとね！,"¡Sonríe, sonríe! ¡Tenemos que\nsonreír para que los pacientes\nse sientan bien!"
81000341,lなんだか　%1F町が%2F大変みたいだけど…\n%2F患者さんのためにも\nこんな%1F時こそ　%2F笑顔でいないとね！,"Algo grave está ocurriendo en la\nciudad. Pero por el bien de los\npacientes, tenemos que sonreír."
81000342,$おじいちゃん　しっかりして！,"Calma. En cuanto te pongan\nla inyección, te recuperarás\nenseguida."
81000342,%2F白衣の%2F天使…　ぽっ。,"Uff... Cuánto trabajo...\n¡A este paso, yo también\ncaeré enferma!"
81000342,8こんにちは。　\n%2F今日は　どこが%1F悪いのかしら？,Buenos días.\n¿Qué te duele?
81000342,<おじいちゃん。　だから\nただの　%2F水虫ですってば！,¡Oye! ¡Yo estaba antes!\n¡No te cueles!
81000342,Dここは%2F受付です。　\n%2F名前を%1F書いて　お%1F待ちください。,¡¿Qué le está pasando a todo\nel mundo?!
81000342,Hおいっ　\nオレが%1F先に　ならんでたんだぞ！\nわりこむなよなっ！,Hay que ver... ¡Yo también soy\nuna paciente! ¡¿Hasta cuándo me\nvan a hacer esperar?!
81000342,Lふうー　いそがしい…。\nこれじゃあ　わたしが\nたおれちゃいそうだわっ！,Hola. Esta es la recepción.\n¿En qué puedo ayudarte?
81000342,P%3F大丈夫だよ。　%2F注射を\n%1F打ってもらえば\nすぐに　よくなるからね。,Ugh... Ugh...
81000342,T%2F先生！　\nはっきり%1F言ってくだされ。\nワシは　もう%1F長くないのじゃろ？,¡Cá...llate... pesa...da!
81000342,Tまったく　ワシは%2F病人じゃぞ。\nいつまで%1F待たせれば\n%1F気がすむんじゃい！,Ugh... Esto es...\nla recepción... Argh...
81000342,えーんっ　えーんっ！,Ángeles vestidos de blanco... Jo.
81000350,$%1F技%2F伝授　していくかの？,Tú solo no puedes traspasar una\nsupertécnica de un jugador a otro.
81000350,$…カレの%1F歌　ステキよね？,"¡La, la, la! ¿A que tengo\nuna voz preciosa? Te vas a\nquedar prendado, ya verás."
81000350,$カレの%1F歌　ステキでしょ？,Tu sonrisa es... Aah... Mi novia\nme ha dado calabazas. Snif...
81000350,4なっ　%2F夏未さんが\nなんでこんなところに…。,Si me tocan la bici...\n¡se van a enterar!...
81000350,<……………カレの%1F歌\nホントに　ステキなのかしら？,"Esa canción es maravillosa,\n¿verdad?"
81000350,@%1F技%2F伝授がしたくなったら\nいつでも　ここにくるといい。,Me llamo Herencio Veteran.\fY soy uno de los hermanos del\nbedel del Instituto Raimon.\n
81000350,@%2F鉄塔の%1F上にいるのって　\n%2F夏未さん？　…まさかな。,¿Qué hace Nelly aquí?
81000350,H…ぐすっ　%1F泣いてないやいっ。\n%2F太陽が　まぶしいだけだいっ！,"Snif, snif. No estoy llorando.\n¡Es que el sol brilla mucho!"
81000350,Lきみのエガオはー\n…って　カノジョに\nふられちゃいました　…ぐすんっ。,Tu sonrisa es más bonita que...\nlas luces de neón del barrio\nde tiendas.\f¡No molestes!
81000350,Lここは　お%1F気に%1F入りの\nデートスポットなの。\nジャマしないでよね！,"Esa canción es maravillosa,\n¿a que sí?"
81000350,\らー　らー　らー\nどう？　ボクの%1F美しい%2F歌声！\n%1F思わず　%1F聞きほれちゃうだろ。,Tu sonrisa es más refrescante\nque... aah... que un pepino\nrecién cogido.\f¡No molestes!
81000350,`きみのエガオはー\nあー　%1F花のつぼみより\n%1F愛らしいー。\fなんだ　ジャマしないでくれよ。,"Tu sonrisa brilla más que la\nsuperficie del agua. Aaaah, ¡es\ntan bonita!\f¿Qué haces?... ¡Largo de aquí!"
81000350,dきみの%1F涙はー\nあー　ダイヤのかがやきより\nうつくしいー。\fなんだ　ジャマしないでくれよ。,"Cuando quieras pasar una\nsupertécnica a otro jugador,\nven a verme."
81000350,dきみの%2F笑顔はー\nあー　%2F水面のキラメキより\nうつくしいー。\fなんだ　ジャマしないでくれよ。,¿Quieres pasar una supertécnica\na otro jugador?
81000350,dきみのエガオはー\nあー　%3F商店街のネオンより\nうつくしいー。\fなんだ　ジャマしないでくれよ。,"Tus lágrimas relucen más que\nlos diamantes. Aaaah, ¡son\npreciosas!\f¿Qué miras? ¡Fuera!"
81000350,dオレの%3F自転車にラクガキが！\n「ごうえんじのばか」って\nだれが%1F書いたんだ！　ちくしょーっ！,"He arreglado mi bici. Y como no\nquiero que se vuelva a estropear,\nhe venido andando con ella al lado."
81000350,hきみのエガオはー\nあー　とれたてのキュウリより\nみずみずしいー。\fなんだ　ジャマしないでくれよ。,Tu sonrisa es más encantadora\nque el capullo de una flor.\nAaah...\f¡No molestes!
81000350,l%3F自転車を　しゅうりしたんだ。\nまた　こわれたらイヤだから\nここまで%1F押して　%1F歩いてきちゃった！,"Aquí vienen muchas parejas.\nMe encanta este sitio, así que\n¡no molestes!"
81000350,l%4F体育館裏の　%2F不良たちに\nオレの%3F自転車　コワされちまった！\nもう　%2F学校にのってけないよ…。,Los gamberros de detrás del\ngimnasio me han roto la bici.\nYa no podré ir al insti con ella.
81000350,пc……………………………\n………………………………\f…………あっ　ゴメンゴメン。\nヘッドホンをしてて\n%1F気づかなかったよ。,"¿Esa que está en lo alto de la\ntorre es Nelly? Nah, imposible."
81000350,�えへへっ　いいでしょ\nきょうのごはんは　カレーなんだ！\fこのまえも　カレーだったけど\nぼく　すきだから\nいくらでも　たべちゃうよ！,"Je, je. ¡Qué bien, hoy tengo\narroz con curry para cenar!\fEl otro día también cené curry,\npero como me encanta, no me\nimportaría comerlo todos los días."
81000351,$%1F技%2F伝授　していくかの？,"Cuando quieras pasar una\nsupertécnica a otro jugador,\nven a verme."
81000351,$カレの%1F歌　ステキでしょ？,"La cadena de la bici se ha roto...\nY eso que la acababa de comprar.\nSnif, snif."
81000351,8おまえさん%2F１人じゃ\n%3F技伝授はできないのぅ。,Me llamo Herencio Veteran.\fY soy uno de los hermanos del\nbedel del Instituto Raimon.
81000351,8まもるおにーちゃん…\nなんだか　げんきないね…。,¡Bieeen! ¡Ya vuelves\na estar contento!
81000351,8わーい！　まもるおにーちゃん\nげんきになったね！,"¡Larala, larala! Chico,\n¿te apetece escuchar mi canción?"
81000351,<えへへっ　いいでしょ\nきょうのごはんは　カレーなんだ！,"Pareces deprimido, Mark.\n¿Qué ha pasado?"
81000351,@%1F技%2F伝達がしたくなったら\nいつでも　ここにくるといい。,La puesta de sol que se ve desde\neste punto no ha cambiado en\ntodo este tiempo.
81000351,P…。\fおまえさんが　ワシに%1F話しかけるのは\nまだ　%1F早いようじゃの…。,Tú solo no puedes pasar una\nsupertécnica de un jugador a otro.
81000351,Pここから%1F見える　%2F夕焼けだけは\nいつ%1F来ても　%1F変わらないのう…。,Tus ojos son más bellos que\nel atardecer...\f¿Qué miras? ¡No incordies!
81000351,T%3F自転車のチェーンが　\nこわれちゃったよ。\n%1F買ったばかりなのに　とほほ…。,"Je, je. ¡Qué bien, hoy tengo\narroz con curry para cenar!"
81000351,\きみのひとみはー\nあー　%2F夕焼けよりも%1F美しいー。\fなんだ　ジャマしないでくれよ。,¿A que su poema es precioso?
81000351,tワシの%2F名前は　%3F技伝授おじさん！\f%3F雷門中の　スーパー%3F校務員\n%2F古株さんの　３つ%1F子の%1F弟じゃ！,¿Quieres pasar una supertécnica\na otro jugador?
81000360,",あっ　おにいちゃん　\nこんにちわっ。",¡Ha sido muy guay!
81000360,",なんだか　\nムズかしい%1F話みたいね。",Parece que es una cuestión\ncomplicada.
81000360,8あら　こんにちわ。\n%2F今日も　%2F元気いっぱいね。,"¡Buenos días! Hoy también estás\nlleno de energía, ¿eh?"
81000360,<ぐー　ぐー。\f（%1F立ったまま　ねているようだ…。）,"¡Ánimo, chicos!"
81000360,<よーっし！　%2F今日も\nお%2F仕事　がんばるわよっ！！,¡Le he confesado mis sentimientos\na mi compañero y ha aceptado\nsalir conmigo! ¡Yupi!
81000360,Dついにセンパイに%2F告白しちゃった！\nＯＫだって　きゃーっ！！,¡He invitado a mi compañero\nal cine y me ha dicho que sí!\n¡Yupi!
81000360,Dむむむっ\nあやしいコートの%1F男　はっけん！\nむむむむむっ！！,Me he peleado con Mika.\nLa culpa es suya.
81000360,Dミキちゃんと　ケンカしちゃった。\nわたし　わるくないもんっ。,¡Yo lo vi!\f¡Vi a un abuelo de la calle\ncomercial jugando al fútbol!\f¡Y lo hacía muy bien!
81000360,Hついに　%2F会社のセンパイに\nお%2F弁当　わたしちゃった！\nきゃっ。,¡Al final he conseguido darle\nel regalo a mi compañero!
81000360,Lこの%1F子　あんなにサッカー\n%1F好きだったのに…\nどうしたのかしら？,Con lo que le gustaba el fútbol\na esta niña... ¿Qué le ha pasado?
81000360,Lキラめく%1F汗は　%2F青春の%1F証！\nでは　がんばれよ　%1F若ものよっ！,Estoy patrullando.\fEs un deber y un orgullo proteger\nla sonrisa de todos los que viven\nen Inazuma.
81000360,P%2F会社のセンパイを\n%2F映画にさそっちゃった！\nＯＫだって　きゃーっ！！,Estoy enamorada de un compañero\nde la empresa. Quizás lo mejor será\nque le diga lo que siento a la cara.\fPero no me atrevo...
81000360,Pはぁ…\n%2F今日も　%2F会社のセンパイに\nお%2F弁当わたせなかったなぁ…。,"Vaya, hoy tampoco le he podido\ndar el regalo al compañero\nde la empresa que me gusta."
81000360,Tよしっ！　\n%2F今日こそ　%2F勇気をだして\nセンパイに　お%2F弁当をわたすわっ！,¡Hoy seguro que me atreveré a\ndarle el regalo a mi compañero! 
81000360,`はぁ…　%2F仕事で%2F失敗しちゃった。\nでも　ここに%1F来ると\nなんだか　いやされるのよね。,"Aaah... La he fastidiado en\nel trabajo, pero venir aquí\nme da paz."
81000360,|%2F会社のセンパイに　%1F恋してるの。\nやっぱり　ちょくせつ\nキモチをつたえるべきよね！\f…でも　%2F勇気がでないわ…。,He sido valiente y he dejado\nel regalo sobre la mesa de\nmi compañero.\fPero se ha pensado que era algo\nque me había dejado allí sin querer\ny me lo ha devuelto. Qué decepción.
81000360,あかし,"Cuando ascienda, me casaré con\nSamantha, la de El templo de oro.\f¡Hicimos una promesa!"
81000360,あせ,Se ha visto a un hombre\nsospechoso con gabardina rondando\npor esta zona últimamente.\f¡Juro por mi placa que protegeré\na todos los que viven en Inazuma!
81000360,がんばれー！　がんばれー！,"¡Ánimo, ánimo!"
81000360,せいしゅん,"¡He visto al hombre sospechoso\ncon gabardina! ¡Ju, ju!"
81000360,なにか　トラブルかしら？,¿Hay algún problema?
81000360,わか,"La gente se comporta de forma\nextraña.\f¡Pero juro que los salvaré a\ntodos, aunque me cueste la vida!"
81000360,ｴ%2F最近　このあたりを　\nあやしいコートの%1F男が　\nウロついているのでありますっ！\f%2F本官　この%1F胸のバッジにかけて\n%1F町のみなさんの　%2F安全を　\n%1F守るでありますっ！,"Hola, buenos días."
81000360,�%2F本官は　パトロール%1F中でありますっ！\f%1F町の%1F皆さんの　%2F笑顔を%1F守るのが\n%2F本官のギムであり\nヨロコビなのでありますっ！,Destruir... fútbol...
81000360,�%2F稲妻ＫＦＣの　まこちゃんって\n%3F商店街の　%2F会長さんの\nサリーさんの　お%1F子さんなのよ。\fそういわれて%1F見ると\nそっくりよね。,"Maddie, del Inazuma Kids FC, es hija\nde la presidenta de la asociación\nde comerciantes, Sam.\fSi te fijas bien, son como dos\ngotas de agua."
81000360,�この%1F子たち　%2F稲妻ＫＦＣっていう\n%3F稲妻町こどもフットボールクラブ\nなんですって。\f%3F小学生なのに　%2F上手よねぇ。,¡Hoy me esforzaré mucho\nen el trabajo!
81000360,�わたし　みちゃったの！\fしょうてんがいの　\nごいんきょさんが\nさっかーを　してるのを！\fすっごく　じょうずだったんだよ！,¡Tenéis que llevaros bien!
81000370,",ふぅ…\nまーったく　%1F釣れんわい。",El abuelete del barrio comercial\nes amigo mío de la infancia.\nMe gustaría volver a pescar con él.
81000370,0こらこら\nあんまり%1F走ると　%1F危ないぞ。,"Mi hijo dice que ha visto a un\nhombre raro con gabardina.\fHay que ver, vivimos en un mundo\nlleno de peligros..."
81000370,0ニャー。（お%1F魚　%1F食べたいニャー。）,Los mayores están jugando al\nfútbol en el campo de al lado.\f¡Yo también quiero ser jugador\nde fútbol cuando crezca!
81000370,Dついに　%1F赤ちゃんが\nうまれたんです！\nううっ　ううう…！,Uargh... Qué sueño...\nMi hija recién nacida no deja\nde llorar por las noches.
81000370,Lあー　%1F肩がこって\nしょうがないわ。\nマッサージに%1F行こうかしら…。,¿Eh? ¡A mi hermana le pasa algo!\n¿Qué hago?...
81000370,Lすーはーっ　すーはーっ\fやっぱり　%3F河川敷は\n%2F空気がオイシイわー。,Una chica como ella nunca podrá\ndedicarse al fútbol de forma\nprofesional.
81000370,Lもうすぐ　\n%1F赤ちゃんがうまれるんです。\nああ　ドキドキするなぁ…。,¡La niña ya ha nacido!
81000370,Pふわー　ネムい…。\nうまれたばかりのムスメの\n%2F夜泣きがすごくってねえ。,¡Mmm...!\fEl aire de la ribera del río\nhuele de maravilla...
81000370,Pもうすぐ　いもうとができるんだ。\nそれでママは\nにゅういんしてるんだって。,Mi madre está ingresada porque\npronto voy a tener una hermanita.
81000370,T%2F今日の%1F夜も　コンビニ%2F弁当かなぁ。\nはぁ…　%1F独り%1F身はつらいよ。,"Me he dado cuenta de que una\ncompañera del trabajo me mira\nde forma especial.\f¿No será que le gusto? Nah,\nimaginaciones mías."
81000370,\そういえば　%1F昔\n%2F毎日　この%3F河川敷で　\nサッカーをやっている%1F男がいたのう。,"Y justamente llevaba la misma\ncinta en la cabeza que tú.\nAaah, qué recuerdos."
81000370,\その%1F男も　おまえさんと%1F同じような\nハチマキをしておったな。\nなつかしいわい…。,Hoy también me compraré comida\npreparada para cenar.\nQué duro es vivir solo...
81000370,`%2F会社の%2F女性の　お%2F弁当が\nぼくの%1F机に　%1F置いてあったんだ。\n%1F忘れモノかなぁ？,"Una compañera del trabajo se\nolvidó una caja sobre mi mesa.\fCuando se la fui a devolver,\npuso una cara curiosa.\nQué raro..."
81000370,`ぼく　りっぱな\nおにいちゃんに　なるんだ。\fだから　ぱぱも　\nびくびくしちゃ　だめだよー。,"Seré un buen hermano mayor.\fAsí que tranquilo, papá,\nno te asustes."
81000370,d%2F会社の%2F女性から　%2F告白されたよ。\nボクも　カノジョが%1F好きだったんだ\nうれしいなあ。,¿Estudias en el Instituto Raimon?\fYo pasaba todos los días por la\nribera del río para ir al colegio.\nQué tiempos aquellos...
81000370,d%3F商店街の　ごいんきょさんとは\n%1F幼なじみでのぅ。\nまたいっしょに　%1F釣りをしたいわい。,"Ahora que lo pienso, hace muchos\naños había un hombre que venía\ntodos los días a jugar al fútbol."
81000370,dぼく　りっぱな\nおにいちゃんに　なるんだ。\fだから　ぱぱも　\nしっかりしなきゃ　だめだよー。,"Quiero ser un buen hermano mayor.\fTú también tienes que ser fuerte,\npapá."
81000370,xまあ　まずは%1F試してみるこったな。\n%2F自分に%1F合った%2F陣形が%1F見つかるように\nオレっちも%2F応援するぜい！）,"¡Cuando sea mayor, yo también seré\njugadora de fútbol profesional!"
81000370,|ニャー。\n（オレっちは　カードマニア！\fあんたに　【しあいカード】と\n【バトルカード】について\n%2F説明してやるぜ！,"Ay, me duele la espalda...\nIré a que me den un masaje."
81000370,рｳいきん　%2F会社の%2F女性から\nアツい　シセンを%1F感じるんだ。\fもしかして　ボクのことを！？\nなーんて　%1F気のせいだよね。,Me he encontrado una caja de\nmi compañera de trabajo sobre\nmi mesa. ¿Se la habrá olvidado?
81000370,сLミ　%3F雷門中の%2F生徒さん？\fボクも　%2F毎日この%3F河川敷を%1F通って　\n%2F学校へ%1F行ったんだよ。\nああ　なつかしいなあ。,¡Ey! ¡No corras tanto!\n¡Es peligroso!
81000370,かせんじき,De mayor seré jugador de fútbol.
81000370,きゃうんっ　きゃうんっ！,"Vaya, no pica ni uno..."
81000370,わーいっ\nまて　まてーっ！,¡Uah! ¡Espera!
81000370,ｰたくさんカードを%1F集めて　\nいろんな%2F陣形を\nためしてみると%2F面白いぜい！\fちなみに【バトルカード】は\nサッカーバトル%1F中の%2F陣形を\n%1F変えることができるんだぜい！,Ugh... Me va a estallar la cabeza...
81000370,�%2F会社の%2F女性から　%2F映画に\nさそわれちゃった。　\nＯＫしたら　スゴくよろこんでたな。\fそんなに　あの%2F映画\n%1F見たかったのかな？,Una compañera del trabajo se me\nha declarado. Estoy muy contento\nporque ella también me gusta.
81000370,�%2F会社の%2F女性の　お%2F弁当が　\nぼくの%1F机に%1F忘れてあったんだ。\f%1F返しにいったら　\nこまったカオしてたなぁ。　\nなんでだろ？,Una compañera me ha preguntado si\nquiero ir al cine con ella y he\ndicho que sí. Ha saltado de alegría.\fPues sí que tiene ganas de ver\nesa película...
81000370,�ウチの%1F子が　この%1F近くで\nあやしいコートの%1F男を　\n%1F見たって%1F言うんです。\fまったく　\nぶっそうな%1F世の%1F中ですよ。,El bebé no tardará en nacer.\nQué nervios...
81000380,$３%1F回　まわるでありますっ。,Mi marido también volverá\ntarde hoy.\f¡Seguro que irá a ver a Sam a\nEl templo de oro! ¡Qué rabia!
81000380,",ほらっ　おまわり３…\n…なんちゃって。","Intenta no darle muchos dolores\nde cabeza a tu madre, Mark."
81000380,4トシ%1F子さん\nゴハンは　まだですかいのぅ？,"Hola, Mark. Hoy has vuelto\na casa muy pronto, ¿no?"
81000380,8あいたたっ\nむこうの%1F犬に　かまれちゃったよ！,"Cuando se cayó, creo que perdió\nesto. A mí no me sirve de nada,\nte lo doy."
81000380,@%1F守くん　あんまり\nお%1F母さんに%2F心配かけちゃダメよ？,"¿Qué ocurre, mamá?"
81000380,Pまもるおにいちゃんっ\nつぎの　さっかーのしあいも\nぜったい　かってねっ！,"Cuando veo a según qué mujeres,\nse me quitan todas las ganas de casarme."
81000380,Xむこうの　おくさんを%1F見てると\nケッコンに　%2F希望が\nもてなくなってきたよ…。,"Ahora que lo pienso, el otro día\nuna mujer extraña estuvo por aquí\nen bicicleta."
81000380,dおもいっきり　こけたときに\nこれを　おとしたみたいなんだけど\nわたしは　いらないから　あげる！,El domingo iré a Akihabara\ncon mi padre.\fA mi papá le gustan mucho las\ncámaras y dice que quiere mirar\ncomponentes y piezas.
81000380,lおおっ　%2F大介！\nひさしぶりじゃのー。\f…なんじゃ　%1F守くんかい。\nワシもボケてしまったかのう…。,"Mark, cada día te pareces\nmás a David."
81000380,ママー　どうしたの？,"¡Ay, ay! ¡Me ha mordido un perro!"
81000380,垂ﾉちようびに　パパと\n「しゅうよう」っていう　まちに\nいくんだよ。\fパパ　カメラがすきだから\nカメラの　ぱーつを\nみにいきたいんだって。,"Hola, Mark. Hoy has vuelto\na casa muy pronto , ¿no?"
81000380,�わたしのパパ\nらいもんちゅうっていう\nがっこうの　せんせいなの！\fさっかーぶの　えんどうが\nしゅくだい　わすれてばっかりで\nこまってるんだって。,¿Aún no está\nla comida lista?
81000380,�ウチのダンナ\n%2F今日も　%1F夜おそいのよ！\fきっとまた　%3F金閣寺のサリーさんに　\n%1F会いに%1F行ってるんだわ！\nキーーーッ！　くやしいっっ！！,"Mark, gana el próximo partido\ntambién, ¿vale?"
81000390,",いらっしゃい　\nここは%2F薬局だよ。","Ya han vuelto a cerrar otra tienda.\nPara ir de compras, es mejor\nacercarse al barrio de tiendas."
81000390,4%1F町のみんなは\nいったい　どうしたんだ！？,Cerrada... Cerrada...
81000390,8あれー　ここのお%1F店\nつぶれちゃったのかしら…。,¡Los gamberros de delante de la\ntienda 24 h vuelven a dar miedo\notra vez!
81000390,8こまったときは\nいつでも%2F交番に%1F来るんだぞ。,"Ostras, la tienda que había aquí\nha cerrado..."
81000390,8はー　あれがニンジャか。\nはじめて%1F見たなあ。,El próximo tren va al\nInstituto Brain.
81000390,Dつぎの%2F電車はー\n%4F御影専農ー　%4F御影専農%1F行きでーす。,"Cuando uno se hace viejo, le\nempieza a doler todo. ¿No tendrán\nun elixir de la juventud?"
81000390,Dウウ…\nアタマの%1F奥から\n%1F誰かの　%1F呼ぶ%1F声がする…。,"Antes he visto a tres señores\nidénticos. ¿Tengo\nalucinaciones? Jo, jo."
81000390,Hあれ…　キミたち\nなんだかカオ%1F色が%1F悪いけど\n%3F大丈夫かい？,"Me recuerdas a alguien que conocí\nhace mucho mucho tiempo, pero\nahora no sé a quién..."
81000390,Hこんびにのまえの\nおにいちゃんたち　\nまた　コワくなっちゃった！,¿Qué les habrá pasado a los\nchicos malos que estaban delante\nde la tienda?
81000390,Hやあ　%1F次の%2F試合は\nあのニンジャたちとなの？\nがんばってね！,"No tenéis muy buena cara,\n¿os encontráis bien?"
81000390,Lこんびにのまえの　\nコワそうな　おにいちゃんたち\nどうかしたのかな。,A la derecha hay una farmacia y\na la izquierda una tienda 24 h.\n¿Crees que te será útil saberlo?
81000390,Lママに　おこづかいもらったの！\nこんびにで　おかしでも\nかおっかな〜。,Vi como los gamberros que están\nsentados delante de la tienda daban\nde comer a un gato abandonado.\f¡En realidad no son tan malos!
81000390,Tさっき　%1F同じオジサンが\n３%1F人いたような…\n%1F気のせいよね　ほほっ…。,A la derecha hay una farmacia y\nrecto a la izquierda una tienda 24 h.\n¿Crees que te será útil saberlo?
81000390,Tやあ　%2F円堂くん\n%2F今日は　ついに%3F決勝戦だね！\nボクも%2F応援してるよ！,¿El tren que va al Instituto Wild?\f¡Solo unos pocos trenes al día van\na ese lugar tan remoto! ¡Date prisa!
81000390,Xやあ　キミたち！\nついに%4F全国大会の%3F準決勝だねっ\nボクも%2F応援してるよ！！,¿Eh? ¿Ese era un ninja?\nEs la primera vez que veo a uno.
81000390,h%3F千羽山だなんて　ずいぶん\n%2F田舎で%2F試合をするんだねー。\n%1F気をつけて%1F行っておいでね。,"Hola, Mark.\nHoy es la final, ¿eh?\n¡Os estaré animando!"
81000390,hまた　お%1F店がつぶれてるわ。\nやっぱ　%1F買いモノするなら　\n%3F商店街まで%1F行かなきゃダメね。,¡Mi madre me ha dado la paga!\nCreo que me compraré un pastelito\nen la tienda 24 h...
81000390,l%1F年をとると　カラダが%1F痛くてのぅ。\n%2F薬局に　%1F若がえりの%1F薬でも\n%1F売ってないものかのぅ。,"Si tienes algún problema,\nven a la comisaría."
81000390,pおまえさんを%1F見ていると\nむかーし%1F会った　%1F誰かを%1F思い%1F出すのう。\nはて　%1F誰じゃったかの…。,¡¿Qué les está ocurriendo a todos\nlos que viven en Inazuma?!
81000390,たいへん,"¡Hola, chicos! Al fin habéis\nllegado a la semifinal del torneo\nnacional. ¡Espero que ganéis!"
81000390,ねが,¿Hum? ¿Qué estás mirando?
81000390,ひかり,"Hola, buenos días. Si quieres\nviajar en tren, tendrás que\ncomprar un billete en las máquinas."
81000390,まち,¿Vais al Farm? Pues sí que os toca\nir a jugar los partidos lejos...\n¡Volved sanos y salvos!
81000390,ゆうしょう,"Los habitantes de Inazuma\nlo están pasando mal.\fRezaré para que ganéis y para\nque la luz regrese a la ciudad.\f¡Venga, a por todas!"
81000390,垂ｱんびにのまえに\nすわってる　コワそうな　\nおにいちゃんたちが\fすてネコに　エサをあげてたんだ！\nホントは　ぜんぜん\nコワくないんだね！,"Quiero entrar en la tienda, pero\nhay un chico en la puerta que\nda miedo y no me atrevo."
81000390,ｬ%1F町のみんなが　\n%2F大変なことになっているね…。\fキミたちが　%2F優勝して\nこの%1F町に　%1F光をとりもどして\nくれることを%1F願ってるよ。\fさあ　いってらっしゃい！,"Vuestro próximo partido es contra\nese equipo de ninjas, ¿no?\n¡Buena suerte!"
81000390,�%3F野生中%1F行きの%2F電車だって？\fあんな%2F山奥に　%1F行くのは\n１%1F日に１%1F本くらいだよっ。\nほら　いそいで　いそいでっ！,"Hola, bienvenido a la farmacia."
81000390,�こんにちは。\nここは　みんなの%3F稲妻町%1F駅よ。\fまっすぐ%1F行くと【%2F改札】があって　\n%2F電車に%1F乗ることができるの。,"Esta es la estación de Inazuma.\fSigue recto, introduce el billete\nen las máquinas validadoras y\npodrás subir a los trenes. "
81000400,$ここって　なにができるのかな？,¿Qué estarán construyendo aquí?
81000400,",このお%1F店　ずっと%1F閉まってるんだ。",Esta tienda siempre está cerrada.
81000400,4むこうの%2F建物\nなんとも　%2F派手ザマスね！,¡El edificio de ahí\nes muy colorido!
81000400,4メイド%2F喫茶が\nオープンしたみたいだぜっ！,¿Cómo le irá a la cafetería de\ndoncellas?
81000400,4メイド%2F喫茶なんて\nダンコ　%2F反対ザマス！！,¡Me niego rotundamente a que abran\nuna cafetería de doncellas!
81000400,8にゃーっ…。\n（おじいさん　どうしちゃったにゃ？）,¡Dejad de perder el tiempo\naquí y poneos a estudiar!
81000400,<この　ドロボウネコめーっ！\n%1F魚をかえさんかーっ！,¡Maldito gato ladrón!\n¡Devuélveme el pescado!
81000400,Dこらっ　\nこんなところで　%1F遊んでないで\n%2F勉強せんかいっ。,Samantha me ha dicho que os\ndeje pasar. ¡Volved rápido a\ncasa a hincar los codos!
81000400,Xこの%1F先は　オトナの%2F世界よ。　\nボウヤには　まだ\n%1F早いんじゃないかしら？,A partir de aquí empieza un mundo\nsolo para adultos. Tú todavía\neres demasiado joven para entrar.
81000400,\%1F町のみんな　ちょっとヘンよね。\nサリーさんも　\n%2F原因を　%1F調べているみたい。,La gente últimamente está muy\nrara. Sam también ha ido a\ninvestigar la causa.
81000400,\もうすぐ　ここに\nコンビニをオープンさせるんだ。\n%2F開店したら　%1F遊びに%1F来てね！,"¡Hola, bienvenidos!"
81000400,`いらっしゃーい！\n「コンビニ%3F一番街」がオープンしたよ。\nどうぞ　%1F寄って%1F行ってね！,¡Hola! ¡La tienda de 24 h del\nbarrio ha abierto sus puertas!
81000400,dウチのボクちゃん\n%1F好きキライが　%1F多いザマスから\nメニューを%1F決めるのも　%2F大変ザマス。,"Mi niño es muy especial para comer.\nCada vez que tengo que prepararle\nalgo, lo paso bastante mal."
81000400,lサリーちゃんにオネガイされたから\n%1F通してやるが。　%1F早く%1F家に%1F帰って\n%2F勉強するんだぞっ！,Dentro de poco abriré\nuna tienda de 24 h aquí.\n¡Ven cuando la inaugure!
81000400,tあら　サリーさんの\nお%1F気に%1F入りのボウヤじゃない。\fはやく　オトナになって\nお%1F店に%1F来てね。\nうふっ。,"Anda, pero si eres el chico que\nle cae bien a Sam...\fCrece rápido y ven al bar a vernos.\nJu, ju."
81000400,с＜Cド%2F喫茶をオープンさせて\nくれないなんて\nサリーさんも　ケチだなあ！\f…%1F今の　オレが%1F言ったってこと\nナイショだぜ。,"¡Samantha es una bruja!\nHa prohibido que abran\nla cafetería de doncellas.\fNo le digas a nadie lo que\nte acabo de decir, ¿eh?"
81000400,はー　プラモほしいなぁ。,"Aaah, quiero una maqueta..."
81000400,戟uしゅうようめいと」っていう　\nガッコウの　\nおにいちゃんたちがきて\fプラモを　ゴッソリ\nかっていっちゃった！\nうらやましいなぁ…。,Unos alumnos del Instituto Otaku\nhan venido y han comprado\ntodas las maquetas.\f¡Qué envidia me dan!...
81000400,ｨラーメン%1F屋？\nだったら　この%1F先のアーケードを\nぬけたところにあるよ。\fあそこのラーメン　\nマズくはないけど　%2F店主がガンコで\n%1F入りにくいんだよなぁ…。,"¿Un restaurante de fideos chinos?\nHay uno en la calle peatonal del\nbarrio de tiendas.\fLa comida que sirven no está mala,\npero el dueño es un cascarrabias\nde cuidado..."
81000400,�%3F商店街って　いろんな%1F店があって\n%1F歩いてるだけで　%1F楽しいよね。\f…お%1F金があれば　もっと\n%1F楽しいんだけどなあ。,"El barrio de tiendas está lleno\nde comercios. Pasear por aquí es\ndivertido...\fY si tuviera dinero, ya sería\nuna pasada."
81000400,�メイド%2F喫茶なんて\nダンコ　%2F反対ザマス！！\fでも　%4F町内会長さんがＯＫなら\nワタクシは　%1F何も%1F言えないザマス。\nぐぅ…。,"¡Me niego rotundamente a que abran\nuna cafetería de doncellas!\fAunque si a la presidenta\nle parece bien, yo no digo nada.\nAy..."
81000410,$でぃす　いず　あ　まんほーる！,¡Echto ech una alcantarilla!
81000410,4ラーメン%1F屋　\n%2F今日は%1F休みなのかな？,¿El restaurante ha cerrado hoy?
81000410,8ねーねー　かのじょー。\nむこうでお%1F茶しなーい？,"Oye, guapa, ¿te vienes conmigo\na tomar algo?"
81000410,Dこの%1F先は　%2F倉庫なんや。　\n%1F気ぃつけて　%1F行きぃーや。,¡Ya basta de tonterías!
81000410,Dやだやだやだやだーーっ！\nゲーム　%1F買って%1F買ってーっ！！,"¡No, no, no! ¡Cómprame el juego!\n¡Cómpramelo!"
81000410,Lめいどのみやげに\nメイドきっさっちゅうもんに　\n%1F行ってみたいのう。,No seas caprichoso.
81000410,えー　どうしよっかなー。,Pues no sé...
81000410,ｰわたしは　むこうの\nスポーツショップの　%2F店員だ。\fお%1F客がへったので　%1F調べにきたら\nなんとも　でっかい\nスポーツショップが　できている…。\fむむむ　ライバルめっ。,Soy uno de los dependientes de\nla tienda de deportes que hay\nal otro lado.\fAcabo de ver que han abierto otra\nenorme. Con razón no venían casi\nclientes... Dichosa competencia. 
81000410,�せっかく　ラーメン%1F食いに%1F来たのに\nラーメン%1F屋の　ガンコ%2F親父に\n%1F追いかえされちまった！\f「たいどがワルい！」だってさ。\nくそーっ！,Para un día que puedo venir a\ncomer fideos y va el cascarrabias\ny me echa del restaurante.\fDecía que estaba armando follón.\n¡Pues vaya!
81000420,0%2F倉庫の%1F中って　どんなカンジなんだ？,¿Qué habrá dentro del almacén?
81000420,Dボロっちい%2F倉庫よねぇ。\nはやく　コワしちゃえばいいのに。,"¡Eh, amigo, dame todo lo que\nlleves!\f¡Argh! ¡Eres el tío aquel!...\nHoy no hemos hecho nada\nmalo aún..."
81000420,Lこの%1F先の　あかずの%2F倉庫に\nだれか　%1F入って%1F行ったみたいだぞ。,He visto cómo una persona\nentraba en el almacén prohibido...
81000420,Pなんだか　ネコたちが\n%1F急に　%2F凶暴になったんだ。\nどうしたんだろう…。,"No sé por qué, pero los gatos se\nhan puesto rabiosos de repente.\n¿Qué habrá pasado?..."
81000420,Pにゃー。（まさか\n%2F倉庫の%1F中が　あんニャことに\nなってるニャんて…。）,¡Cada noche oigo ruidos extraños\nque vienen del almacén!\f¡Seguro que ahí dentro hay\nmarcianos que están planeando\nla conquista de la Tierra!
81000420,Xネコちゃん　ネコちゃん\nこっちにおいで〜。\f…って\n%1F何%1F見てんだよ　あーん！？,Por aquí cerca hay un almacén al\nque está prohibido entrar. Solo\nlos gatos saben qué hay allí...
81000420,tこの%1F先は　あかずの%2F倉庫だよ。\n%2F倉庫の%1F中がどうなってるのかは\nネコのみぞ%1F知る…　ってとこだね。,Por aquí hay un almacén al\nque está prohibido entrar. Solo\nlos gatos saben qué hay allí...
81000420,�おうおうっ　%1F兄ちゃん\n%1F金%1F出しな！\f…って　\nひっ　ひいい！\nおまえは　あの%1F時のガキ！\fきょっ　%2F今日はまだ\n%1F何もワルいことしてないぜっ！,"Ven aquí, gatito...\f¿Qué miras, chaval?"
81000420,�ボクはしってるんだ！\nこのそうこで　よなよなアヤしい\nモノおとがしてるのを！！\fきっと　ちきゅうしんりゃくを\nねらう　エイリアンの\nヒミツきちなんだよ！,Qué almacén más ruinoso.\nA ver si lo derriban pronto.
81000430,0ひ〜っ！！　\nゴメンよ　%1F母ちゃ〜んっ！,"¡Ay! ¡Lo siento, cariño!"
81000430,8%1F鼻の%1F下のばしちゃって！\nこの　ダメ%2F亭主！,¿Qué haces bebiendo de buena\nmañana? Quién me mandaría\ncasarme contigo...
81000430,<きんかくじ\nまだ　%3F準備中じゃのぅ。\n…がっくり。,¿Aún no ha abierto\nEl templo de oro?
81000430,Pわたしの%2F立場はっ　\nどーなるんですかっ！\nちくしょーっ！！　…ひっく。,¡El sushi de aquí es el mejor!\nO eso es lo que dicen... Nunca lo\nhe probado porque es muy caro.
81000430,Xおまえ　サリーさんに\n%1F気に%1F入られるなんて\nうらやま…\fいやいや　スゴイな！,"Así que le has caído bien a\nSamantha... Vaya envi...\nQué bien, ¿eh?"
81000430,dここの　おスシは\n%4F天下一品！\f…っていうウワサだぜ。\n%1F高くて　%1F食ったことねぇもんよ。,¿Qué haces mirándole el trasero\na las chicas? Quién me\nmandaría casarme contigo...
81000430,lあらー　ボク\n%1F遊びに%1F来てくれたの？\fでも　お%1F店に%1F入るのは\nオトナになってからね。\nふふっ。,¿Qué te ha pasado?
81000430,ｨひぃ〜っく！　%2F影山のヤツ…\nあーんなに　つくしたわたしを\n%1F見すてやがってっ　…ひっく！\f%4F帝国学園もクビになって\nいまさら　%3F雷門中にも\nもどれないし…。,¡Este sushi es el mejor del mundo!\nO eso es lo que dicen... Nunca lo\nhe probado porque es muy caro.
81000430,�これはウワサじゃがの\n%3F一番街には　ヒミツの\nチームがあるそうじゃ！\fなんのチームかは　しらんが\nサリーちゃんも　いるなら\nワシも　まぜて%1F欲しいのう。,"Corre el rumor de que cerca de\nla calle de bares juega un equipo\nde fútbol secreto.\fNo sé nada de ese equipo pero, si\nSamantha juega con ellos, a mí no\nme importaría que me ficharan."
81000440,4うわーいっ！　\nつぎは　すなあそびしよーよー！,"Vaya, están de barro hasta\nlas cejas. Hoy también me va a\ntocar lavar..."
81000440,4わんわんっ\n（%2F今日はサッカーしないのか？）,¡Yupi!\n¡Ahora vamos a jugar con la arena!
81000440,8ワシも「めいどさん」\nとやらに　なってみたいのぅ。,A mí también me gustaría trabajar\ncomo doncella en la cafetería.
81000440,hこの%1F先は　サッカーグラウンドじゃ。\nダレが　%2F練習してるのかじゃと？\nそりゃーナイショじゃよ。,Por aquí se llega al campo\nde fútbol. ¿Que quién está\nentrenando? Es un secreto.
81000440,うわーいっ　うわーいっ！,¡Yupi! ¡Nosotros también\nvamos a jugar al fútbol!
81000440,わんわんっ！,"¡Guau, guau!"
81000460,8こっ　ここが「こんびに」か！\nオレ　かんどーっ！,¿Qué pasa? ¿Que los mayores\nno podemos ir a las tiendas\nde 24 horas? ¡Hum!
81000460,Dなんじゃ　としよりは\nコンビニにきたら\nいかんのか！　ぷんっ。,¡Unos alumnos del Otaku han venido\ny han comprado todos los zumos\nque vienen con regalo!\f¡Yo también estoy coleccionando\nlos regalos! ¡Jolín!
81000460,`あこがれの「こんびに」に　%1F来たものの\nおサイフを　%1F忘れてきちゃった。\nギャフンッ！,¿Hay una tienda de 24 horas aquí?\n¡Qué bien!
81000460,`カレが　%3F手料理を%1F食べたいって。\nコンビニの　お%2F弁当を%1F出しても\nバレないわよね？,"Mi novio quería comer comida\ncasera y le saqué un plato\npreparado del súper.\fNo se dio cuenta de nada. Ji, ji."
81000460,いらっしゃいませー。,"Vaya, he venido a la tienda que\ntanto me gusta, pero me he olvidado\nel monedero en casa."
81000460,いらっしゃいまーせー。,Tienda... de... 24... horas...
81000460,激Iマケがほしくて　\nジュースを　%1F買ってるんだ。\fついに　ぜんぶ%1F集めたんだけど\nまた%1F新しいシリーズが%1F出ちゃった！\nげぷっ。,"Me gustan tanto los regalos que\nvienen con los zumos que no dejo\nde comprarlos.\fTodavía me quedan unos cuantos de\nla colección, así que tengo que\nseguir bebiendo zumo..."
81000460,�%4F秋葉名戸っていう%2F学校のヤツらが\nオマケつきのジュースを　ゴッソリ\n%1F買っていきやがった！\fオレだって　%1F集めてたのにっ\nちくしょーっ！,"Me gustan tanto los regalos que\nvienen con los zumos que no dejo\nde comprarlos.\f¡Ya los había reunido todos, pero\nhan sacado una nueva serie! Pche."
81000460,�オマケがほしくて　\nジュースを　%1F買ってるんだ。\fもう少しで　%1F集まるから　\nがんばって　%1F飲まなくちゃ。\nげぷっ。,"Mi novio dice que quiere comer\ncomida casera. ¿Si le doy comida\npreparada del súper, lo notará?"
81000470,0えっ　ボールって\nこんなに%1F高いの！？,¡Mi padre es muy bueno jugando\nal fútbol!\fLos días de fiesta siempre\njuega conmigo.
81000470,Dこの%1F子　サッカーがうまいのよ。\n%2F主人に%1F似たのかしら。,¿Eh? ¡Sí que son caros los balones!
81000470,Dぼく　サッカーはじめるんだ！\nママが　ボールかってくれるって！,Estoy pensando en empezar a hacer\ndeporte porque he engordado.\n¿Qué deporte me vendría bien?
81000470,Lど　どうぞ　%1F見てってください。\n…たいしたモノはありませんが…。,Pasa y mira todo lo que quieras...
81000470,`さいきん　%1F太ってきたから　\nスポーツをしようと%1F思ってね。\nうーん　なにがいいかなぁ。,Mmm... \nHay muy poca variedad.
81000470,tぼくのパパ　サッカーが\nとっても　うまいんだよ！\fパパが　お%1F休みの%1F日には\nいっしょに　サッカーするんだ。,¡Voy a empezar a jugar al fútbol!\n¡Mi madre me ha prometido que\nme comprará una pelota!
81000470,�でっかい　スポーツショップが　\n%1F近くに　オープンしたんだ。\fおかげで　ここは\nカンコ%1F鳥が　ないてるよ。\nとほほ…。,"Han abierto una tienda de deportes\nmuy grande cerca.\fPor culpa de eso, la campanilla de\nla puerta ha dejado de sonar. Snif."
81000480,8お%1F若いの　おまえさんも　\nどこか%1F悪いのかえ？,Aquí es donde venimos los mayores\na relajarnos.\fA mí me encanta observar cómo\nlas gemelas Ume y Tome atraen\na los clientes.
81000480,\ここのクスリは　よくきくのう。\nあと１００%1F年は　%1F生きられそうじゃ！\nほっほっ。,"Joven, ¿tú también\nte encuentras mal?"
81000480,いらっしゃいま〜しぇ〜。,"Este medicamento funciona. ¡Me da\nla impresión de que podré vivir\n100 años más! ¡Jo, jo!"
81000480,狽ｱこは　ワシら\n%1F年よりの　いこいの%1F場じゃよ。\fふた%1F子の　%2F看板ムスメ\nウメさん　トメさんに%1F会うのが\nワシの%1F楽しみなんじゃっ。,"¡Hola! ¡Me llamo Ume! Ji, ji."
81000490,0ねーねー　パパー\nはやく　かえろーよっ。,"Papá, vámonos a casa."
81000490,8まったく　こんなオモチャ\nどこがいいんでしょうね？,¿Qué le veis a estos juguetes?...
81000490,8もう　%1F同じのもっているだろ？\nガマンしなさい。,"Pero, si ya tienes uno igual, ¿no?\nNo seas tan caprichoso."
81000490,D%1F男の%1F子って　どうして　　\nプラモが%1F好きなのかしら。,¿Por qué a los chicos les gustan\ntanto las maquetas?
81000490,Lここの%2F店長って\nウチの　%2F理科の%2F先生の\nムスコさんらしいぜ。,El dueño de esta tienda es hijo\nde nuestro profesor de ciencias.
81000490,T%2F限定カラーのプラモが\n%1F売りきれちゃってる！\nねらってたのに　くそーっ！,¡La maqueta con el color de la \nedición limitada se ha agotado!\n¡Yo la quería! ¡Noooo!
81000490,Xオレの　かくしておいたプラモ\nまた　ダレかに%1F買われちまった…\nちくしょーっ！,Alguien ha comprado la maqueta\nque yo había escondido...\n¡Noooooo!
81000490,`ちがうもんっ　アレは１%1F号だい！\nこれは　２%1F号だもんっ\nぜんぜん　%1F別モノだもんっ！,¡Te equivocas! ¡Ese es el número 1!\n¡El número 2 es este!\n¡Son totalmente distintos!
81000490,h%4F秋葉名戸っていう　%2F学校の%1F子たちが\n%2F限定プラモを　ゴッソリ\n%1F買っていっちゃったの！,¡Unos estudiantes del Otaku han\ncomprado todas las maquetas de\nedición limitada!
81000490,hウチの%1F店の　%1F品ぞろえはピカイチ！\n%2F秋葉の　%2F有名ショップの%2F店長には\n%1F負けないぞ！,"Si veis a mi padre, decidle que\nno intente hacer imposibles.\fQue ya no es tan joven..."
81000490,l%1F弟に　たのまれて\n%2F限定カラーの　プラモを%1F買いにきたの。\n１%1F体だけ%1F残ってて　よかったわ。,"Mi hermano quiere que le compre\nuna maqueta en un color con tirada\nlimitada. Queda una, menos mal..."
81000490,l%2F親父に%1F会ったら　あまり\nムチャするなって\n%1F伝えておいてくれ。\fもう　%1F若くないんだからさ…。,"Nuestro jefe es una pasada.\fYa sean maquetas o máquinas,\nsolo con mirar la estructura\npuede analizarlas en profundidad."
81000490,lぎゅいーんッ！\fぼく　おっきくなったら\nこのプラモみたいな　%2F巨大ロボットを\nそうじゅうするんだ！,"¡Fiuuuun!\fCuando sea mayor, pilotaré un\nrobot como el de esta maqueta\npero a tamaño real. "
81000490,p%1F子どもにつきあって　プラモを\n%1F見ていたんですが　%1F今では\nすっかり　%1F私のほうが%2F夢中ですよ。,He acompañado a mi hijo a mirar\nlas maquetas y al final me he\nquedado prendado yo también.
81000490,�ウチの%2F店長は　スゴイんだ。　\nプラモでも　%2F機械でも　\n%2F部品のしくみを　%1F見るだけで\fそれが%1F何か　バッチリ　\nぶんせきしてくれるんだ！,¡La maqueta en el color de\ntirada limitada se ha agotado!\n¡Yo la quería! ¡Noooo!
81000500,Dここの　ラーメン%1F屋のオヤジ\nガンコなので　%2F有名なんだ。,¡El señor del restaurante de fideos\nchinos es famoso por su tozudez!
81000500,Tううっ…　なんだ　\nこのキンチョーかんっ！！\n%1F食った%1F気に　ならないよ…。,¿Eh? ¿Por qué estoy nervioso?...\n¡Me siento tan ligero como\nsi no hubiese comido nada!
81000500,Tシンプルな%1F中にも\n%1F深みのあるスープ…\nこの%2F店主　タダものじゃないな！,"Es una simple sopa, pero tiene\nmucho sabor. ¡El cocinero sabe\nlo que hace!"
81000510,0えっ　コレの%2F新作\nもう%1F出てたんだ！,¿Eh? ¿Ya ha salido uno nuevo?
81000510,4２%1F本　まとめ%1F買いですよ。\nわっはっは。,"Mira, me he comprado 2 juegos.\nJa, ja, ja."
81000510,@あたちのー　カレシー\nゲームがねー　\nチョー　うまいのー。,"Mi novio juega a videojuegos\ny es muy bueno, ¿sabes?"
81000510,Dおばあちゃんったら\nあんまり　%1F甘やかすと\nこまっちゃうわ。,"Abuela, no le consientas tanto,\nque luego tendremos problemas."
81000510,Dぼく　おっきくなったら\n「げーむくりえいたー」に\nなるんだっ。,"Cuando sea mayor, me gustaría\nser creador de videojuegos."
81000510,Lおばあちゃんが\nゲーム　かってくれるんだ。\nおばあちゃん　だーいすき！,Mi abuela me ha dicho que\nme comprará un juego. \n¡La quiero mucho!
81000510,dしーっ！　オレが　\nここにいたことはナイショな？\n%2F先生に%1F見つかったら%1F怒られちゃうよ！,"¡Shhh! Yo no he estado aquí, ¿vale?\nGuárdame el secreto. Si los profes\nse enteran, me caerá una buena."
81000510,ほっほっほっ。,"Jo, jo, jo."
81000510,�「しゅうようめいと」\nっていう　%2F学校の　\nお%1F兄ちゃんたちが%1F来て\fゲームを　ゴッソリ\n%1F買っていったよ！\n２%1F本なんて　まだまだだよね。,Unos alumnos del Instituto Otaku\nhan comprado todos los juegos.\fLlevarse solo dos no es nada en\ncomparación...
81000520,4あーん？\n%1F買わねぇんなら　%1F出ていきな！,No sé si volver a esquiar... Hace\nmucho que no lo hago.
81000520,4えあろびくすで　\nないすばでぃを　めざすぞえ！,"¿Eh?\n¡Si no vas a comprar nada, lárgate!"
81000520,<この%1F店は　%1F品モノがおおくて　\nまよっちゃうよ！,Ojalá nuestro jefe fuese capaz\nde sonreír un poco más...\nLos clientes se van a asustar.
81000520,Pぼくも　プロの\nサッカーせんしゅになって　\nユニフォームを　きたいなぁ。,Quiero un palo de golf nuevo.\nNo sé si comprarlo sin\ndecírselo a mi mujer...
81000520,\%1F新しい　ゴルフクラブがほしいのだ。\n%1F妻にナイショで\n%1F買ってしまおうかなぁ…。,¡Conseguiré un cuerpo diez\ncon el aerobic!
81000520,\うちの%2F店長　もっと\nニコニコできないかなぁ…。\nお%1F客さんが　こわがっちゃうよ。,Yo también quiero ser jugador\nprofesional de fútbol y llevar\nuniforme.
81000520,いらっしゃーい！,Esta tienda tiene tantos productos\nque nunca sabes qué elegir.
81000520,ええぞー　ばあさん！,Bienvenido.\n¿Estás buscando algo en concreto?
81000530,$うおーっ　みるくちゃーんっ！,¡Oh! ¡Milk!
81000530,0おかえりなさいませー　\nご%2F主人さまー。,"Me alegro de volver a verle, señor."
81000530,4あれー　メイドさんたち\nどこいっただかーね？,¿Eh? ¿Adónde han ido\nlas doncellas?
81000530,@うおーんっ！\nメイドさんたちが\nいなくなっちゃったキーっ。,¡Oh!\n¡Las doncellas han desaparecido!
81000530,@ほへー。\fメイドさんを%1F見てると\nとっても　%1F幸せだーよ,¿Eh?\fVer a las doncellas me hace\nmuy feliz.
81000530,@オ　オレ\nこんな　かんげいをうけたの\nはじめてだキーっ。,Es la primera vez que\nalguien me recibe con tanto\nentusiasmo...
81000530,Dうおーっ　みるくちゃーんっ！\nどこに%1F行ったんだーっい！！,¡Oh! ¡Milk!\n¿Dónde te has metido?
81000530,Hでへへ　メイドさんに\nケチャップでハート\nかいてもらっちゃった。,"Je, je. Una de las doncellas\nme ha dibujado un corazón con\nketchup sobre la comida."
81000530,Lおったまげただー。\nこげな　カッコしたムスメさん\nはじめてみただーよ。,Me he quedado de piedra.\nEs la primera vez que veo a\nchicas con esas pintas.
81000530,Lメイドさんが　つくってくれた\nオムライスの%1F味が\n%1F忘れられないよ。,Nunca olvidaré el sabor de\nla tortilla que me ha preparado\nla doncella.
81000530,Xまったく　けしからんっ。　\nごかいするなよ\nわたしは　%2F調査で%1F来ているのだ！,Habrase visto... No te confundas.\n¡Yo he venido a investigar!
81000530,dメイドさんに　もう%2F夢中ッキー！\n%3F野生中の%1F近くにも　メイド%2F喫茶\nできてほしいッキー！,¡Adoro a las doncellas! ¡Quiero que\npongan una cafetería de doncellas\ncerca del Instituto Wild también!
81000530,tみるくちゃーんっ！\nめろんちゃーんっ！\nいちごちゃーんっ！\fみんな　かくれてないで\n%1F出ておいでーーいっ。,¡Milk! ¡Melon! ¡Strawberry!\f¡No os escondáis! ¡Venid aquí!
81000530,xむほほほっ\n%3F居酒屋「%3F金閣寺」の\nサリーちゃんも　いいけど\fムチムチプリンッ　な\nメイドさんも　たまらんのう。,"Jo, jo, jo. Samantha, la del bar\nEl templo de oro, está como un\nqueso, pero...\fes que estas doncellas tan\nadorables me vuelven loco."
81000530,ｨぐふふ〜っ　いらっしゃいっ！\nボク　ココロをいれかえちゃって\n%1F新メイド%2F喫茶をオープンしたヨ〜。\fうーんと　サービスしちゃうから\n%1F楽しんでってネッ　ネッ！,¡Muchas gracias a todos por haber\nvenido expresamente para ver a\nMilk!
81000530,�ぐふふ〜っ\n%1F何か　%1F町のヨウスやばくないっ？\fボク　こわくって\nメイド%2F喫茶に　\n%1F閉じこもっちゃってるもんネ〜！,"Ji, ji. ¡Bienvenido! He cambiado\nde opinión y al final he vuelto a\nabrir la cafetería.\fMm... Te invitaré a algo.\nAdelante y pásalo bien."
81000530,�なにっ　\nこのメイド%2F喫茶は\n%4F秋葉名戸の　ワナだったって？\fやっぱりな！　\nわたしも　そうじゃないかと　\n%1F思っていたのだ！,¡¿Cómo?! ¿Que lo de la cafetería\nde doncellas era una trampa puesta\npor los del Instituto Otaku?\f¡Ya me lo imaginaba!
81000561,<…ほんと　ガンコなところが\nじいちゃんにソックリだわ。,De verdad...\nEres tan tozudo como tu abuelo.
81000561,<おや　%1F守。　\n%2F今日は　%2F練習はおしまいかい？,"Hola, Mark. ¿Ya has terminado\nde entrenar hoy?"
81000561,<こらっ　%1F守。\nあんた　%2F宿題は%1F終わったの！？,"Ey, Mark. ¿Has terminado\nde hacer los deberes?"
81000561,@%1F守…\nあまり　%1F危ないことには　\nかかわらないでね…。,"Mark...\nIntenta no meterte en líos, ¿vale?"
81000561,@%1F守。　\nあまり%1F母さんを\n%2F心配させてはいけないよ。,"Mark, no hagas que tu madre\nse preocupe."
81000561,\%1F守。　\n%2F自分の%1F信じる%1F道を%1F行きなさい。\n%1F父さんは　%2F見守っているぞ。,"Sigue el camino que consideres\ncorrecto. Yo te apoyaré, Mark."
81000562,4あー　のどかわいた。\nジュース　%1F買おっと。,Tengo sed. Me voy a comprar\nun zumo.
81000562,4なにっ　\nあのアイドルに　%2F恋人だって！？,¡¿Cómo?! ¿Que esa famosa\ntiene novio?
81000562,Lうう…　ガマンよガマンっ。\nダイエットするって\n%1F決めたんだから。,"¡Rojo, amarillo!\n¡Azul, verde!"
81000562,Lとなりのおっさんが\nうるさくって\nゆっくり　%1F立ちよみできないよ。,"Cof, cof. ¡Uoh! ¡Ah! Hum..."
81000562,Pうっ　うおっ\nうおおお〜んっ…。\nこの%2F小説　なんてイイ%1F話なんだ…。,Ugh... ¡Uoh! ¡Aaaaah!\nEsta novela tiene un argumento\nmuy bueno...
81000562,X%3F秘伝書の%1F技は\n%1F緑　→　%1F青　→　%1F赤　の%2F順番に\n%1F強くなるんだ！,"Las de regate azules, y verdes las\nde defensa. ¿Te has quedado con\nla copla?"
81000562,Xま　もしかしたら\nもっと%1F強い%1F技も　あるかもね。\nどう　%1F役にたったかな？,¡Ejem! Yo soy el erudito de los\ncuadernos secretos.\fTe explicaré cuál es la diferencia\nentre los distintos colores de\nlos cuadernos.
81000562,pえっへん！　\nボクは　%3F秘伝書ハカセだぞ。\fキミに　%3F秘伝書の%1F色の\nちがいについて%1F教えてあげよう！,"Los colores de los cuadernos\nsecretos indican de qué tipo\nde técnica se trata.\fLas técnicas de tiro son rojas,\nlas de portero amarillas..."
81000562,いらっしゃいませー。,"Ugh... No puedo, no puedo.\nMe he puesto a dieta y tengo\nque respetarla."
81000562,みどりー　あおー　あかー。,¡Ejem! Soy el erudito de\nlos cuadernos secretos.\fTe explicaré cuál es la diferencia\nentre los distintos colores de\nlos cuadernos.
81000563,Hいらっしゃいませー。\n%2F稲妻%2F薬局　%2F駅前%1F店へようこそー。,"Hola, bienvenido a la farmacia de\nla estación de Inazuma."
81000563,Hはぁ　つかれた。\n%2F栄養ドリンクでも\n%1F買って%1F帰ろうかな…。,"Aaah, qué cansado estoy.\nDe camino a casa me compraré\nuna bebida energética."
81000563,Xウチの%1F子　よくケガするの。\nばんそうこうが　\nいくらあっても　%1F足りないわ。,"Chico, ¿no crees que deberías\ncomprar más cosas?\nHombre prevenido vale por tres.\fEehm... ¿Era por dos o por tres?"
81000563,p%2F少年よ　%1F買い%1F忘れはないのかえ？\nうれいあれば　そなえなし　\nじゃぞ！\f…はて　%1F逆じゃったかの？,"Aaah, qué cansado estoy.\nMe compraré una bebida\nenergética y me iré a casa."
81000563,いらっしゃいませー。,Mi hijo se pelea muy a menudo.\nSiempre andamos cortos de tiritas\nen casa.
81000570,H%2F帝国に%1F足をふみ%1F入れて\n%1F無キズで%1F帰れると%1F思うなよ！,"Si entráis en la Royal Academy,\nos aseguro que no saldréis ilesos."
81000570,Lバカな…　%4F帝国学園が\n%2F完敗だと…？\n%1F認めん　%1F認めんぞっ！！,¡La Royal os machacará en\nel partido del torneo nacional!\n¡Que no os quepa la menor duda!
81000570,Xこの%1F先は　スタジアムだ。\nわれら%4F帝国学園の%1F力\n%1F思い%1F知らせてくれる！,La Royal Academy ha ganado el\ntorneo 40 años seguidos. Lástima\nque este año no pueda ser...
81000570,d%2F鬼道さまは　いらっしゃらないが\n%2F来年は　かならずキサマらを%1F倒す！\n%2F覚悟していろよ！,"Ahora que el comandante no está,\nlos estudiantes estamos intentando\nrecuperar la normalidad."
81000570,dわれら%2F帝国は　%2F総帥がおらずとも\n%2F生徒の%1F力によって\n%1F立ち%1F直ろうとしているのだ。,No puede ser... ¿La Royal\nha perdido?... ¡No me lo creo!\n¡¡No me lo creo!!
81000570,hわれら　%4F帝国学園は　\n４０%2F年間　%2F優勝してきたのだ。\nキサマらとは　%1F格がちがうのだよ！,La Royal Academy ha ganado el\ntorneo 40 años seguidos. ¡Es como\nsi fuera de otra dimensión!
81000570,lわれら%2F帝国は　%4F全国大会で　\nかならずキサマらを%1F倒す！\nいい%1F気になるのも　%1F今のうちだ！,Seguid adelante y llegaréis al estadio.\n¡Os va a caer la del pulpo!
81000580,8%3F世宇子%2F学園…\nいったい　%1F何ものなのだ…！,¿De dónde han salido los\ndel Instituto Zeus?
81000580,H%3F豪炎寺くんと　%2F鬼道くん…\nどっちを%2F応援しようかしら…。,Axel o Jude...\nNo sé a quién animar de los dos...
81000580,T%2F土門をチームに%1F引きこむとは…\nキサマら　どんな%1F手を\nつかったんだ！,¿Qué artimaña habéis utilizado\npara convencer a Bobby de que\nse pase a vuestro equipo?
81000580,X%2F鬼道さまが　%1F何か\nなやんでいらっしゃるようだ。\nあの%1F方らしくもないな…。,Parece que Jude está preocupado\npor algo. Qué raro...
81000580,`%2F総帥が%2F逮捕されるとは…。\n%4F帝国学園は　これから\nどうなってしまうのだろうか…。,Quién nos iba a decir que\narrestarían al comandante... ¿Qué\nva a pasar con la Royal Academy?
81000580,`%2F鬼道さまは　なんだか%2F以前より\nおだやかになられたようだ。\n%1F何かあったのだろうか？,Jude está más sereno que antes.\n¿Le habrá ocurrido algo?...
81000580,h%2F鬼道さまが　%2F雷門に%1F入るとは…。\n%2F円堂…　だったか？\n%2F鬼道さまを　よろしくたのむぞ。,Se ve que los jugadores del equipo\nde fútbol están en el hospital\ncon heridas graves...\fPero estoy convencido de que\nlas heridas del corazón son\nmás profundas que las físicas.
81000580,うわー　%1F高いなァ。,Va a ser un partido muy\nemocionante.
81000580,撃�の%3F決勝戦の%1F後　%2F鬼道さまたちは　\n%1F今まで%2F以上にキビしい%2F練習を\nされているようだ。\nおまえたち　%2F覚悟しておけよ！,"Tras la final, Jude y el resto\ndel equipo han empezado a entrenar\naún más duro que antes. \fYa os podéis ir preparando..."
81000580,､サッカー%1F部のメンバーが\n%1F大ケガのため　%2F入院されたらしい…。\fだが　あんな%1F負けかたでは\n%1F体のキズより　%1F心のキズのほうが\n%1F深いであろうな…。,El caos reina en la Royal porque\nJude traicionó al comandante.\fPero yo creo que Jude hizo\nlo correcto.
81000580,ｬ%2F鬼道さまたち　サッカー%1F部は\nおまえたちと%1F戦った%1F時より\n%1F力をつけておられたのだ…。\fそれなのに\nまったく%1F歯が%1F立たないとは…\nなんということだ…。,"Jude y los demás ahora son\nmucho más fuertes que cuando\nse enfrentaron a vosotros.\fPero, a pesar de todo, no han\npodido estar a la altura...\nEs hasta difícil de creer..."
81000590,0%1F去れ！\nスタジアムは　こちらではない。,¡Lárgate!\n¡Al estadio no se va por aquí!
81000590,Dカクゴができたならば\n%2F正面のトビラから%1F先へすすむがよい。,"Si creéis que ya estáis preparados,\nentrad por la puerta principal."
81000590,Lここは　%4F全国大会スタジアム。\n%2F影山%2F総帥がおられる%2F場所だ。,Este es el estadio del torneo\nnacional. El comandante Ray\nDark se encuentra aquí.
81000590,T%2F影山%2F総帥に　さからうとは…\nキサマら　もう\n%1F後もどりはできぬぞ…！,Le habéis plantado cara al\ncomandante y ahora pagaréis por\nello. Ya no hay vuelta atrás.
81000600,$%1F立ち%1F去れ　おろかもの！,¡Márchate ahora mismo!
81000600,Tこの%1F先は　ひかえ%1F室だ。\nおとなしく　さばきの%1F時を　\n%1F待つがいい。,Este es vuestro vestuario.\nEsperad aquí sin armar follón.
81000600,だれだ　キサマ！,¿Quién demonios eres?
81000640,<ここは%3F警備室…　\nおろかものよ　%1F立ち%1F去れ！,Esta es la sala de vigilancia.\n¡Fuera de aquí!
81000660,dちなみに「ねっけつ%2F特訓」と%1F違い\nチーム%2F全員の%2F能力を\n１%1F度にアップできますよ。,"Por cierto, a diferencia del\nentrenamiento especial, aquí sube\nel nivel de todo el equipo a la vez."
81000660,р謔､こそ　イナビカリ%3F修練場へ。\fここでは　コースをクリアすることで\n%2F特定の%2F能力を　アップする\nことができるのです。,"Bienvenido al centro de\nentrenamiento Centella.\fAl completar uno de los circuitos,\nmejorará uno de los parámetros\nde tus jugadores."
81000660,怩ｽだし　そうカンタンに\nクリアすることは\nできないでしょうが…。\f２つの%2F特性を　うまく%1F使い%1F分けて\nさらなるパワーアップを\nめざして%1F下さい。,"Sin embargo, llegar al final de\nla ruta no es sencillo.\fHaz un buen uso de los dos tipos\nde entrenamiento para conseguir\nun equipo aún más fuerte."
81000730,\なんか　むこうに\nスッゴい%1F車がとまってるッポ。\nオレ　%1F見に%1F行っちゃおッポ。,Por allí hay un coche que es una\npasada. Me voy a verlo.
81000730,dサッカー%1F部の　%4F他山監督って\nコーフンすると　ほえるッチ。\nまるで　ターザンみたいだッチ。,El entrenador del club de fútbol\nruge como una bestia cuando\nse emociona. Parece Tarzán.
84000001,$もしもし？\nセンパイですか？,¡Hola! ¿Mark?
84000001,<スカウトしたいんだったら\n%2F部室に%1F来てくださいね！,"Cuando quieras reclutar a\nun jugador, ven al club, ¿vale?"
84000001,Dまだスカウト%1F中なんです。\nもう%1F少し%1F待ってくださいね！,"Aún estoy buscando.\nEspera un poquito más, porfa."
84000001,Hもうっ！\n%1F目の%1F前にいるのに\n%2F電話してこないでくださいよ！,"¡Pero si me tienes delante! Je, je.\n¡No hace falta que me llames!"
84000001,Xもうっ！\nそんなに　せかさないでくださいよ！\n%1F今　%2F部室に%1F戻ってますから！,"¡No seas tan impaciente, porfa!\nYa estoy volviendo al club."
84000001,tスカウトしていた%1F人が%1F見つかりました！\nリストは　わたしが%1F持ってますから\n%2F部室に%1F来てくださいね！,¡He encontrado lo que buscabas! \nVen a verme al club para ver\nlos resultados.
84000002,4え？　スカウトをやめちゃって\nいいんですか？,¿Eh? ¿Quieres que deje de buscar?
84000002,8わかりました！\nそれじゃ　%2F部室にもどりますね！,"De acuerdo. \nEntonces, me vuelvo al club."
84000002,Dスッゴイ%2F選手を%1F見つけてきますから\n%2F安心してください！,"¡Encontraré a los mejores\njugadores, no te preocupes!"
84000002,Dセンパイの%1F言っていた%2F選手は\nもう　%1F見つかってますよ？,Ya he encontrado al jugador\nque me has pedido.
84000002,Hもうっ！\n%1F目の%1F前にいるのに\n%2F電話してこないでくださいよ！,"¡Pero si me tienes delante! Je, je.\n¡No hace falta que me llames!"
84000002,L%1F新しくスカウトしたいなら\n%2F部室に%1F来てもらっても　いいですか？,"Si quieres reclutar a alguien más,\nven a la caseta del club, por favor."
84000002,Xもうっ！\nそんなに　せかさないでくださいよ！\n%1F今　%2F部室に%1F戻ってますから！,"¡No seas tan impaciente, porfa!\nYa estoy volviendo al club."
84000002,hあれれ？　%1F今はスカウトしてませんよ？\nスカウトしたいんだったら\n%2F部室に%1F来てくださいね！,"¿Eh? Ahora no estoy buscando\na nadie. Si quieres reclutar a\nalguien, ven a la caseta del club."
84000002,はい！\n%2F春奈です！,"Hola, soy Celia."
84000003,T%1F今は　%2F電話に%1F出られないの。\nまた%1F後で　かけなおしてくださいねー！,"En estos momentos no puedo\natenderte. ¡Llámame más tarde,\npor favor!"
84000003,はい！\n%2F春奈です！,"Hola, soy Celia."
84000004,T%1F今は　%2F電話に%1F出られないの。\nまた%1F後で　かけなおしてくださいねー！,"En estos momentos no puedo\natenderte. ¡Llámame más tarde,\npor favor!"
84000004,はい！\n%2F春奈です！,"Hola, soy Celia."
85000001,@%1F引き%1F抜きしたいんだったら\n%2F部室に%1F来るといいわ。,"Si quieres fichar a alguien,\nacércate a la caseta del club."
85000001,@まだ%1F引き%1F抜き%1F中よ。\nもう%1F少し%1F待ちなさい。,"Aún no he terminado de investigar.\nTen un poco más de paciencia,\npor favor."
85000001,Pな　%1F何よ？\n%1F目の%1F前にいるのに\n%2F電話してこないでくれるかしら？,¿Eres tonto?\n¿Para qué me llamas si me\ntienes delante de tus narices?
85000001,p%1F引き%1F抜きしていた%1F人が%1F見つかってるわ。\nリストは　わたしが%1F持っているから\n%2F部室にきなさい！,He encontrado a los jugadores\ndel equipo que me dijiste. Ven\nal club para ver la lista.
85000001,もしもし？\n%2F夏未よ。,"Hola, soy Nelly."
85000002,L%1F今は　%2F電話に%1F出られないわ。\nまた%1F後で　かけなおしなさい。,"Por favor, inténtelo de nuevo más tarde."
85000002,もしもし？\n%2F夏未よ。,El teléfono al que ha llamado está\napagado o fuera de cobertura.
86000001,$すでに　%1F開いているようだ。,Parece que está durmiendo...
86000001,$なぜか　%1F開かないようだ。,"Un nuevo estudio revela que las\nhabilidades están interrelacionadas.\fSi entrenas una demasiado, debilitas otras.\fFíjate en cómo se relacionan las\nhabilidades para decidir el mejor\nentrenamiento para un jugador."
86000001,$カギが　かかっているようだ。,Parece que ya está abierta.
86000001,%1F眠っているようだ…。,Por alguna razón no se abre.
86000001,0%3F雷門中の%2F校訓だ。「%2F努力と%2F根性」,¡Peligro!\nProhibido subir a la torre.
86000001,H　　　　　　　！%2F危険！\n　　　%2F鉄塔に%1F登らないで%1F下さい。,Está cerrada con llave.
86000001,d「%2F帝国%2F学園をやぶった%2F雷門サッカー%1F部！\n　%2F今度は%4F尾刈斗中との%4F練習試合！」,No responde.\nAhora no es posible entrenar.
86000001,l\n　　〜%2F今週の%1F売れすじＴＯＰ３〜\f　１　クッキーフレーバー\n　２　おにぎり\n　３　ぎゅうにゅう,"¡Os traigo información importante!\nMark, Axel, Steve, Tod, tengo\nun mensaje para vosotros."
90000006,<また　スカウトしたいときは\n部室まで　来てくださいね！,¡Nathan Swift te acompañará!
91010000,h%2F帝国の%1F人たちは　もう%2F準備して\n%1F待ってるよ！\f%1F私たちも　%1F急いで%2F準備しましょう。,¿Quieres ir al mapa?
91010000,いそ,¡Sam Kincaid se te ha unido!
91010000,じゅんび,¡Jack Wallside te acompañará!
91010000,ひと,¡Nathan Swift te acompañará!
91010000,わたし,¡Tod Ironside se te ha unido!
91200000,%s\nが仲間になった！,¡%s se te ha unido!
92010100,$ああ！　%2F試合にそなえてさ！,"Mark, ¿cómo vamos a poder\njugar siendo tan pocos?"
92010100,$そうそう　ビデオ%1F見ようぜ！,¿Por qué Mark se\nflipa tanto él solo?
92010100,$なぁ！　やろうぜ　%2F練習！,"¡Venga, vamos a entrenar!"
92010100,%2F練習スかぁ〜。,¡Sí! ¡Hay que prepararse\npara el próximo partido!
92010100,",%1F悪いものでも\n%1F食べたんスかねえ？",No sé de qué nos sirve ser un\nequipo de fútbol si no podemos\nni utilizar el campo...
92010100,8%2F円堂のヤツ　なに%2F１人で\nあつくなってるんだ？,"A lo mejor ha comido algo\nraro, vete tú a saber."
92010100,@%2F円堂さん　この%2F人数で%2F試合なんか\nできるんですか？,¿Solo por ser el equipo de fútbol\ntenemos que estar siempre dándole\nal balón? Qué rollo...
92010100,T%2F練習っていっても\nサッカー%1F部がグラウンドを%1F使えるか\nわからないし…。,"Se comenta que quieren cargarse\nel equipo... Ya da igual todo,\nvamos a acabar desapareciendo..."
92010100,`サッカー%1F部だからって　サッカーだけを\nやんなきゃいけないって%2F理屈は\nないでやんしょ？,¡Vamos a quedarnos a ver la tele!
92010200,ﾄやっぱりこのままじゃダメだ。\nとにかくオレ%2F１人でも\n%2F練習を%1F始めなきゃ。\f%2F今日ぐらいは　グラウンドが\nあいているといいんだけどな…。\fとりあえず　ようすを\n%1F見に%1F行ってみるか。,No podemos seguir así. Iré a\nentrenar aunque vaya solo.\fOjalá hoy el campo esté libre...\nVoy a echar un vistazo.
92010250,рｻんなに%1F急いで　ドコに%1F行くのさ？\fボクが　この%2F学園での\n%2F生活のコツを%1F教えてあげるから\nまあ　%1F聞いていきなよ。,Utiliza esta opción cuando quieras\ntomarte un descansillo.
92010250,ちょっと　ちょっと！,¿Adónde vas con esas prisas?\nDeja que te enseñe cómo funcionan\nlas cosas en el Instituto Raimon.
92010250,ｰまずは　【Ｂボタン】の%1F使い%1F方ね。\f【Ｂボタン】を　おしながら\n%2F移動すると%1F速く%1F走れちゃうのさ。\fチコクしちゃう！　って%1F時に\nこれが　たよりになるんだよね。,"Qué, no te viene mal saberlo,\n¿verdad? No te olvides de pasar a\nsaludarme cada vez que me veas.\f¡Tengo consejos muy buenos que\ndarte!"
92010300,%s\nが仲間になった！,¡%s se te ha unido!
92010320,0%2F本当ですか？\nありがとうございます。,Parece que va a tardar algo...\nNo pasa nada. Ya se lo diré yo\nal profesor Wintersea.
92010320,8うん　グラウンドに\n%1F戻りましょう　%2F円堂くん。,"Sí, muchas gracias, Silvia. ¡No\nretrasemos más el entrenamiento!"
92010320,Dああ　ありがとう　%2F木野。\nそれじゃあ\nさっそく%2F練習だ！,"Qué bien, ¿verdad, Mark?\nYa se puede usar el campo."
92010320,Dよかったね　%2F円堂くん。\nこれでグラウンドが\n%1F使えるよ。,¿En serio? Muchas gracias.
92010320,Hそうなんですか。\nじゃあグラウンドの%4F使用許可は\nどうしよう…。,¿Eh? Wintersea no está ahora.\nCreo que el director le ha\nllamado a su despacho...
92010320,`え？　%4F冬海先生は%1F今はいないようだな。\nたしか%3F校長室によばれていた\nみたいだが…。,"Anda, si es Mark. Oye, el equipo de\nfútbol no sale de la caseta.\n¿Es que no puedes hacer algo?\fSois un mal ejemplo para el resto\nde clubes deportivos."
92010320,|しばらく%1F戻らない\n%2F様子だったからな…。\fしかたない。\n%2F今回はわたしが%4F冬海先生に\n%1F伝えておいてやろう。,"Ah, ¿sí? Entonces, ¿qué puedo\nhacer para conseguir permiso\npara jugar en el campo?..."
92010340,Xそして　あこがれの\nフットボールフロンティアの\n%2F全国%2F大会に　%2F出場する！,"Ju, ju... Ya me he cansado de\nabusar de birriosos. El club de\nrugby se queda hoy con el campo.\f¡Arreando, que es gerundio!"
92010340,しゅつじょう,Maldición... No puedo dejar\nque hable así del equipo...
92010340,ぜんこく,Ahora me entero de que al fútbol\nse puede jugar solo.
92010340,たいかい,¡Vuelve a tu caseta destartalada\ny ponte a jugar con tus amiguitos!
92010400,%1F今のは…。,"No, nada. Solo estaba mirando.\fMe llamaba la atención que\ntuvierais todo tan sucio."
92010400,%1F誰だ？　あいつ。,Si era...
92010400,T…！\fな　なんでもないわ。\nきたない%2F部室だと%1F思って\n%1F見ていただけよ。,Eh... ¿Querías algo?
92010400,`…%1F気になるけど\n%4F冬海先生の%1F話が%1F先だよね。\nはやく　%2F部室に%1F入りましょう。,¿Y esa chica?
92010500,@%2F相手は　%4F帝国学園です。\nどうです　すごいでしょう？,La Royal Academy.\n¿No es fantástico?
92010500,Dこの４０%1F年ずっと\n%4F全国大会で%2F優勝している\nあの…？,¿Los que llevan 40 años ganando\nel torneo nacional?...
92010500,Pて　%2F帝国？\nそれって　%2F最強といわれる\n%4F帝国学園のことでやんすか？,¿La Royal? ¿Estamos hablando del\ninstituto con el mejor equipo\ndel país?
92010500,Xえ〜？　いったいどこが\nうちなんかと　%4F練習試合をしようって\nいうんでやんす？,¿Eh? ¿Y qué equipo está tan\ndesesperado como para querer\nenfrentarse a nosotros?
92010500,hうちは%1F今　７%1F人しか\n%2F部員がいないんですよ？\n%2F帝国となんて　%2F試合になりませんって！,¡Pero si solo somos 7! ¡No tenemos\nni equipo para jugar contra ellos!
92010500,t%1F今のまま　%2F帝国の%2F選手をむかえては\nとんだ%1F恥さらしですからね。\fそれでは　%1F話は%2F以上ですので。,"Sí, así lo han decidido tanto\nel director como el presidente de\nla Junta escolar.\fOs he reservado el campo,\nasí que id a prepararos."
92010500,x%2F冬海の%1F話なんて　どうせまた\n%2F部室の　そうじをしろだとか\nろくな%1F話じゃないさ。\f…おっと　%1F来たぜ。,"Seguro que Wintersea no tiene nada\nbueno que decirnos. Querrá que\nlimpiemos el club o algo así.\fOh, ya está aquí."
92010500,ええっ？\n%2F廃部！？,"Si os faltan jugadores, solo tenéis\nque reclutarlos antes del día del\npartido.\fSabed que si no conseguís ganar,\nel club de fútbol... pasará a\nmejor vida."
92010500,ｬええ　これは%2F校長と%3F理事長\nお%2F２人が　%2F決定されたことなのです。\fグラウンドを%1F使えるように\nたのんでおきましたから\nきちんと　%2F整備しておいてくださいよ。,¿Qué? ¿Nos dejáis sin club?
92010500,ﾀよろしい。\n%2F全員　%1F集まっているようですね。\fえ〜　それでは　みなさんに\nお%1F知らせがあります。\f%2F突然ですが　１%3F週間後に\n%1F久しぶりの%4F練習試合を\nすることになりました。,"Muy bien, parece que estamos\ntodos. Tengo algo que comunicaros.\fBueno, seré breve... Os hemos\norganizado un partido amistoso\npara dentro de una semana."
92010510,",へぇー　%2F最近はいろいろあるんだな。",¡Esa es la señal de que he\nactualizado el blog!
92010510,4ためしに　%1F今から%1F書くから%1F見ててね！,¡Échale un vistazo de vez en\ncuando! Escribiré un montón de\ncosas sobre el equipo.
92010510,4とはいったものの\nアイツ　どこにいったのかな？,"A todo esto, a saber por dónde\npara Axel ahora..."
92010510,<あ！　それと%2F円堂くん。\n【ブログ】って%1F知ってる？,"Es una especie de diario personal\nque llevo en el móvil, y que\ntodo el que quiera puede leer."
92010510,<これが　ブログを%2F更新しました！\nって%2F合図なの。,"¡Cuando tengas dudas sobre qué\nhacer, lee el Futblog!\fBueno, Mark, ¡vamos a buscar\na Axel!"
92010510,\%2F円堂くんもたまにはのぞいてみて！\nチームのこととか\nいろいろ%1F書いておくからね。,¡Pregunta a la gente y da con Axel!
92010510,dケータイでやる%2F日記みたいなもの\nなんだけど　%1F他の%1F人も\nそれを%1F見たりできるんだよ。,¡Voy a escribir una entrada de\nprueba para que la leas!
92010510,xまだ　%2F校内にいるといいんだけど。\n%3F豪炎寺くんを%1F見た%1F人がいないか\nとにかく%1F周りに%1F聞いてみましょう。,Confiemos en que aún esté en\nel instituto. Vamos a preguntar\nsi alguien le ha visto.
92010510,なんだそれ？,"Anda, ¡qué puesta al día estás!"
92010520,l%3F豪炎寺　もう%1F帰っちゃったんだな…。\fとりあえず　オレたちも\n%2F正門の%1F方へ%1F行ってみるか。,"Si te refieres al chico nuevo, hace\nbastante rato que se ha ido por la\npuerta trasera.\fMira que irse a casa por ahí\nel mismo día en que se cambia\nde instituto... Qué raro...\fYa han cerrado esta puerta, así\nque si queréis salir tendréis\nque utilizar la principal."
92010550,<%2F全体マップに\n%2F鉄塔エリア　が%2F追加されました。,¡Sal por la puerta principal!
92010550,<え？　%2F円堂くん　いったい\nどこに%1F行くつもりなの？,"Ya lo verás, ¡no te preocupes!\nDe momento vayamos hacia la puerta\nprincipal."
92010550,Lそうだ　%2F木野も%1F行かないか？\nきっと　おまえも%1F気に%1F入るぜ！,"¿Eh? Pero ¿adónde quieres\nir, Mark?"
92010550,Tいいから　%1F楽しみにしてろって！\nとりあえず　%2F正門から%1F外に%1F出ようぜ！,El área de la torre se ha añadido\nal mapa general.
92010550,h%3F豪炎寺くん\n%1F帰っちゃったみたいだね…。\f%3F今日中に%1F会うのは　\nむずかしいかもしれないよ？,Parece que Axel se ha ido...\nPuede que ya no le veamos hoy.
92010550,p%2F明日まで%1F待つしかないのか…。\fなんだかスッキリしないな。\nこんな%1F時は　あそこに%1F行ってみるか。,¿Tenemos que esperar hasta\nmañana? No me quedo nada\ntranquilo. Miraré por allí.
92010550,あそこって？,"Ya sé, ¿por qué no vienes conmigo?\n¡Será divertido!"
92010600,0…%2F鉄塔？\nあそこって%1F何かあったっけ？,¿La torre? ¿Hay algo ahí?
92010600,4さあ！\n%2F目指すは　この%1F先の%2F鉄塔だ！,¡Bien! Nuestro destino es la torre\nde aquí delante.
92010600,8いいから　いいから！\nいいもの%1F見せてやるって！,¡Tú ven y ya verás!\n¡Te enseñaré algo muy chulo!
92010620,@ここから　%1F上にのぼれるんだ。\nさあ　ついて%1F来てくれ！,"Por aquí se puede subir.\n¡Vamos, ven conmigo!"
92010640,%1F見ろよ　ここ！,¿Ves por qué te dije que podía\nentrenarme yo solo? ¡Con esto\nme apaño!
92010640,Lだから%1F言っただろ？\nこれさえあれば\n%2F１人でも%2F練習できるって！,"No... Cuando nací, mi abuelo\nya había muerto."
92010640,Lだから　オレも%1F何かあった%1F時は\nここに%1F来るようにしてるんだ！,"Gracias, Silvia.\n¡Me alegra poder contar contigo!"
92010640,P「これこそ　ダンプも%1F止めるムテキの%1F力\n　ゴッドハンドだ！！」ってさ！,Pero... que haya escrito algo\nasí... ¡Ese cuaderno es\nalucinante! ¡Menudo abuelo tienes!\f¿Juegas al fútbol con él?
92010640,Pいいや。\nオレが%1F生まれた%1F時には\nもう　じいちゃんはいなかったんだ。,Ah... Por eso este lugar es\nespecialmente significativo\npara ti.\fSeguro que tu pasión por\nel fútbol acabará dando\nsus frutos.
92010640,\へえ…　そうなんだ…。\nそれって　いつも%1F持ってるけど\nいったい%1F何のノートなの？,Son notas que dejó mi abuelo. Aquí\nestán detalladas unas rutinas de\nentrenamiento especiales.\fEn ellas se aprecia todo su cariño\npor el fútbol. Te enseñaré algo.
92010640,h%3F豪炎寺くんが%1F来てくれれば\n%2F帝国とも　いい%2F試合ができるって\nわたし　%1F信じてるから。,¡Vuelve a casa!
92010640,|「ゼッタイシュート%1F止める%1F技　その１！\n　%2F逆立ちし　ゆびの%1F力だけで\n　%2F毎日グラウンド　１００おうふく！」,¿La Ma... Mano celestial? Y...\n¿cómo puedes entender esa letra?\nYo no puedo leer qué pone...
92010640,|ゴ　ゴッドハンド…？\fそれに　その%1F字…　\nその…　わたしには%1F何て%1F書いてるのか　\nちょっと　%1F読めないけど…,"Creo que este cuaderno me lo ha\nenviado él desde el cielo.\fSegún pone aquí, cuando mi abuelo\nestaba preocupado por algo del\nequipo, venía a este lugar."
92010640,рﾇうだ　いいながめだろ！\f「%2F大介のスゴ%1F技%2F特訓ノート」によると\nここは　オレのじいちゃんの\nとっておきの%2F場所なんだ！,"¿Ah, sí?\nY ese cuaderno que llevas siempre\nencima... ¿qué es, exactamente?"
92010640,ここは…！,"¿Qué tal? Las vistas molan, ¿eh?\fEn el cuaderno de entrenamientos\nespeciales pone que este era el\nlugar favorito de mi abuelo David."
92010640,､でも　そんな%1F技のことが\n%1F書いてあるなんて　すごいノートだね！\nさすが　%2F円堂くんのおじいちゃん！\fおじいちゃんとも　いっしょに\nサッカーしたりするの？,¡Así que yo también vengo aquí\ncuando estoy preocupado por algo!
92010640,ｼこれは　オレのじいちゃんが\n%1F残してくれた　ノートなんだ。\fじいちゃんが　%1F考えた%2F特訓メニューや\nサッカーへの%1F思いが%1F書いてあるんだぜ。\fほら　%2F木野にも%1F見せてやるよ！,¡Mira esto!
92010640,ﾀこのノートは　%2F天国から\nじいちゃんが　%1F届けてくれたんだって\nオレは%1F思ってる。\fこのノートによると　じいちゃんは\nサッカーのことで　なやんだら\nここに%1F来るようにしてたんだって。,"Con Axel, puede que el partido\ncontra la Royal Academy sea\naún más emocionante si cabe."
92010640,�そうなんだ…。\n%2F円堂くんにとって　この%2F場所は　\nそんな%2F意味があったんだね。\f%2F円堂くんの　サッカーへのアツい%2F気持ち\nきっと　カタチになるよ。,"¡Eso debería decirlo yo!\nBueno, habrá que volver a casa.\nEstá oscureciendo."
92010700,%s\nが仲間になった！,¡%s se te ha unido!
92010720,ただいまー！,¡Ya estoy en casa!
92010730,$%1F聞いてくれ　じいちゃん！,"¡Escucha, abuelo!"
92010730,4なんかオレ　ひさしぶりに\nわくわくしたんだ。,Hacía mucho que no me\nemocionaba tanto al\nconocer a una persona.
92010730,P%2F今日さ　オレ　すげーヤツに%1F会ったよ。\n%3F豪炎寺っていうんだけどさ。,¡Hoy he conocido a alguien\nalucinante! Se llama Axel.
92010730,\おかえり　%1F守。\nご%1F飯できてるから　はやくカバンを\nおいて　%1F降りてきなさい。,"Hola, Mark. La cena ya está\npreparada, así que deja la\nmochila y ven a la mesa."
92010730,hあっ　%1F母ちゃん！\n%2F今日さ　すげーヤツに%1F会ったんだ。\nそれでさ　そいつのキックったらさ〜！,"¡Ah, mamá! Hoy he conocido a\nun chico increíble. ¡Tendrías\nque haberle visto chutar!"
92010730,hはいはい。\nご%1F飯を%1F食べながら%1F聞くわよ。\fまったくアンタは\nサッカーのことばかりねえ…。,"Sí, sí. Tú come, que ya te escucho.\nHay que ver, no haces más que\nhablar de fútbol, ¿eh?"
92010730,hサッカーって　やっぱいいよな。\fオレ　%2F明日からも　がんばるから\n%1F見ててくれよ　じいちゃん！,"El fútbol es una pasada. Mañana\nvolveré a entrenarme duro, abuelo.\n¡No dejes de mirarme desde arriba!"
92010730,ただいまー！,¡Ya estoy en casa!
92010750,%s\nが仲間になった！,¡%s se te ha unido!
92010800,%1F待ってくれ　%3F豪炎寺！,"¡Espera, Axel!"
92010820,",おい！\n%1F待ってくれよ　%3F豪炎寺！","¡Eh! ¡Espera, Axel!"
92010820,4%1F待つのはあなたよ。\n%2F見苦しい%1F人ね。,Tú sí que vas a esperar.\nEres un impresentable...
92010820,<どうしてなんだ？\nおまえ　サッカー%1F好きなんだろ？,"¿Por qué? Te gusta el fútbol, ¿no?"
92010820,Xなんだ？\fまた　おまえか…。　サッカーなら\nもう　やらないって%1F言ったはずだぜ。,"¿Qué pasa? Otra vez tú...\nSi es por lo del fútbol, ya\nte dije que no voy a jugar."
92010820,\え…？　%1F妹？\nどういうことだ？\fだいたいおまえ\nなんで　そんなこと%1F知ってるんだ？,"¿Eh? ¿Su hermana?\n¿Qué quieres decir?\fPara empezar, ¿por qué sabes eso?"
92010820,l%1F彼がサッカーをやめた%2F理由は\n%1F彼の%1F妹に%2F関係があるのよ。\fそっとしておいてあげたらどう？,La razón por la que no juega al\nfútbol guarda relación con su\nhermana. ¿Y si le dejas en paz?
92010820,なんだ？　%2F昨日の…。,¿Eh? La chica de ayer...
92010820,､…そんなことを%1F気にするヒマがあったら\n%1F足りない%2F部員を%1F集めたらどうなの。\fキャプテンのクセに\nそれもできないようなら\n%2F廃部になって%2F当然だわ。,"Deberías invertir tu tiempo en\npreocuparte por otras cosas.\nAún te faltan jugadores, ¿no?\fSi ni siquiera puedes formar un\nequipo, no me extrañaría que tu\nclub desapareciese."
92010820,�%1F言ったな！　いいさ　やってやる！\nあと４%1F人なんてカンタンさ。\fでも　オレには%1F分かる。\nあいつは　ゼッタイに　\nサッカーをやめたりしない！\fその%1F時のためにも　サッカー%1F部を\n%2F廃部になんてさせやしないんだ！,"¡Eso está por ver!\n¡Encontraré a los 4 jugadores\nque faltan, ya verás!\fYo sé que Axel no va a\ndejar el fútbol así como así.\f¡No permitiré que os carguéis el\nequipo de fútbol! Él también\njugará con nosotros algún día."
92010900,<キミたち　%1F今ごろ%2F部員を\n%1F集めだしたんだって？,"Habéis empezado a buscar\njugadores para vuestro\nequipo, ¿no?"
92010900,@ああ。　おまえもどうだ？\nいっしょに　サッカーやろうぜ！,Sí. ¿Qué te parece?\n¿Te unirías a nosotros?
92010900,рｦえ〜　おことわりだよ。\nそんなカッコ%1F悪いこと…。\fああ　でも%2F最後の%2F１人として\n%2F入部っていうのなら　いいかもね。,"¿Eh? Me temo que no.\nEs tan vulgar...\fAunque... si fuera el último\njugador que necesitas, puede\nque cambiase de opinión."
92010900,ちょっと　ちょっと！,"¡Eh, oye!"
92011000,$やったじゃない　%2F円堂くん！,"¡Muy bien, Mark!"
92011000,",まさか　ホントに%1F集めるなんて…。",Pensaba que no lo conseguiría...
92011000,8みんな！\nついに%2F部員が１１%1F人%1F集まったぞ！,¡Chicos! ¡Por fin somos once!
92011000,@でも　これで%2F帝国と\n%2F試合するしかないってことだね。,Ahora sí que no podemos escapar\ndel partido contra la Royal.
92011000,Dキャプテン　もしかして\n%2F本気で%1F勝つつもりなんですかね？,¿De verdad el capitán se piensa\nque somos capaces de ganar?
92011000,dああ　%1F久しぶりの%2F試合だな！\nさっそく　%3F紅白戦で%2F練習だ！\fみんな　しまっていこうぜ！,"¡Sí, ya tocaba disputar un\nencuentro después de tanto tiempo!\f¡Vamos a hacer un partidillo\npara entrenar! ¡Venga chicos,\nque se note que somos una piña!"
92011000,ほんき,"Vete a saber, pero a estas alturas\nya poco podemos hacer.\fHay que resignarse.\nVamos con ese partidillo."
92011100,%s\nが仲間になった！,¡%s se te ha unido!
92011300,$ああっ！　%2F帝国が%1F来た！,La Royal Academy...\nNo es un rival cualquiera.
92011300,$一時的に壁山をチームから外す,El partido contra la Royal está\na punto de empezar.\fHemos estado entrenando mucho\ndurante una semana.\n¡Ya solo queda ir a por ellos!
92011300,L…ああ　わかってるさ。\fしっかり%1F見てろよ！\nオレたちの%2F試合を！,¡Aagh! ¡La Royal Academy ya\nha llegado!
92011300,Xついに　%1F始まるようね。\n%2F廃部の%2F覚悟はできたの？\n%2F熱血キャプテンさん。,Puf. Nadie da ni un céntimo\npor vosotros. La eliminación\nde vuestro equipo es un hecho.\fLo único que os pido es que no\npongáis por los suelos el nombre\nde este instituto.
92011300,\%2F円堂さん！\n%1F窓の%1F外を%1F見てください！\n%2F帝国のやつらが%1F来たみたいです！,Ya están aquí...
92011300,ついに　%1F来たか…！,"El club no desaparecerá mientras\nyo juegue en este equipo.\f¡Sea quien sea el rival, no\npodrá contra nosotros!"
92011300,激Iレがいるかぎり　サッカー%1F部を\n%2F廃部になんかさせない！\fたとえ　どんな%2F相手だろうと\nオレたちはゼッタイ%1F負けやしないんだ！,"Tranquila, no lo haremos.\n¡Tú mira cómo jugamos!\n¡Este será nuestro partido!"
92011300,�いよいよ%2F帝国との%2F試合だ…！\fこの１%2F週間　オレたちも　\nがんばって%2F練習したんだ。　　\nあとは%2F全力でぶつかるだけだぜ！,¡Mark! ¡Mira por la ventana!\n¡Los de la Royal han llegado!
92011400,@く　%1F苦しかった！\nやっぱりせますぎるっスよ　ここは！,¡Pe... perdóname!\nMe ha entrado un poco de miedo...
92011400,@ス　スミマセン！\nオレちょっと…\nコワくなっちゃったんス。,Uh... Pero...
92011400,SEの読み込み,¿Eh? ¿Qué pasa?
92011400,lせっかくここまで%1F来たんだぞ。\nいまさら%1F逃げ%1F出して　なんになる？\n%2F一緒にやろうぜ　サッカー！,Esperad. No podéis obligar a la\ngente a unirse a vuestro equipo.\nLas cosas no se hacen así.
92011400,pあんたたち　ちょっと%1F待つでごわす。\f%1F嫌がってるのをムリヤリとは\nとんでもない%1F人たちで　ごわすな。,Somos del club de sumo del Raimon.\nJack tiene aptitudes para estar en\nnuestro equipo y no en el vuestro.
92011400,うう…。　でも…。,¿Quiénes sois?
92011400,はっ　キャプテン！！,¡Ahora que por fin tenemos partido!\n¿De qué te sirve huir a estas\nalturas? ¡Juguemos al fútbol!
92011400,ぷはーっ！,¡Ah!... ¡Capitán!
92011400,ん？　なんだ！？,¡Que me asfixio! ¡Ya sabía yo que\nme faltaría espacio aquí dentro!
92011500,$ああ！　たのむぜ　%2F壁山！,"Jack, yo también estoy asustado,\npero las cosas no se solucionan\nescapando.\fSi huyes una vez, seguirás\nhuyendo toda la vida.\n¿Es así como quieres acabar?"
92011500,$さあ　%1F行こうぜ　%2F壁山！,"¡Venga, Jack! ¡Vamos!"
92011500,0%2F壁山　%3F塀吾郎　が%2F仲間になった。,"Lo siento, capitán.\n¡Haré lo que pueda!"
92011500,4よし　じゃあ\n%2F木野さんのところに%1F行こう！,"¡Eso es! ¡Gracias, Jack!"
92011500,Dキャプテン…。\nすいません。\nオレ　やれるだけやってみるっス！,Capitán... Yo...
92011500,きの,Jack Wallside se te ha unido.
92011500,怩ｭっ　そんな…。\nおいどんたちの　プレッシャーを\nものともしないなんて…。\fサッカーも　あなどれないでごわすね。\nここはいったん　%1F退くでごわすよ！,No puede ser... Nuestra presión no\nha surtido efecto. No teníamos que\nhaber menospreciado el fútbol.\f¡Nos retiramos por el momento!
92011600,%s\nが仲間になった！,¡%s se te ha unido!
92011752,@へえ…。\nうちに%1F呼んでも　つかえそうな\nやつなのか？,"Je... ¿Crees que podría jugar\nen nuestro equipo, si se lo\nofrecemos?"
92011752,\おい　%2F寺門よ。\nどうしてオレたちが　こんな%2F弱小と\n%2F試合しなきゃいけないんだ？,"Eh, Daniel... ¿Por qué tenemos\nque jugar contra un equipo de\nmatados como este?"
92011752,t%2F総帥は　ここに%2F転校してきた%2F選手を\n%1F気にしておられるのだ。\nしっかりと%2F実力を%1F見きわめてこい。,El comandante está interesado en\nun jugador que ha venido a estudiar\naquí. Tenemos que ver cómo lo hace.
92011752,垂ｻれは%2F総帥の%1F決めること…。\fオレたちは%2F命令どおりに%1F動くだけだ。\nどんな%2F目的だろうと\n%2F失敗はゆるされない。\f…%1F行くぞ！,"Eso depende del comandante...\fNosotros solo tenemos que seguir\nórdenes. Sea cual sea el objetivo,\nhay que cumplirlo. ¡Vamos!"
92011754,@%3F太刀打ちできる　%2F相手では\nなかったということを…。,Finalmente arrancó el partido\ncontra la Royal Academy.\nEntonces nos dimos cuenta...
92011755,4こんな…。\nこんなに　%1F違うものなのか…。,¡No puede ser!\n¿Tanta diferencia hay?
92011755,Lなに%1F言ってるんだ　コイツ？\nなんてことない　ただのシュートだぜ。,¿Qué le pasa a ese tío?\n¡Si mi tiro no era nada\ndel otro jueves!
92011755,くそっ…！,¡Maldita sea!...
92020200,4%3F豪炎寺　おまえ　%1F何か%1F聞いてないか？,Recuerda que no me voy a unir a tu\nequipo. Lo del último partido fue\nuna y no más.
92020200,Hおい！　%1F待てよ%3F豪炎寺！\nこの%1F間の%2F試合では　あんなに…！,¡Vale! Vamos a la sala de\nprofesores.\fWintersea nos dirá si lo del\namistoso es verdad o no.
92020200,d「%2F帝国%2F学園をやぶった%2F雷門サッカー%1F部！\n　%2F今度は%4F尾刈斗中との%4F練習試合！」,¿Qué es todo esto?
92020200,h%1F言っておくが\nオレはサッカー%1F部に%1F入るつもりはない。\nこの%1F間のは　あれっきりのことだ…。,"¡No te preocupes! ¡No necesitamos\na un tío sin ganas!\f¡Vamos a preguntarle a Wintersea\nsi es verdad!\f¡Si no nos damos prisa, no\ntendremos tiempo para entrenarnos\ncomo es debido!"
92020200,いいや…。,¿Qué le pasa?
92020200,な　なんだこれ？,"Axel, ¿tú sabías algo?"
92020200,なんだって？,"Kevin, en serio...\n¿qué te ha pasado?"
92020300,4%1F呪い…？\nそんなもの%2F本当にあるのかな？,¿Esas cosas existen de verdad?
92020300,Pでも　これで%1F私たちだけは\n%1F呪われずにすみますよね　%2F火来%2F校長？,"La invitación que nos ha mandado\nel Instituto Occult es terrorífica.\fPone que nos echarán una\nmaldición si no aceptamos...\fMuchos quieren jugar con nosotros\ntras ganar a la Royal, pero\nesta oferta es la más siniestra."
92020300,dしかしまだ%2F心配だ。\n%1F呪うならサッカー%2F部員だけにして\nくださいと　%1F書きそえておくか。,"Es posible, pero por si acaso, les\nescribiré para sugerirles que solo\nmaldigan al equipo de fútbol."
92020300,|さすが%2F火来%2F校長！\nこれで　なんの%2F心配もありませんね。\fそれでは　さっそく\n%2F返事を%1F出してしまいましょう。,¡Muy buena idea! Es mejor cubrirse\nlas espaldas.\fLo mejor será decirles cuanto\nantes que aceptamos...
92020300,うむ…。,"Pero decidamos lo que decidamos,\na los profesores no nos afectará,\n¿verdad?"
92020300,の　%1F呪い…！？,¡¿Una maldición?!
92020350,撃�ら　あなたたち\n%4F練習試合が　%1F決まったんですってね。\fあんな%1F勝ち%1F方しかできないくせに\n%1F何をカン%1F違いしているのかしら。,He oído que pronto vais a jugar\nun amistoso.\fMe parece que algo no anda bien\nsi solo sabéis ganar como en\nel último partido.
92020370,%s\nが仲間になった！,¡%s se te ha unido!
92020400,P%2F人脈ルートロック%2F解除！\n%2F音無に%1F話しかけて　%2F確認してみよう！,¡Se ha desbloqueado una ruta de\ncontactos! ¡Habla con Celia para\nacceder a ella!
92020500,Tあなたたち　%2F特訓%2F場所を%1F探しているの？\nそれならちょうどよかったわ。,¿Buscáis un sitio en el que\npoder entrenaros?
92020500,\サッカーでの%2F勝負なら\nオレはいつだって%3F大歓迎さ！\n%1F誰とでも%2F勝負してやるぞ！,¡Estaré encantado de enfrentarme\na cualquiera que esté dispuesto\na jugar al fútbol!
92020500,tなんだって？\fそれじゃ　%2F学校を%1F歩いているだけで\nサッカーバトルを%1F挑んでくるやつが\nいるって%1F事か？,¿Qué?\f¿Eso significa que nos retarán\nmientras estemos recorriendo\nel instituto?
92020500,tまあ　そういうことね。\nどこにいても%2F油断は%2F禁物という%1F事よ。\nあなたたちには%1F難しいでしょうけれど。,"Más o menos... Debéis estar listos\npara jugar, estéis donde estéis.\nPuede que os resulte complicado."
92020500,�%1F私があなたたちをつぶしてくれるように\n%2F学園のみんなにたのんでおいたから。\fあなたたちって　はっきり%1F言って\nめざわりなのよ。,La verdad es que sois una\nvergüenza.\fPor eso he pedido a todos los\nalumnos que os pongan a prueba.
92020600,",ああ。　それはないと%1F思うがな…。","Muy bien, ¡vamos a la ribera!"
92020600,0よし！\nそれじゃ%1F行こうぜ　%3F河川敷へ！,"¿Y quién necesita un Tornado de\nfuego?\fSi practico un poco más, ya se me\nocurrirá algo a mí..."
92020600,D%3F必殺技が　なんだってんだ！\nさっさと%3F河川敷に%1F行くぞ！,"De todos modos, ¡no podemos\ndepender exclusivamente de Axel!\fLo siento, pero nosotros\nnos vamos a entrenar a la ribera.\nVente si cambias de idea."
92020600,Hおっ　%3F豪炎寺じゃないか！\nなんだよ　ホントにもう%1F帰るのか？,¿Ese no es Axel?\n¿Ya se va a casa o qué?
92020600,d…う　うるせえ！\n%2F部員でもないヤツをたよるんじゃねえ！\n%2F雷門のエースはこのオレなんだ！,¡Silencio! No tiene sentido contar\ncon alguien que no está en el\nequipo. ¡Conmigo tenemos suficiente!
92020600,pおい　%2F円堂！\nもう　いいだろう。\fこいつはサッカー%1F部には%1F入らないって\nハッキリ%1F言ってるんだぜ。,¡Deja que se vaya!\fYa ha dicho que no se va a unir\nal equipo.
92020600,で　でも…。,"¡No necesitamos ninguna técnica\ndefinitiva! ¡Venga, vamos\na la ribera del río!"
92020600,狽ﾅ　でも　%3F尾刈斗はホントに\n%1F呪いを%1F使ってくるみたいだし…！\fそれなら　こっちにも\nファイアトルネードみたいな\n%3F必殺技がないと…。,¡Pero es que dicen que\nel Occult realmente maldice\na los otros equipos!\f¡Y no tenemos ninguna técnica que\nse parezca al Tornado de fuego!
92020600,ｴたしかに　いつまでも\n%3F豪炎寺にたよるワケにはいかないな！\f%1F悪かったな　%3F豪炎寺。\nオレたちこれから%3F河川敷で%2F練習なんだ。\nまた　%1F気がかわったら%1F来てくれよ！,"No creo que pase, pero vale."
92020700,%s\nが仲間になった！,¡%s se te ha unido!
92020800,%s\nが仲間になった！,¡%s se te ha unido!
92020900,%s\nが仲間になった！,¡%s se te ha unido!
92020900,Lおぬしの　そのキック%1F力ならば\n%1F教えてやれる%1F技が　ひとつある！,¡Nathan Swift te acompañará!
92020900,おし,¡Tod Ironside se te ha unido!
92020900,りょく,¡Jack Wallside te acompañará!
92020900,わざ,¡Sam Kincaid se te ha unido!
92020910,%1F今の　%1F手ごたえは…！,¿Qué tal ha estado?
92020910,4たのむ！\nこの%1F技を　オレに%1F教えてくれ！,¡Te lo pido por favor!\n¡Enséñame a dominar esta técnica!
92020910,<よかろう…。\nしかしワシの%2F特訓は　あまくないぞ？,Muy bien. Pero ten en cuenta\nque seguir mis instrucciones\nva a ser muy duro.
92020910,@そ　%2F染岡！\nおまえの%1F後ろにドラゴンが%1F見えたぞ！,¡K... Kevin! ¡Por un instante he\npodido ver un dragón detrás de ti!
92020910,Lなんてこった…。\nオッサン　この%1F技\nどうやらホンモノみたいだな！,"Parece que nos has dicho\nla verdad, Arthur."
92020910,P%2F人脈ルートロック%2F解除！\n%2F音無に%1F話しかけて　%2F確認してみよう！,¡Se ha desbloqueado una ruta de\ncontactos! ¡Habla con Celia para\nacceder a ella!
92020910,Pこうなったら　%2F試合の%1F日まで\nとことん　つきあってもらうぜ　%2F円堂！,"¡Creo que tendrás que hacerme\ncompañía hasta el día del partido,\nMark!"
92020910,Xのぞむところだ！\nどんな%2F特訓にもたえてみせる！\nこれさえあれば　オレだって…！,¡No importa! ¡Demostraré\nque soy capaz de soportar\ncualquier entrenamiento!
92020910,`ほれほれ　だったら\n%2F試合まではあまり%2F時間がないぞ！\nさっさとグラウンドにもどらんか！,No tenemos mucho tiempo.\nTenemos que aprovechar hasta\nel último segundo.
92020910,dああ　さっそく%1F始めよう！\f%2F染岡！　さっきのシュートを\nゼッタイ　おまえのものにしようぜ！,¡No hay tiempo que perder!\f¡Kevin! ¡Haz tuya esta técnica!
92020910,ああ！,"Mark, ¿eh? Este chico me recuerda\nmucho a alguien..."
92020920,%s\nが仲間になった！,¡%s se te ha unido!
92020930,@やれやれ　%2F今日も%1F子どもたちと\n%1F遊んでやるッスか。,¿Tenemos que jugar otra vez\ncontra los pequeñajos?
92020930,Dこ　これじゃまるで　キャプテンが\n%2F２人いるみたいッスよ〜。,Ahora es... ¡como si tuviéramos\ndos capitanes!
92020930,H…？\fおかしいな？\nだれかがいたような\n%1F気がしたんだけど…。,¿Eh...?\fQué raro. Me pareció notar\nque había alguien ahí...
92020930,`おい　うるせえぞ！\nさっさと%3F河川敷までランニングだ！\n%2F明日は%2F試合なんだからな！,¡Por supuesto! ¡Y ahora nos vamos\ncorriendo a la ribera! ¡El partido\nse disputa mañana!
92020930,みんな　がんばってね〜！,¡Buena suerte!
92020940,%s\nが仲間になった！,¡%s se te ha unido!
92020950,",やっぱり　あの%1F人は%2F特別ッスよね。",Él no es como nosotros.
92020950,0ああ…　%2F今日こそ%2F完成させてみせる！,"Muy bien, nosotros nos quedamos\npara entrenar un poco más.\f¿Listo, Kevin?"
92020950,0いや〜　%2F今日もつかれたでやんすね〜。,Estoy hecho puré.
92020950,<そ　そうだよ！\nやっぱり%3F豪炎寺サンじゃないとさ…！,¡Es cierto!\nSin Axel...
92020950,@これなら　%2F明日の%2F試合も\nきっと　いただきッスよ〜！,¡Mañana tenemos que ganar después\nde todo este esfuerzo!
92020950,@しかし　やはり　%3F豪炎寺のようには\nいかないようだな…。,"Tal vez, pero supongo que no será\ncomo el de Axel..."
92020950,Hでも　ここでの%2F練習で\nかなり%1F力がついてきた%1F気がするな！,Parece que ya estamos a otro nivel\ngracias a todo este entrenamiento.
92020950,Lあいつら…\n%2F最近みょうに%1F帰ってくるのが\nおそいと%1F思ったぜ。,Ya decía yo que últimamente\nse estaban quedando hasta\nmuy tarde...
92020950,Pあれって　もしかして…\n%2F必殺シュートを\nあみだそうとしてるんですかね？,¿Crees que están tratando de\nperfeccionar algún tiro especial?
92020950,Pよし　それじゃここからは\nオレたちだけの%2F特訓だ！\f%1F行くぞ　%2F染岡！,¡Volvamos al instituto!
92020950,Xご　%3F豪炎寺…！\fアイツにだけは%1F負けねえ！\nゼッタイに%1F負けたくねえんだ！,Axel...\f¡No pienso ser menos que él!\nNi hablar...
92020950,\よしっ！\nそれじゃ%2F今日はここまでだ！\n%2F明日にそなえて　ゆっくり%1F休んでくれ！,"¡Sí! ¡Ya basta por hoy!\nAhora, ¡a descansar hasta mañana!"
92020950,さあ　%1F来いっ！,Claro. ¡Seguro que hoy me sale\nla técnica a la perfección!
92020970,%s\nが仲間になった！,¡%s se te ha unido!
92021050,%s\nが仲間になった！,¡%s se te ha unido!
92021100,8あれ？　フィールドに１１%1F人\nいないみたいだよ？,¿Eh? ¡No hay once jugadores en\nel terreno de juego!
92021100,D%2F円堂くん　%2F準備はいい？\nよければ%2F試合を%1F始めるわよ？,"¿Estás listo, Mark?\nSi es así, empecemos el partido."
92021100,X【Ｘボタン】の【せんじゅつ】から\nしあいのフォーメーションを\n%2F確認してみて！,Avísame cuando estés preparado.
92021100,Xああ！\n%1F待ってろよ　%4F尾刈斗中！\nオレたちの%1F新しい%1F力を%1F見せてやる！,"¡Que se preparen! ¡Cuando vean\nnuestra nueva técnica, se van a\nquedar con la boca abierta!"
92021100,d%3F尾刈斗%2F中学の%1F人たちは\nもう%2F準備して%1F待ってるわ。\nグラウンドへ%1F行きましょう！,El equipo Occult ha terminado su\ncalentamiento y está esperando.\n¡Vamos al terreno de juego!
92021200,$やったじゃないか　%2F染岡！,"¡Kevin, lo has logrado!"
92021200,0ええっ　まってくださいよ\n%2F２人とも！,"¡Axel! ¿Entonces te unes al equipo?\f¡Bien! ¡Toca entrenarse para el\nsiguiente partido! ¡Chicos, vamos\ncorriendo hasta la ribera!"
92021200,8%2F練習は　%2F明日からで\nいいんじゃないッスか〜？,¡Eso! Tenemos que decirle a los\ncríos que hemos ganado.\f¡Y de paso les presentaremos\nal nuevo miembro del equipo!
92021200,@ただし　%2F雷門のエースストライカーは\nこのオレだがな！,"¡Eh, Axel! Quieres jugar al fútbol,\n¿no?\fSi es lo que deseas, ¡puedes unirte\na nuestro equipo!"
92021200,D…ま　そういうことで\nよろしくな　%2F熱血キャプテンさんよ！,¿Qué? ¿Nos has estado espiando?
92021200,Lな　なに？\nおまえ　どうしてそれを？\nまさか　あそこに%1F来てたのか？,Lo siento... ¡pero no pienso ser\nmenos que alguien que se entrena\ncon niños pequeños!
92021200,Xどんなもんだ！\nオレのドラゴンクラッシュは！\nそれに　ドラゴントルネードもな…。,¡Ha sido increíble! ¡Los dos\nsois tremendos!
92021200,lそうだな…　ガキどもに\n%2F試合のケッカをおしえてやろうぜ！\fそれに%2F新入%2F部員のショーカイもな！,Piensa lo que quieras. Espero\nencajar con vuestro juego.
92021200,tフン　たしかに%1F悪くないな…。\nオレだって　%1F子どもと%2F練習してる\nお%1F前なんかには　%1F負けねえよ…！,¡Pero yo sigo siendo el delantero\nestrella del Raimon!
92021200,�お　オイ　%3F豪炎寺！\nおまえやっぱりサッカー\nやりたいんだろ？\fもしおまえにその%1F気があるんなら…\nサッカー%1F部に　%1F入れてやってもいいぜ！,¿Qué os ha parecido\nmi Remate dragón combinado\ncon el Tornado de fuego?
92021300,H%1F見たぞ…。\f%1F私の%1F目をごまかせると%1F思うなよ。\n%2F冬海。,"Lo he visto con mis propios ojos.\nNo me engañarás, Wintersea."
92021300,�もしもし…。\fはい…　そうですね。\n%3F尾刈斗には%2F勝利したようです。\fええ　%1F分かりました…。\nはい　%2F失礼します。,"¿Hola?\fHan conseguido vencer al Occult.\fYa veo...\nSí, lo siento."
92030150,%s\nが仲間になった！,¡%s se te ha unido!
92030150,@えっ　わざわざ%2F試合%2F会場まで\n%1F来るつもりなのか？,¡Nathan Swift te acompañará!
92030150,かいじょう,¡Tod Ironside se te ha unido!
92030150,しあい,¡Jack Wallside te acompañará!
92030200,%s\nが仲間になった！,¡%s se te ha unido!
92030205,%s\nが仲間になった！,¡%s se te ha unido!
92030205,0メガネくん\nがいっしょにいくことになった！,¡William Glass te acompañará!
92030205,8%2F土門　%2F飛鳥\nがいっしょにいくことになった！,¡Bobby Shearer te acompañará!
92030205,8%2F壁山　%3F塀吾郎\nがいっしょにいくことになった！,¡Jack Wallside te acompañará!
92030205,8%2F宍戸　%2F佐吉\nがいっしょにいくことになった！,¡Sam Kincaid se te ha unido!
92030205,8%2F染岡　%2F竜吾\nがいっしょにいくことになった！,¡Kevin Dragonfly se te ha unido!
92030205,8%2F栗松　%2F鉄平\nがいっしょにいくことになった！,¡Tod Ironside se te ha unido!
92030205,8%2F風丸　%3F一郎太\nがいっしょにいくことになった！,¡Nathan Swift te acompañará!
92030205,8%2F鬼道　%2F有人\nがいっしょにいくことになった！,¡Jude Sharp se te ha unido!
92030205,8%3F豪炎寺　%2F修也\nがいっしょにいくことになった！,¡Axel Blaze te acompañará!
92030210,lなんだか　ふしぎな%1F紙%1F切れを\n%1F見つけちゃったんです。\nここの%1F本だな　%1F調べてみてください！,Me he encontrado con este extraño\npapel. Vamos a buscar un poco más\nen estas estanterías.
92030210,�あっ　%2F円堂センパイ！\nちょうどいいところに。\f%3F野生中について　%1F何か\n%1F役に%1F立ちそうな　%2F資料が%1F無いか\nさがしてたんですけど…。,"¡Ah, Mark!\nHas venido justo a tiempo.\fEstaba buscando algún documento\nque nos ayudase a ganar al Wild..."
92030220,%s\nが仲間になった！,¡%s se te ha unido!
92030230,%s\nが仲間になった！,¡%s se te ha unido!
92030240,%s\nが仲間になった！,¡%s se te ha unido!
92030250,%s\nが仲間になった！,¡%s se te ha unido!
92030260,l円堂センパイ！　すごいモノ\n見つけちゃいました！\fここの本だなを　\nちょっと　しらべてみてください！,¡Mark! ¡He encontrado algo brutal!\f¡Mira en estas estanterías!
92030300,H%3F体育館エリアと\n%3F文化棟エリアに\n%1F行けるようになりました。,¿Me podrías hacer el favor de\ntraer de vuelta esos libros si\nlos ves?\fEstoy demasiado ocupada para\nirlos a buscar yo misma.
92030300,�ちょうどいいわ。\n%1F見たいのなら　あなたたちが\n%1F返してもらって%1F来てよ。\fあたしは　%2F整理でいそがしくって\nそれどころじゃないんだから…。,Estoy ocupadísima ordenando estos\nlibros viejos. Huelen a antiguo\nque tiran de espaldas.\f¿Qué? ¿El libro de esa estantería?\fTodos los libros de esa zona los\nhan sacado los miembros del club\nde manga.
92030400,うう…,¡Que arda todo!
92030400,､なんだ？　キミたち。\n%1F今　ボクたちは\nアマチュア%2F漫画の%4F全国大会\f「コミックフロンティア」の\nしめ%1F切り%2F目前なんだ。\n%1F後にしてもらえないかな…！,"¿Quiénes sois? Estamos muy liados\npreparándonos para el Cómic\nFrontier, la competición nacional.\fEl plazo de entrega está a la vuelta\nde la esquina, así que... ¿os\nimportaría volver más tarde?"
92030500,%s\nが仲間になった！,¡%s se te ha unido!
92030550,%s\nが仲間になった！,¡%s se te ha unido!
92030550,0メガネくん\nがいっしょにいくことになった！,¡William Glass te acompañará!
92030550,8%2F土門　%2F飛鳥\nがいっしょにいくことになった！,¡Bobby Shearer te acompañará!
92030550,8%2F壁山　%3F塀吾郎\nがいっしょにいくことになった！,¡Jack Wallside te acompañará!
92030550,8%2F宍戸　%2F佐吉\nがいっしょにいくことになった！,¡Sam Kincaid se te ha unido!
92030550,8%2F染岡　%2F竜吾\nがいっしょにいくことになった！,¡Kevin Dragonfly se te ha unido!
92030550,8%2F栗松　%2F鉄平\nがいっしょにいくことになった！,¡Tod Ironside se te ha unido!
92030550,8%2F風丸　%3F一郎太\nがいっしょにいくことになった！,¡Nathan Swift te acompañará!
92030550,8%2F鬼道　%2F有人\nがいっしょにいくことになった！,¡Jude Sharp se te ha unido!
92030550,8%3F豪炎寺　%2F修也\nがいっしょにいくことになった！,¡Axel Blaze te acompañará!
92030600,%s\nが仲間になった！,¡%s se te ha unido!
92030610,%s\nが仲間になった！,¡%s se te ha unido!
92030700,<へっ　しょせん%1F口だけかよ。\n%1F出%1F直してきな！！,"No eres más que un bocazas.\nSi crees que puedes ganar,\n¡vamos a enfrentarnos otra vez!"
92030900,%s\nが仲間になった！,¡%s se te ha unido!
92030910,%s\nが仲間になった！,¡%s se te ha unido!
92030910,あーっ！　それはっ！,¡Nathan Swift te acompañará!
92031000,%s\nが仲間になった！,¡%s se te ha unido!
92031100,%s\nが仲間になった！,¡%s se te ha unido!
92031200,%s\nが仲間になった！,¡%s se te ha unido!
92031300,P%2F人脈ルートロック%2F解除！\n%2F音無に%1F話しかけて　%2F確認してみよう！,¡Se ha desbloqueado una ruta de\ncontactos! ¡Habla con Celia para\nacceder a ella!
92031310,<あっ　それならオレ\nやってみてもいいかも〜　なんて。,"Lo siento, Mark, pero el tiempo\napremia... Voy a empezar ya a\npracticar aunque sea yo solo."
92031310,H%2F円堂くん　それがその…\n%2F壁山くんが　まだ%1F来てないみたい。,¿Qué?\nPero si el partido es mañana...\n¿Adónde habrá ido?
92031310,L%2F練習がキツくて　%1F逃げたな…。\nまったく　%2F成長のないやつだ。,"Mark, ¿no sería mejor que otro\nhiciera esta supertécnica?"
92031310,L%3F豪炎寺　%2F壁山！\n%2F今日こそ　イナズマおとしを\n%2F完成させるぞ！,"Mark, eso va a ser un poquito\ncomplicado... Jack no ha venido."
92031310,Tええっ？　\n%2F試合は%2F明日だっていうのに\nいったい　どこに%1F行ったんだ。,Habrá salido huyendo porque el\nentrenamiento es muy duro...\nSe comporta como un bebé.
92031310,X%2F円堂　この%1F技はもう　\n%1F他のヤツに　やらせた%1F方が\nいいんじゃないのか？,"Sí, yo puedo intentarlo si quieres."
92031310,`%2F円堂　%1F悪いが%2F時間がおしい…。　\nオレは　%2F１人で%1F先に\n%2F練習させてもらうぜ。,"¡Espera un momento, Axel!\fSe necesitan a dos jugadores\npara que la técnica funcione..."
92031310,tあっ　ちょっと\n%1F待ってくれよ%3F豪炎寺！\fまったく　イナズマおとしは\n%2F２人で%2F協力する%1F技なのに…。,"Hoy no podemos usar el campo del\ninstituto, así que tendremos que\nir otra vez a la ribera.\fMark, lo primero es encontrar\na Jack."
92031310,よしっ！,¡Hoy Axel y Jack tienen que\naprender a realizar el Trampolín\nrelámpago como sea!
92031330,%s\nが仲間になった！,¡%s se te ha unido!
92031350,%s\nが仲間になった！,¡%s se te ha unido!
92031370,%s\nが仲間になった！,¡%s se te ha unido!
92031390,%2F壁山！　よくやったな！,"No, no, no, no..."
92031390,8ホントだって！\nもっと%2F自信をもてよ　%2F壁山！！,"¡Yo no te miento, Jack!\fMira, estoy tan animado con esto,\n¡que propongo que lo repitamos!"
92031390,Lやっぱり…。\nカッコいい　なんて%1F思うの\nキャプテンだけッスよ…。,"Mira, no lo tengo nada claro..."
92031390,dほっほっほっ。\nついに　やりおったわい。\f…さすが　あの%1F人のマゴが\nまとめるチームじゃ。,"¡Bien hecho, Jack!"
92031390,h%2F壁山！\nムダな%2F努力なんてないぞ！\fせいいっぱいの%2F努力は\n%1F必ず%1F実を%1F結ぶものなんだ！,"Esto, Mark..."
92031390,…ああ！！,"¡Ja, ja, ja!\n¡Al fin lo habéis conseguido!\fBueno, tampoco esperaba menos de\nun equipo liderado por el nieto\nde Evans..."
92031390,…かっかっかっ,"¡No, eso no mola nada!\f¡A mí me ha tocado la parte\nchunga de todo esto!\n¡Menuda pérdida de tiempo!\fAxel es el relámpago, ¡pero yo solo\nsoy un trampolín humano! ¡Él es\nel único que ha quedado bien!"
92031390,…そ　そうッスかねぇ。,¿Desde cuándo ser pisoteado como\nuna tabla de surf te puede hacer\nquedar bien?\fTu hermano va a quedar muy\ndecepcionado si ve algo así.
92031390,えっ　%2F円堂…！,"¡No, lo digo en serio!\n¡Confía en mí, Jack!"
92031390,垂ｾって　さっきのおまえは\nとってもカッコよかったぞ！！\fあの　おまえの%1F腹が\nボヨーンって　なるとこなんか\n%3F秘伝書のまんまじゃないか！,"Lo sabía, capitán.\nEres el único que piensa\nque eso es algo que mola..."
92031390,帥Jッコ%1F悪いっす！！\fオレ　ただの%1F踏み%1F台ッス！！\fカッコいいのは　\n%3F豪炎寺さんだけッス！\nこんなの　ムダな%2F努力だったッスよ！,¡Jack!\n¡No ha sido una pérdida de tiempo!\f¡Todo lo que te has esforzado\nal fin ha servido para algo!
92031390,ｸやっ　やったあ！！\nついに　イナズマおとしを　\n%2F完成させたぞ！\fやったな　%3F豪炎寺！　%2F壁山！\fやっぱり　ダメだと%1F思った%1F時こそ\nほんとうの%1F力が%1F出てくるものだな！,"¡Lo habéis logrado!\n¡Al fin habéis perfeccionado\nel Trampolín relámpago!\fJusto cuando pensabais que era\nimposible, ¡vuestra auténtica\nfuerza ha acabado por revelarse!"
92031395,%s\nが仲間になった！,¡%s se te ha unido!
92031500,$%3F野生中に%1F行きたいのかい？,¿Queréis ir al Instituto Wild?
92031500,$よし！　%3F野生中へ%2F出発だ。,¡Sí! Nos vamos al Instituto Wild.
92031500,@%3F野生中に%1F行きたくなったら\n%1F声をかけてください。,Hablad conmigo cuando queráis\nir al Instituto Wild.
92031600,$なっ　%1F何よ\nあなたたち！,¿Este es el Instituto Wild?\n¡Pero si estamos en mitad\ndel bosque!
92031600,<これが%3F野生中か！\nまるで%1F森の%1F中じゃないか！,¡Ve al Instituto Wild!
92031600,\あれは　%2F夏未の%1F声？\n%1F向こうから%1F聞こえたみたいだけど。\nどうかしたのか！？,"Eh, ¿qué estáis haciendo?"
92031610,",%2F円堂くん　%1F町へ%1F帰りたいの？","Mark, ¿quieres volver a la ciudad?"
92031610,Hもうすぐ%4F試合開始だから\n%1F用があるなら　%1F早めにすませてね。,"El partido empezará pronto, así\nque procura no tardar demasiado\ncon lo que tengas que hacer."
92031650,%1F兄ちゃ〜んっ！,"¡Jack, Jack!"
92031650,0じゃあね　%1F兄ちゃん\nがんばってねー！,"Hasta luego, Jack.\n¡Y buena suerte!"
92031650,4うーん…　\nこいつらホントに%1F強いのかな。,Sí...\nMe pregunto si serán\ntan buenos como dicen.
92031650,8サク！　\nホントに%2F試合を%1F見にきたッスか！？,¡Zak!\n¿Has venido a ver el partido?
92031650,<ああ　すっげぇカッコいい%1F技だぞ！\n%2F期待してろよ。,"Sí, es una técnica sensacional.\n¡Ya lo verás!"
92031650,<ウホ〜　や　やっぱ\n%2F都会モンはすげえんだナァ〜。,"¡Ju, ju! Estos tipos de ciudad\nno se andan con chiquitas en lo\nque a coches respecta, ¿verdad?"
92031650,Dなんだよ　おまえ！\n%1F兄ちゃんの%2F手下のクセに\nエラそうに！,"¿Tú quién eres? No seas tan\nsobrado, que solo estás ahí\npara echar una mano a mi hermano."
92031650,Lな　なんだか%1F気がぬけちゃうね。\nこれが　%3F野生中のメンバーなの？,"Vaya, no era lo que me esperaba.\nSon miembros del equipo Wild, ¿no?"
92031650,Tお　オレ　\nこんなすっげえ%1F車　はじめて%1F見たっピ。\nぴっかぴかだっピ！！,¡Vaya!\n¡Es la primera vez que veo\nun cochazo tan alucinante!
92031650,tこ　これは〜　イナズマおとしを\n%1F出すまでもないんじゃないッスか〜？\n%2F今日は%1F使うのを　やめておくッス！,¿Y tenemos que hacer el Trampolín\nrelámpago ante estos... animales?\n¡Reservémoslo para otro día!
92031650,………\nカッコいい…。,"Sensacional... Sí, claro."
92031650,�うん！　だって%1F兄ちゃんが\nスゴイ%1F技を　%2F完成させたって\n%1F言ったから…。\fボク　どうしても%1F見たくって！\nだから　ママにナイショで%1F来ちゃった！,¡Sí! ¡Dijiste que te habías\nentrenado un montón para hacer\nuna técnica especial fantástica!\f¡Y yo quiero verla!\nNo le he dicho a mamá que\nhe venido...
92031800,%1F兄ちゃん…。,"¡Nos has mostrado de\nqué eres capaz, Jack!"
92031800,<みんな　おつかれさま！\n１%2F回戦とっぱ　おめでとう！,¡Enhorabuena! ¡Hemos ganado\nnuestro primer partido!
92031800,あっ…。,Jack...\nEso ha...\f¡Ha molado la tira!\n¡Espero ser como tú algún día!
92031800,にい,"¡Lo has clavado, Jack!"
92040050,$それが…　サッカー%1F部なの。,Son... los del club de fútbol.
92040050,<…！\fこれは…！\n%2F夏未　これをいったいどこで…！？,"¡Ah!\fEsto es...\nNelly, ¿dónde lo has encontrado?"
92040050,<おや　%2F夏未…。\nいったい%1F何を%1F考えているんだ？,Nelly... ¿Qué tienes pensado?
92040050,Hええ　%2F今日はお%1F父さまに\n１つお%1F願いしたいことがあるの。,"Papá, deseo pedirte un favor."
92040050,Lこの%2F学校の%2F資料を%1F調べていたら\nこんなものを%1F見つけたのよ。,Mientras buscaba en los archivos\ndel instituto encontré esto.
92040050,\…なに？ サッカー%1F部？\fサッカー%1F部はつぶす%2F予定だと\n%1F伝えておいたはずだぞ？,¿Qué? ¿El club de fútbol?\f¡¿Pero no querías acabar con él?!
92040050,\フフフ…。\nお%1F父さま　%2F今日はこれのこと\nいろいろ%1F聞かせていただきたいわ…。,"Je, je... Papá, primero me\ngustaría preguntarte unas\ncuantas cosas más..."
92040050,`%2F夏未　どうしたんだ？\nおまえが　わたしを%1F呼ぶなんて\nめずらしいことも　あるものだ。,"Nelly, ¿qué pasa?\nDebe de ser algo muy importante\nporque casi nunca me llamas."
92040050,dありがとう　お%1F父さま。\f%1F実はわたし　この%1F間\nある%2F部活のマネージャーに\nなったのよ。,"Gracias, papá.\fQuería comentarte que ahora soy\ngerente de un club del instituto."
92040050,hほう　こんなかわいい\nマネージャーができるとは…\fその%1F幸せなクラブは\nいったい　どこなのだ？,"Vaya, pues tienen una joya que\nno se la merecen...\f¿Y quiénes son los afortunados?"
92040050,рﾓっ　なんだ？\n%1F急にあらたまって。\f%2F学園のことは\nおまえに%1F任せているんだ。\nわざわざ　わたしに%1F聞くことはない…。,"¿Sí? No hace falta que\nseas tan formal.\fTe he dejado a cargo del instituto,\ny por tanto, no hace falta que\nme consultes nada."
92040050,�ええ　そうね…。\fでも　ただ%2F廃部にするんじゃ\n%2F面白くないと%1F思わない？\fそこで　さっきの\nお%1F願いなんだけど…。,"Bueno, sí...\fPero limitarse a disolverlo\nno sería especialmente divertido,\n¿no crees?\fPor eso quiero pedirte un favor..."
92040100,P%2F人脈ルートロック%2F解除！\n%2F音無に%1F話しかけて　%2F確認してみよう！,¡Se ha desbloqueado una ruta de\ncontactos! ¡Habla con Celia para\nacceder a ella!
92040200,%s\nが仲間になった！,¡%s se te ha unido!
92040200,0メガネくん\nがいっしょにいくことになった！,¡William Glass te acompañará!
92040200,8%2F土門　%2F飛鳥\nがいっしょにいくことになった！,¡Bobby Shearer te acompañará!
92040200,8%2F壁山　%3F塀吾郎\nがいっしょにいくことになった！,¡Jack Wallside te acompañará!
92040200,8%2F宍戸　%2F佐吉\nがいっしょにいくことになった！,¡Sam Kincaid se te ha unido!
92040200,8%2F染岡　%2F竜吾\nがいっしょにいくことになった！,¡Kevin Dragonfly se te ha unido!
92040200,8%2F栗松　%2F鉄平\nがいっしょにいくことになった！,¡Tod Ironside se te ha unido!
92040200,8%2F風丸　%3F一郎太\nがいっしょにいくことになった！,¡Nathan Swift te acompañará!
92040200,8%2F鬼道　%2F有人\nがいっしょにいくことになった！,¡Jude Sharp se te ha unido!
92040200,8%3F豪炎寺　%2F修也\nがいっしょにいくことになった！,¡Axel Blaze te acompañará!
92040250,%s\nが仲間になった！,¡%s se te ha unido!
92040400,%s\nが仲間になった！,¡%s se te ha unido!
92040450,%s\nが仲間になった！,¡%s se te ha unido!
92040450,P%2F人脈ルートロック%2F解除！\n%2F音無に%1F話しかけて　%2F確認してみよう！,¡Se ha desbloqueado una ruta de\ncontactos! ¡Habla con Celia para\nacceder a ella!
92040500,0なんじゃって？\nこれ？\nこれはじゃな…。,¿Qué?\nHum...\nEsto tiene que ser...
92040500,4%2F円堂は\n「きみょうなそうち」をわたした。,Mark le da el artefacto raro al\nprofesor.
92040500,P%2F先生！\n%1F調べてほしいものが　あるんです。\nこれを%1F見てください！,Esto...\nMás o menos... Veníamos a que le\nechase un vistazo a una cosa.
92040500,`おいおい　この%2F先生\nこまってるみたいだぜ？\f%1F他をあたった%1F方が\nいいんじゃないか？,¿Seguro que este se entera\nde algo?\fQuizá sea mejor que busquemos a\nalguien más espabilado.
92040500,`なんじゃ？　%3F放課後にたずねて\n%1F来るなんて　めずらしく\nやる%1F気のある%2F生徒じゃな。,"Ah, ¿no habéis tenido suficiente\ncon las clases y queréis aprender\nmás? ¡Qué estudiantes tan majos!"
92040500,d%2F本当ですか！\nありがとうございます　%2F先生！\fそれじゃ　%2F教室の%1F外で%1F待ってますね！,¿En serio? ¡Muchas gracias!\f¡Esperaremos allí mismo!
92040500,рﾈ　%1F何を%1F言っとるか！\nこのワシにわからんことなどない！\fすぐに%1F調べてやるから\nキミたちは　%1F外で%1F待っていなさい！,"¡Te he oído!\nTengo la situación perfectamente\ncontrolada.\fEn un periquete sabré de qué se\ntrata. ¡Incluso antes, si os vais\na dar una vuelta!"
92040500,フム？\nこれはいったい…？,Hum... ¿Pero qué diantres...?
92040500,�%2F先生！\nこれが%1F何か　わかりませんか？\fこれを%1F頭につけた%2F生徒が\nとつぜん　あばれだしたりして…\nなんだか　おかしなそうちなんです！,"¿Qué puede ser este artefacto?\fCuando un estudiante se lo pone,\n¡se vuelve raro y violento!"
92040600,P%2F人脈ルートロック%2F解除！\n%2F音無に%1F話しかけて　%2F確認してみよう！,¡Se ha desbloqueado una ruta de\ncontactos! ¡Habla con Celia para\nacceder a ella!
92040800,`え？　お%1F父さまの%1F持っている%3F秘伝書？\nあなたたち　いったいどこで\nそのことを…？,¿Eh? ¿El cuaderno secreto de\nmi padre? ¿Dónde lo habéis\nencontrado?
92040900,hおそいわよ　%2F円堂くん。\fわたしを　こんなに%1F待たせるなんて\nいったい%1F何を%1F考えているの？,¡Llegas tarde!\f¿Cómo te atreves a hacerme\nesperar todo este tiempo?
92040900,pなんだよ　そっちこそ！\fいきなり　こんなところに%1F呼びだして！\nオレたちは%1F早く%2F練習したいんだぞ！,¿Qué? ¡He venido aquí\ndirectamente!\f¡No puedes esperar que me olvide\nde todo lo demás! ¡También\ntenemos que entrenarnos!
92040900,tふふん　%2F練習ですって？\fそれなら　%2F心配しなくても\nいやというほどさせてあげるわよ！\fこれを%1F見なさい！,"Bah... ¿Entrenaros?\fNo te preocupes, si lo que te\npreocupa es el entrenamiento,\n¡fíjate en esto!"
92041000,P%2F人脈ルートロック%2F解除！\n%2F音無に%1F話しかけて　%2F確認してみよう！,¡Se ha desbloqueado una ruta de\ncontactos! ¡Habla con Celia para\nacceder a ella!
92041050,$それじゃ　やめておきますね。,¡Escoge una habilidad!
92041050,%1F他をさがしますか？,"Vale, lo dejo estar."
92041050,%2F属性を%1F選んでね！,¡Escoge un club!
92041050,%2F能力を%1F選んでね！,¿Qué tipo de jugador buscas?
92041050,",どこから%1F引き%1F抜きたいのかしら？",¡Voy a volver a buscar siguiendo\nlas mismas condiciones!
92041050,0%1F同じ%2F条件でもう１%1F度さがしますね！,¡Muy bien! ¡Haré la búsqueda\nlo más rápido posible!
92041050,0%2F選手の%2F名前を　%1F教えてください！,¡Escoge una posición!
92041050,4%1F気になる%2F選手は\n%1F見つかりそうですか？,¡Dime cómo le llaman al jugador!
92041050,4この%1F人を　チームに\nさそっちゃいますか？,¡Dime el nombre del jugador!
92041050,<わかりました！\nスッゴイ%2F選手を%1F見つけてきますね！,¡Escoge una afinidad!
92041050,@この%1F人をさそうには\nゆうじょうポイントが　たりません！,¡Vale! Este jugador ya \nte está esperando.
92041050,P%1F気に%1F入ってもらえて\nよかったです！\nうまくさそえると　いいですね！,¿Invitamos a este jugador a\nque venga al equipo?
92041050,Pスカウトの%2F結果が%1F見たいときは\nいつでも　%1F声をかけてくださいね！,¿Quieres buscar a otros\njugadores?
92041050,Tこのチームからは\nこれ%2F以上%1F引き%1F抜けないわ。\n%1F他のチームにしなさい。,¡Me alegra que sea de tu agrado!\n¡A ver si consigues que se una\na nuestro equipo!
92041050,いじょう,¡Habla conmigo siempre que\nquieras ver cómo me ha ido\nojeando!
92041050,この%1F人でいいですか？,¿Crees que podrás encontrar\nal jugador que necesitas?
92041050,このチームからでいいの？,¿Te interesa este jugador?
92041050,それじゃ　やめておくわ。,¡No tienes suficientes puntos\nde Amistad para invitar a\neste jugador!
92041050,ほか,¿De qué equipo quieres fichar?
92041050,クラブを%1F選んでね！,¿Cómo quieres hacer la búsqueda?
92041050,ポジションを%1F選んでね！,¡Dime cómo llaman al jugador!
92041400,%s\nが仲間になった！,¡%s se te ha unido!
92041450,%s\nが仲間になった！,¡%s se te ha unido!
92041500,%s\nが仲間になった！,¡%s se te ha unido!
92041550,0ふ　フン…！\nそれじゃ　また%2F明日ね…！,Mmm...\n¡Hasta mañana!
92041550,4そうだよ！\nいろいろありがとう　%2F夏未さん！,"Sí. ¡Gracias por todo, Nelly!"
92041550,@%2F明日の%2F試合にそなえて\n%2F今日はゆっくり%1F休んでね！,"Como el partido es mañana,\n¡hoy es un buen día para\ndescansar!"
92041550,P%2F円堂くん！\nムリしないでね！\f%2F今日の%2F練習は　もう%1F終わりにする？,"¡Mark, no te quemes\nantes del partido!\f¿Ya has terminado de prepararte?"
92041550,Pああ！\nありがとうな　%2F夏未！\n%2F明日の%2F試合　%1F楽しみにしててくれ！,"¡Ja, ja! ¡Gracias por todo en\ncualquier caso, Nelly! ¡Me muero\nde ganas de jugar el partido!"
92041550,\ああ　%1F見てろ！\nオレたちはゼッタイ%1F勝つ！\nおまえの%2F期待にこたえてみせるさ！,¡Ya nos verás! ¡Ganaremos! No te\ndecepcionaremos después de haber\npuesto tus ilusiones en nosotros.
92041550,hだ　だれが%2F期待なんか…！\nムダ%1F口をたたくヒマがあったら\nさっさと%1F体を%1F休めたらどうなの！,"¿Poner yo ilusiones en vosotros?\nTanto entreno te ha ablandado el\ncerebro. Descansa un poco, anda..."
92041550,|%2F本当に%3F大丈夫なんでしょうね。\nどんな%2F試合もカンペキに%2F勝利する…\n%2F明日の%2F試合も　もちろんそうするのよ。,"No pasará nada, ¿no? Creo que\ntenéis posibilidades...\npero mañana debéis darlo todo..."
92041550,ふふっ…。,¡Estupendo!\n¡Dejémoslo por hoy y esperemos\na mañana!
92041700,$%4F御影専農へ%1F行きますか？,¿Quieres ir al Instituto Brain?
92041700,%4F御影専農に%1F行きます。,Rumbo al Instituto Brain.
92041800,%s\nが仲間になった！,¡%s se te ha unido!
92050100,P%2F人脈ルートロック%2F解除！\n%2F音無に%1F話しかけて　%2F確認してみよう！,¡Se ha desbloqueado una ruta de\ncontactos! ¡Habla con Celia para\nacceder a ella!
92050200,%s\nが仲間になった！,¡%s se te ha unido!
92050200,0メガネくん\nがいっしょにいくことになった！,¡William Glass te acompañará!
92050200,8%2F土門　%2F飛鳥\nがいっしょにいくことになった！,¡Bobby Shearer te acompañará!
92050200,8%2F壁山　%3F塀吾郎\nがいっしょにいくことになった！,¡Jack Wallside te acompañará!
92050200,8%2F宍戸　%2F佐吉\nがいっしょにいくことになった！,¡Sam Kincaid se te ha unido!
92050200,8%2F染岡　%2F竜吾\nがいっしょにいくことになった！,¡Kevin Dragonfly se te ha unido!
92050200,8%2F栗松　%2F鉄平\nがいっしょにいくことになった！,¡Tod Ironside se te ha unido!
92050200,8%2F風丸　%3F一郎太\nがいっしょにいくことになった！,¡Nathan Swift te acompañará!
92050200,8%2F鬼道　%2F有人\nがいっしょにいくことになった！,¡Jude Sharp se te ha unido!
92050200,8%3F豪炎寺　%2F修也\nがいっしょにいくことになった！,¡Axel Blaze te acompañará!
92050300,Hええっ　そんなっ！\nここまで%1F来たのに\nそれはナイでやんすよ〜。,"Este local está cerrado porque así\nlo ha ordenado Sam, la presidenta\nde la asociación de comerciantes."
92050300,dああ　このお%1F店ね。\n%2F町内%2F会長のサリーさんの%2F命令で\n%2F営業%2F停止になってるんだよ。,¿Eh? ¿Está cerrado?
92050400,$おおっ　%2F美人でやんすっ！,¡Oh! ¡¡¡Qué preciosidad!!!
92050400,4キャッ　キャプテン！\nまだココロのじゅんびが…,¡Ca... capitán!\nCreo que aún no estoy listo\npara esto...
92050400,8ええーっ！　\nここも%1F閉まってるでやんすか！？,¡¿Eh?!\n¿Este sitio también está cerrado?
92050400,<%2F円堂はサリーに\n%3F真二屋のおねがいを%1F伝えた。,Mark habla con Sam sobre\nla petición de Manny Artic.
92050400,@なぁにぃ　お%1F店の%1F前で　\nギャーギャーうるさいわねぇ。,¿Pero qué es este alboroto?\n¿Qué hacéis aquí?
92050400,Pなら　%1F聞いてみようぜ。\fすみませーん！\nどなたか　いませんかーっ！！,"Bueno, habrá que preguntar.\f¡Hola!\n¿Hay alguien? ¿Hola?"
92050400,\でも　%2F電気がついてないぞ。\nまだ%2F昼間だし　お%1F店\nやってないんじゃないのか？,Pero las luces están apagadas.\n¿No será que solo abren cuando\nse hace de noche?
92050400,|そりゃー　そうでやんすよ。\f%2F自分だって　%1F行けるものなら\n%2F学校をサボってでも\n%1F通いたいくらいでやんすし…。,La verdad es que no me extraña.\fYo a lo mejor hasta dejaría de ir\na clase para pasarme el día\nahí metido...
92050400,かよ,¿Cuándo estemos listos?\n¿A qué se refiere?
92050400,がっこう,"De acuerdo.\fComo habéis tenido el valor de\nvenir a pedírmelo, os daré una\noportunidad.\fCuando estéis listos, venid al\ndescampado que hay al fondo de\nesta calle, ¿vale?"
92050400,じぶん,"Mira que pedir a unos chicos que\nden la cara por él... Ese hombre\nno me gusta ni un pelo, pero..."
92050400,そうだったんですか。,"Ah, ahora lo entiendo."
92050400,､ふうん…。\fコドモたちが　%2F学校の%1F帰りに\n%1F寄っているみたいだって\nモンクが%1F出たものだから\fあのメイド%2F喫茶は\n%2F営業%2F停止にしてたのだけどね。,Hum...\fLa gente se quejaba de que algunos\nchicos se metían allí dentro\nnada más salir del instituto.\fPor eso decidí cerrar esa\ncafetería de doncellas.
92050400,�あら　ずいぶんカワイイお%1F客さんね。\fここは　ボクたちのようなコドモが\n%1F来る%2F場所じゃないわよ。\nお%1F帰りなさいな。,¡Vaya! ¡Qué jovencitos tan monos!\fEste no es lugar para chiquillos\ncomo vosotros. Marchaos de aquí.
92050400,�ここが%3F居酒屋…。\f%1F今　%2F自分はオトナの%2F世界への%1F扉を\n%1F開けようとしているのでやんすね…\nコーフンでやんすっ！,Aquí está el bar...\fEs la primera vez que entro\nen un sitio que es solo para\nmayores... ¡Qué emoción!
92050500,%s\nが仲間になった！,¡%s se te ha unido!
92050550,%s\nが仲間になった！,¡%s se te ha unido!
92050570,%s\nが仲間になった！,¡%s se te ha unido!
92050600,8えっ　イナズマイレブンを\n%1F知ってるんですか？,¿Eh? ¿Has oído hablar del Inazuma\nEleven?
92050600,D%2F雷門？　お%1F前さんたちは\n%3F雷門中の%2F生徒さんなのかえ？,"¿El Raimon? ¿Entonces, sois del\nInstituto Raimon?"
92050600,P%2F人脈ルートロック%2F解除！\n%2F音無に%1F話しかけて　%2F確認してみよう！,¡Se ha desbloqueado una ruta de\ncontactos! ¡Habla con Celia para\nacceder a ella!
92050600,Xかれらのサッカーは\nそれはそれは　%1F強くてのう。\nワシも　あこがれたものじゃ。,Jugaban al fútbol de una forma\nincreíble. A mí me dejaban\ncon la boca abierta.
92050600,\%2F古株さんも　%1F言ってたッスが\nイナズマイレブンって　\nそんなにスゴかったんッスね。,Eso fue lo que dijo el Sr. Veteran.\n¡Al parecer eran alucinantes!
92050600,`はあー　なるほど%1F強いワケじゃ。\nさっすが%2F伝説の\nイナズマイレブンの%2F後輩じゃのぅ。,"¡Ja, ja! ¡Por eso sois tan buenos!\nSois los herederos del legendario\nequipo Inazuma Eleven."
92050600,tさあ…。\fかれらが　サッカーをする%1F姿は\nある%1F日を%1F境に　パッタリと\n%1F見なくなってしまったからのう…。,"Pues...\fNo lo sé. Siempre andaban por ahí\njugando al fútbol, pero de pronto\nun día desaparecieron..."
92050600,tやっぱりオレたち\nパワーアップしてるッス！\f%2F雷門サッカー%1F部にかかれば\n%4F秋葉名戸だって%2F楽勝ッスよ！,"¡Sí, ya hemos mejorado bastante!\f¡El Otaku no podrá hacer nada\ncontra el poderoso Raimon!"
92050600,ええ　そうですけど…？,"Esto... Sí, así es..."
92050600,さかい,Vaya... Ya sabía yo que no iba\na ser tan fácil.
92050600,すがた,"No les he visto en 40 años, así\nque aunque me cruzara con alguno\nde ellos, no lo reconocería.\fBueno, supongo que por eso mismo\nse les considera una leyenda..."
92050600,ｰそうか　そのとおりだよ！！\fだとしたら　オレ%1F会ってみたい！\n%2F伝説のイナズマイレブンに！\fおじいさん！　\nその%1F人たちが%1F今　どこにいるのか\n%1F知りませんか！？,"¡Tienes razón!\fSi es así, ¡me gustaría conocerles!\n¡El legendario Inazuma Eleven!\fPor casualidad, no sabrás dónde\nestán ahora, ¿no?"
92050600,ｼなあ　%2F円堂。　\nちょっと%1F気になったんだが…。\fイナズマイレブンって\n%3F雷門中の%2F生徒だったんだろ？\fだったら　もしかして\nまだ　この%3F稲妻町に　\n%1F住んでいるんじゃないか？,"Eh, Mark...\nHe estado pensando en una cosa...\fLos miembros del Inazuma Eleven\nestudiaban en el Instituto Raimon,\n¿verdad?\fEntonces, ¡alguno de ellos tiene\nque seguir viviendo en Inazuma!"
92050600,�もちろんじゃよ。\n４０%1F年%1F前の　%3F稲妻町を%1F知るもので\f%2F伝説のイナズマイレブンの%2F名前を\n%1F聞いたことのないものは\nおらんじゃろうて。,Claro. Todos los que vivíamos en\nInazuma hace 40 años conocemos al\nlegendario Inazuma Eleven.
92050700,",お%1F帰りなさいませ\nご%2F主人さま〜。",¡Bienvenidos a la cafetería!
92050700,8おっ　おい　ちょっと！\nうわー　ひっぱるなって！,"¡Eh, un segundo!\n¡En serio, no empujéis!"
92050700,<あっ　キャプテン！\nぬけがけは　ズルいでやんすよ〜っ！,"¡Ah, capitán!\n¡Qué morro! ¡Te has colado!"
92050700,ｼうわーっ！\nホントにＯＫしてくれちゃったの！？\nありがとう！　キミたちサイコーっ！\fボク　キミたちのために\nうーんと　サービスしちゃうもんね！\fネッネッ！\nぜひ　よっていってヨ〜！,¡Vaya!\n¿Realmente ha dado el visto bueno?\n¡Muchas gracias! ¡Sois unos cracks!\f¡Venid cuando queráis!\f¡La casa invita!
92050800,$いただきますっ　でやんす〜。,¡Claro que sí!
92050800,4お%1F茶はいかがですかー？\nご%2F主人さまー。,¿Desea tomar un té?
92050800,P%2F人脈ルートロック%2F解除！\n%2F音無に%1F話しかけて　%2F確認してみよう！,¡Se ha desbloqueado una ruta de\ncontactos! ¡Habla con Celia para\nacceder a ella!
92050800,\オムライスも〜ありますよ〜。\nわたし〜ケチャップで〜ハート〜\n%1F描いちゃおっかな〜？,"También hay arroz a la cubana. Si\nquieren, puedo dibujar un corazón\nencima con la salsa de tomate."
92050800,………ダメだっ！！,¡Esto no nos está ayudando a saber\ncosas sobre el equipo Otaku!\f¡Y el partido es mañana!\n¡Volvamos al instituto cuanto antes\npara entrenarnos!
92050800,あーん　っでやんすっ。,¡¿Pero qué...?!
92050800,いくぞっ　%2F栗松！,"Jua, jua...\nYa es demasiado tarde..."
92050800,ええっ　そんなぁ！,"¡Nooo, capitán!\n¡Suéltame, porfa!"
92050800,はいっ　あーん…,"Sí, mmm..."
92050800,ンふもがっ！？,"¡Vamos, Tod!"
92050900,$はあー　これだから…\n……？？,"No, en realidad es porque...\n¡¿Eh?!"
92050900,",うう…なんか…\nおなか…イタいッス…。",Ayyy... Oooh...\nMe duele mucho la tripa...
92050900,0あれ？　　　\nみなさん　どうしたんですか？,"¿Chicos, qué os pasa?"
92050900,Dなんでだ？　そんなに　\nメイド%2F喫茶に%1F行きたかったのかな。,¿Por qué? ¿Tantas ganas tenía de\nir a la cafetería de doncellas?
92050900,Xぼそっ…　\n%2F木野センパイ　%2F昨日から　\nちょっと　ごきげんナナメなんです…。,Uf...\nSilvia lleva desde ayer de mal\nhumor.
92050900,\…%2F円堂くん　%2F昨日は%1F楽しかった？\n%2F準備ができたら　%1F駅に%1F行きましょう。,"Mark, ¿os lo pasasteis bien ayer?\nCuando quieras, nos vamos a\nla estación."
92050900,рｦっ？　み　みんな\n%1F急に　どうしちゃったの！？\f%2F大変だわ！　%2F円堂くん！　\n１%1F度　%3F保健室で%1F診てもらいましょう！,"Ay, ay, ¡no puedo más!"
92051100,D%5F秋葉名戸中に%1F行きたくなったら\n%1F声をかけてください。,"La condición física del equipo\nes preocupante. En momentos así,\nel capitán debe probar lo que vale."
92051100,dみんなの%2F体調が%2F心配だ…。\nこんな%1F時こそ　キャプテンの\nオレがしっかりしなくちゃな。,¿Queréis ir al Instituto Otaku?
92051300,%s\nが仲間になった！,¡%s se te ha unido!
92051350,8ちょっと　あなたたち！\nコレはどういうことなの！？,¡¿Eeeh...?!\f¡Pero si ganamos al Otaku!
92051350,Hふー　きのうは%1F食べ%1F過ぎたッス。\nまだ　おなかいっぱいッスよ。,¡Uf! Menudo atracón el de ayer.\nAún estoy lleno.
92051350,P%2F人脈ルートロック%2F解除！\n%2F音無に%1F話しかけて　%2F確認してみよう！,¡Se ha desbloqueado una ruta de\ncontactos! ¡Habla con Celia para\nacceder a ella!
92051350,Pははっ　%1F次はついに%3F決勝戦だ！\n%2F今日から　また%2F練習がんばろうぜ！,"¡Ja, ja! ¡El próximo partido es\nla final! ¡Venga, a entrenar\ncomo locos!"
92051350,T%2F夏未は　\n%2F今日の「%2F少年サッカー%2F新聞」を\n%2F円堂に　たたきつけた！,¡Ya lo sé!\fPero la gente da por hecho que lo\nque sale en los periódicos siempre\nes cierto. ¡Qué vergüenza!
92051350,おーっ！,¡No tan deprisa!\n¿Qué se supone que es esto?
92051350,きょう,"¡Mark! El encargado de la cafetería\nde doncellas resultó ser el entrenador\ndel Otaku, ¿no?\f¡No me digas que no es muy\nsospechoso! ¡Seguro que este es\notro de sus trucos!"
92051350,しょうねん,Sí... ¡No pienso permitir algo\nasí! ¡Ahora mismo me voy a esa\ncafetería a pedirle explicaciones!
92051350,しんぶん,¡Ve a la cafetería de doncellas!
92051350,なつみ,"Oh, no... Bueno, ¿podemos hacer\nalgo para arreglarlo?"
92051400,%s\nが仲間になった！,¡%s se te ha unido!
92051400,0メガネくん\nがいっしょにいくことになった！,¡William Glass te acompañará!
92051400,8%2F土門　%2F飛鳥\nがいっしょにいくことになった！,¡Bobby Shearer te acompañará!
92051400,8%2F壁山　%3F塀吾郎\nがいっしょにいくことになった！,¡Jack Wallside te acompañará!
92051400,8%2F宍戸　%2F佐吉\nがいっしょにいくことになった！,¡Sam Kincaid se te ha unido!
92051400,8%2F染岡　%2F竜吾\nがいっしょにいくことになった！,¡Kevin Dragonfly se te ha unido!
92051400,8%2F栗松　%2F鉄平\nがいっしょにいくことになった！,¡Tod Ironside se te ha unido!
92051400,8%2F風丸　%3F一郎太\nがいっしょにいくことになった！,¡Nathan Swift te acompañará!
92051400,8%2F鬼道　%2F有人\nがいっしょにいくことになった！,¡Jude Sharp se te ha unido!
92051400,8%3F豪炎寺　%2F修也\nがいっしょにいくことになった！,¡Axel Blaze te acompañará!
92051500,$フン　ボクには%2F関係ないね。,Pero si no nos ayudas...\n¡el Raimon perderá!
92051500,Hでも　このままだと　\n%2F雷門が　%1F負けたことになっちゃうんだ！,"¿Queréis que encuentre unos datos\nen un ordenador?\fLo siento, pero me voy a comprar\nun nuevo videojuego...\f¡No tengo tiempo para acompañaros!"
92051500,Tなんだよ　こんなところまでさ。\nキミたちと%1F違って\nボクは　いそがしいんだ。,"¿Qué hacéis aquí?\nA diferencia de vosotros, ¡yo\nestoy ocupadísimo!"
92051500,\そんな…！\fたのむよ！\n%2F学園１　パソコンにくわしい\nおまえにしか　できないんだ！,"Bueno, ¿y a mí qué?\nEso es problema vuestro,\nastros del balompié."
92051500,ｼパソコンから\nデータを%1F見つけてほしいだって？\fあいにくだけど　%1F今から\n%1F新しいゲームソフトを\n%1F買いに%1F行くところでさ\fキミたちに　%1F付き%1F合ってるヒマ\nないんだよね。,Mark explica la situación a Willy.
92051600,%s\nが仲間になった！,¡%s se te ha unido!
92051601,4くっ　くそー！\nお　おぼえてろーでありますぞ！,¡Rayos! ¡Os vais a acordar de esta!
92051601,@くっ…　ばかな…！\n%2F正義が%1F悪に%1F負けるなんて…。,¿Eh? ¡¿Qué?!\nEl mal ha triunfado sobre el bien...
92051700,%s\nが仲間になった！,¡%s se te ha unido!
92051800,%s\nが仲間になった！,¡%s se te ha unido!
92051900,%s\nが仲間になった！,¡%s se te ha unido!
92060100,",ええいっ！\n%1F通せ！　%1F通すんだ！",¡Fuera de mi camino! ¡FUERA!
92060100,P%2F人脈ルートロック%2F解除！\n%2F音無に%1F話しかけて　%2F確認してみよう！,¡Se ha desbloqueado una ruta de\ncontactos! ¡Habla con Celia para\nacceder a ella!
92060100,ええい　うるさいっ！,¡Jude! ¡¿Qué pasa?!
92060120,D%2F鬼道…\n%2F勝利は%2F確実でなければ\n%2F意味がないのだ…。,Jude... No tiene sentido jugar\nun partido si no se tiene\nla seguridad de que se va a ganar.
92060120,Hなにごとだ　%2F鬼道？\n%1F今は　まだ%2F練習の%2F時間のはずだ…。,"¿Qué haces aquí, Jude?\n¿No deberías estar entrenando?"
92060120,Lふん…。\nおまえはそんなことは%1F気にせず\nただ%2F練習していればよい！,Hum... Eso a ti no te concierne.\nTú solo preocúpate de entrenar.
92060120,P%2F人脈ルートロック%2F解除！\n%2F音無に%1F話しかけて　%2F確認してみよう！,¡Se ha desbloqueado una ruta de\ncontactos! ¡Habla con Celia para\nacceder a ella!
92060120,Tくっ…！\f%2F総帥は　まさか　やつらが%2F伝説の\nイナズマイレブンだとでも…？,¡Bah!\f¿Acaso cree que son el legendario\nInazuma Eleven?
92060120,\あれは　なんなのです？\n%2F雷門のやつらをたおすために\nあんなものが%2F必要なのですか？,¿De verdad es necesario llegar tan\nlejos para derrotar al Raimon?
92060120,l%2F雷門%2F相手に　あんなワナを\n%1F使うことはありません！\n%2F実力で　じゅうぶん%1F勝てる%2F相手です！,¡No hace falta hacerle eso al\nRaimon! ¡Tenemos cualidades\nde sobra para ganarles sin trucos!
92060120,くっ…！,"¿Qué?\f¡No digas tonterías! ¡El legendario\nInazuma Eleven desapareció!\fAdemás, ya no depende de mí.\fPiensa que esto no es más que otra\nforma de asegurar la victoria.\f¡Y la victoria lo es todo!"
92060150,P%2F人脈ルートロック%2F解除！\n%2F音無に%1F話しかけて　%2F確認してみよう！,¡Se ha desbloqueado una ruta de\ncontactos! ¡Habla con Celia para\nacceder a ella!
92060150,いわ,"Vale. Bobby, ¿no te vienes?"
92060150,えんどう,"¡Jude, esta vez será diferente!\f¡Nosotros seremos los que\npasaremos a la fase nacional!"
92060150,けっしょう,"¿Ah, no?\fBueno... Wintersea nos espera\nen el aparcamiento.\n¡Id a verlo!"
92060150,ちくたいかい,¿Eh?\n¡El club nunca había tenido\nun autocar! ¡Qué pasada!
92060150,りじちょう,"¡Mark, tengo buenas noticias!\n¡El presidente de la Junta\nnos ha conseguido un autocar!\f¡Lo ha hecho para celebrar que\nhemos llegado a la final regional!"
92060150,�ニュースだぜ　%2F円堂さん！\n%3F理事長が　オレたちのために\nバスを　%1F借りてくれたらしい！\f%4F地区大会の%2F決勝まで%1F行った\nお%1F祝いなんだってよ！,"¡Al fin jugaremos contra la Royal!\f¡Si ganamos este partido,\nentraremos en el torneo nacional!\f¡Y podremos jugar contra montones\nde equipos!"
92060200,4そんな！　そこまでする必要が\nあるんですか！？,¿Cómo? ¿Seguro que es necesario\nrecurrir a algo así?
92060250,%s\nが仲間になった！,¡%s se te ha unido!
92060300,h%2F円堂くん！\f%2F土門くんは%3F職員室に%1F行ったらしいの！\nあたしたちも　%1F追いかけましょう！,¡Mark! Creo que Bobby ha ido\nhacia la sala de profesores.\n¡Vamos a alcanzarle!
92060300,�%3F職員室…？\n%2F土門のヤツ　どうして\nそんなところに%1F行ったんだ？\fとにかく　オレたちも\n%3F職員室に%1F行ってみるか！,"¿A la sala de profesores? ¿Y para\nqué va a querer ir allí?\fBueno, ¡vamos para allá!"
92060400,",ここは　%4F冬海先生の%1F机じゃないか！",¿No es esa la mesa de Wintersea?
92060400,T%2F円堂くん！　%2F土門くんは\nこの%1F机から%1F何かを%1F持って%1F行ったって…！,¡Mark! ¡Parece que Bobby ha cogido\nalgo de esta mesa!
92060400,hうん…　どういうことなんだろう？\n%2F土門くんは%2F部室に%1F行くって%1F言ってた\nらしいんだけど…。,Sí. No entiendo nada.\nBobby nos ha dicho que\ntambién se venía a la caseta.
92060600,%s\nが仲間になった！,¡%s se te ha unido!
92060800,%s\nが仲間になった！,¡%s se te ha unido!
92060900,P%2F人脈ルートロック%2F解除！\n%2F音無に%1F話しかけて　%2F確認してみよう！,¡Se ha desbloqueado una ruta de\ncontactos! ¡Habla con Celia para\nacceder a ella!
92061200,%s\nが仲間になった！,¡%s se te ha unido!
92061300,%s\nが仲間になった！,¡%s se te ha unido!
92061370,%s\nが仲間になった！,¡%s se te ha unido!
92061400,%s\nが仲間になった！,¡%s se te ha unido!
92061400,`…。\f%2F円堂くん…。\n%1F悪いことは%1F言わん。\fその%2F試合は　%2F棄権した%1F方がいい…。,¡Nathan Swift te acompañará!
92061400,えんどう,¡Jack Wallside te acompañará!
92061400,きけん,¡Axel Blaze te acompañará!
92061400,しあい,¡Sam Kincaid se te ha unido!
92061400,ほう,¡Kevin Dragonfly se te ha unido!
92061400,わる,¡Tod Ironside se te ha unido!
92061450,",木野が　いっしょに行くことになった！",¡Silvia se te ha unido!
92061450,`え？　土門くんの　いばしょ？\fそういえば　このあいだ\n土門くんにも鉄塔の話をしたんだ…。,"¿Eh? ¿Que dónde está Bobby?\fAhora que lo pienso, le hablé\nhace poco de la torre..."
92061450,ｸ円堂くんが教えてくれたあの場所。\nあそこに行きたくなるのって\nこんな気持ちのときなのかも…。\fわたしもいくよ　円堂くん！\n土門くんと　話をしたいんだ！\n鉄塔に行ってみましょう！,"Del lugar que me enseñaste.\nEs un buen refugio cuando uno no\nse siente del todo bien.\f¡Yo también voy, Mark! ¡Tengo que\nhablar con Bobby! ¡Vamos a la\ntorre!"
92061500,%s\nが仲間になった！,¡%s se te ha unido!
92061500,0メガネくん\nがいっしょにいくことになった！,¡William Glass te acompañará!
92061500,8%2F土門　%2F飛鳥\nがいっしょにいくことになった！,¡Bobby Shearer te acompañará!
92061500,8%2F壁山　%3F塀吾郎\nがいっしょにいくことになった！,¡Jack Wallside te acompañará!
92061500,8%2F宍戸　%2F佐吉\nがいっしょにいくことになった！,¡Sam Kincaid se te ha unido!
92061500,8%2F染岡　%2F竜吾\nがいっしょにいくことになった！,¡Kevin Dragonfly se te ha unido!
92061500,8%2F栗松　%2F鉄平\nがいっしょにいくことになった！,¡Tod Ironside se te ha unido!
92061500,8%2F風丸　%3F一郎太\nがいっしょにいくことになった！,¡Nathan Swift te acompañará!
92061500,8%2F鬼道　%2F有人\nがいっしょにいくことになった！,¡Jude Sharp se te ha unido!
92061500,8%3F豪炎寺　%2F修也\nがいっしょにいくことになった！,¡Axel Blaze te acompañará!
92061600,%2F準備はいいか　ボウズ！,"¿Estás listo, chaval?"
92061600,Xでも　そのおかげでオレたちの%2F実力は\n%1F見る%1F見るうちに%1F上がっていったんだ。,Hillman nos entrenó hasta el límite\ntodos los días hasta el día\ndel partido...
92061600,\それじゃ%1F行くぞ！\n%2F時間のかぎり　%2F練習する！\nそれが%2F雷門サッカー%1F部だ！,¡Pues empecemos! ¡Entrenaréis\nhasta que se agote el tiempo!\n¡Al viejo estilo Raimon!
92061600,\よーし！\nそれでは%2F今日から%2F試合の%1F日までの\n%2F仕上げの%2F練習を%2F開始するぞ！,¡Muy bien! ¡Empecemos el\nentrenamiento para el gran partido!
92061600,`%2F響木さんの%2F特訓は\nそれから%2F試合の%1F日まで\n%2F毎日　%2F限界まで%1F続けられた…。,"¡Sí, entrenador!"
92061600,`それじゃあ　さっさと%2F準備をして%1F来い！\n%2F帝国との%2F試合まで　もう%2F時間がねえぞ！,"Por eso, ¡estaba claro que no\npodíamos perder contra la Royal!\nO eso pensaba yo...\fDe cualquier forma, ¡el día del\npartido se nos echó encima!"
92061600,撃ｻう…　%2F相手があの%4F帝国学園だろうと\nゼッタイに%1F負けない！\nそう%1F信じられるほどに…！\fそして　%2F決戦の%1F日がやってきた…！,Pero valió la pena porque gracias\na su entrenamiento mejoramos de\nforma rápida y constante.
92061700,4はい　のぞむところです！！\nいくぞ　みんな！,"¡Sí, entrenador!\n¡Vamos allá, chicos!"
92061700,@オレたちはぜったい負けたくない\nあきらめたくないんです！,¡Ni de broma pensamos perder\nni rendirnos!
92061700,Dほんとうですか！\nありがとう　響木さん！\nいや　響木カントク！,"¿De verdad? ¡Muchas gracias,\nSeymour!\fPerdón... ¡Entrenador Hillman!"
92061700,Hキミは　帝国の選手だったのか…？\nそれさえ　仲間にしているとは…。,¿Tú eras un jugador de la Royal?\nY al final habéis acabado siendo\namigos...
92061700,H円堂くん…。　ワシのかんがえは\nさっきも言ったとおり　変わらんよ。,"Mark, no he cambiado de opinión."
92061700,撃ﾓ…　やはり大介さんの\nおマゴさんだな。\fわかったよ。　おまえたちの\nその心にかけてみよう…！\f今日からワシが\nおまえたちの監督だ！,"Hum... Realmente eres el nieto\nde David.\fMuy bien. ¡Habrá que intentarlo!\fDesde hoy, ¡seré vuestro nuevo\nentrenador!"
92061700,ﾈ聞いてください！\nオレ　帝国にいたんです。\fでも　あそこまでのことを\nしていたなんて…！\nオレだって帝国を　ゆるせない！\fおねがいです！\n円堂やオレたちといっしょに\n帝国とたたかってください！,"¡Escucha! Yo estaba en la Royal\nAcademy.\fPero no entiendo cómo han podido\nllegar tan lejos.\n¡No se lo perdonaré!\fPor favor, únete a Mark y a mí,\n¡y juntos lucharemos contra\nla Royal!"
92061700,�いいんだな？　ワシの\n特訓はきびしいぞ！\nぜったいに勝つ！ための特訓だ！\fおまえたちが　あたらしい\nイナズマイレブンとなり\n帝国学園をたおすのだ！,¡Soy muy estricto! ¡Vamos a\nentrenar muy duro para ganar!\f¡Deberéis convertiros en el nuevo\nInazuma Eleven si queréis ganar\na la Royal!
92061700,�今度は勝てる！\nあいつらを　たおせば\nもうこんなことはおこらない！\fオレはサッカーがすきなんだ！\nサッカーで人をキズつけるなんて\nぜったいにゆるせない！,¡Esta vez ganaremos!\n¡Nunca podrán volver a hacer eso\nsi les ganamos!\f¡No dejaré que usen el fútbol\npara hacer daño a los demás!
92061800,<お前は知らんのだ。\nあの　イナズマイレブンの伝説を…。,¿No conoces la leyenda\ndel Inazuma Eleven...?
92061800,X総統！　雷門あいてに\n小細工など必要ありません！\nふつうの試合をさせてください！,"Comandante, no hace falta jugar\nsucio contra un equipo como ellos.\n¡Déjenos jugar sin trampas!"
92061800,\今のやつらを　そんなふうに\nよぶものはいません。\nふつうの試合で十分勝てるはずです！,Nadie usa ese nombre ya.\n¡Tenemos habilidad más que de\nsobra para vencer a ese equipo!
92061800,恣y門のやつは　うらぎって\n雷門にのこったそうだな…。\fこうなったら　あのワナで\n土門もろとも　全員しまつするのだ！\nでなければ　とても安心はできん…！,"Parece que Bobby nos ha\ntraicionado y se ha pasado\nal Raimon...\fBueno, la trampa que he tendido\nal Raimon también acabará con él.\nUn problema menos. "
92061900,",%2F今日はついに%2F決戦の%1F日だ…！",¡Al fin ha llegado el día del\npartido!
92061900,lワシに%1F教えられることは\nもはや　%1F全て%1F教えた！\f%2F全力でぶつかり　%2F帝国をたおして%1F来い！,"Bueno, ¡os he enseñado todo\nlo que sé! ¡Id y atacad a la\nRoyal con todas vuestras fuerzas!"
92061900,tはい！　%2F監督！\fよーし！　それじゃ%1F駅から\n%4F帝国学園への%2F電車にのるぞ！\n%1F待ってろよ　%4F帝国学園！,"¡Sí, entrenador!\f¡Vale! ¡Vamos a la estación a\ncoger un tren que nos lleve a\nla Royal! ¡Que se preparen!"
92062000,帝国学園に行きます。,Rumbo a la Royal Academy.
92062000,帝国学園へ行きますか？,¿Quieres ir a la Royal Academy?
92062100,",%1F広すぎて　%2F迷子になりそうッス…。",Aquí uno puede perderse...
92062100,Hここが%4F帝国学園か…。\nうわさどおり　すごいところで\nやんすね。,¿Entonces esta es la\nRoyal Academy? Es tan grande\ncomo decían.
92062100,P%2F人脈ルートロック%2F解除！\n%2F音無に%1F話しかけて　%2F確認してみよう！,¡Se ha desbloqueado una ruta de\ncontactos! ¡Habla con Celia para\nacceder a ella!
92062100,d%1F行くぞ　みんな！\fオレたちはここで%2F帝国をたおして\n%2F伝説のイナズマイレブンになるんだ！,¡Vamos!\f¡Tenemos que derrocar a la Royal\ny convertirnos en el legendario\nInazuma Eleven!
92062200,%s\nが仲間になった！,¡%s se te ha unido!
92062250,%s\nが仲間になった！,¡%s se te ha unido!
92062260,%s\nが仲間になった！,¡%s se te ha unido!
92062300,$うたがって…　ごめんなさい…。,Siento... haber dudado de ti...
92062300,",ああ…　%1F楽しみにしてるぜ　%2F鬼道！","¡Estaré esperando ese momento,\nJude!"
92062300,",ああ　ずいぶん%1F昔の%1F話だがな…。",Es una historia muy larga...
92062300,0やった！　やったんだよ！\n%2F円堂くん！,"¡Lo hemos logrado! ¡Mark, ganamos!"
92062300,4そんな　お%1F兄ちゃん！\fお%1F兄ちゃーん！！,Pero... ¡eres mi hermano mayor!\f¡¡Hermano!!
92062300,8えっ\n%2F２人は%1F知り%1F合いだったでやんすか？,¿Ya os conocíais?
92062300,@%2F全国？　%1F負けたくせに\n%1F何をいってるんでやんす？,¿El torneo nacional? ¿Qué dices?\n¡Pero si habéis perdido!
92062300,Dお%1F兄ちゃん！\nどうしてわたしたちを\nおいていっちゃうの？,¿Por qué nos dejaste atrás?\n¡A tu propia familia...!
92062300,L%2F円堂…　%2F今回はおくれをとったが\n%2F全国じゃ　こうはいかないぜ！,"Mark... Puede que nos hayas\nderrotado, ¡pero esto no se\nrepetirá en el torneo nacional!"
92062300,Pか　%1F勝った…！？\f%2F今度こそ　ほんとうに%2F帝国に\n%1F勝ったのか…？,¿Hemos... ganado?\fEsta vez hemos vencido por\nméritos propios a la Royal...
92062300,Tなんでやんすって？\nじゃあ　%2F全国でもまた\nあんたらと　あたるんでやんすか！,¿Pero qué...? ¿Eso significa que\ntendremos que jugar otra vez con\nvosotros en el torneo nacional?
92062300,X%4F帝国学園に%1F入って\nサッカーをするんだ。\nだれにも%1F負けないサッカーを…。,¡Quería unirme a la Royal Academy\npara jugar al fútbol en un equipo\nque no perdiera nunca!
92062300,\ふ…　%1F気にすることはない…。\f%1F言われて%2F当然のことを\nオレは　してきたんだ…。,Bah... Olvídalo...\fEntiendo tu reacción...
92062300,hふっ…。\n%1F前%1F回の%2F優勝%1F校として　オレたちの\n%4F全国大会%2F出場がみとめられたんだ…。,"¡Ja! Como el año pasado ganamos el\ntorneo nacional, tenemos derecho\na participar de todas maneras."
92062300,lそんな！　%1F今のままで\nいいじゃない！\fお%1F金なんてなくたって\nみんなといれば　%1F楽しいじゃない！,"¿Qué? ¿Es que no estabas a gusto?\f¡Aunque no tengamos mucho dinero,\nlo importante es estar juntos!"
92062300,tみんなを%1F助けてくれたのは\n%2F感謝してます…。\fでも　わたし　あの%1F時のこと…\nまだ　%1F許せていないの…。,Te agradezco mucho que hayas\nsalvado a mis compañeros...\fPero todavía no puedo perdonarte\nque nos abandonaras... Aún no.
92062300,…お%1F兄ちゃん…！,¿Sois hermanos?
92062300,垂ｻこまで　おまえらが\n%1F勝ち%1F残っていればの%1F話だがな。\fせいぜい　がんばるがいい…。\fオレたちに　あらためて\nたおされるためにな…。,Os falta mucho para eso.\fEspero que os esforcéis.\fAsí podremos jugar la revancha.
92062300,�%4F帝国学園の%2F授業%1F料をはらうためには\n%2F鬼道%1F家の%2F養子になるしかない…。\fわかってくれ。\nこれはチャンスなんだ…。,¡Pude permitirme la matrícula de\nla Royal porque los Sharp me\nadoptaron!\fTienes que entender que era\nmi única opción...
92070100,P%2F人脈ルートロック%2F解除！\n%2F音無に%1F話しかけて　%2F確認してみよう！,¡Se ha desbloqueado una ruta de\ncontactos! ¡Habla con Celia para\nacceder a ella!
92070200,%s\nが仲間になった！,¡%s se te ha unido!
92070200,0メガネくん\nがいっしょにいくことになった！,¡William Glass te acompañará!
92070200,8%2F土門　%2F飛鳥\nがいっしょにいくことになった！,¡Bobby Shearer te acompañará!
92070200,8%2F壁山　%3F塀吾郎\nがいっしょにいくことになった！,¡Jack Wallside te acompañará!
92070200,8%2F宍戸　%2F佐吉\nがいっしょにいくことになった！,¡Sam Kincaid se te ha unido!
92070200,8%2F染岡　%2F竜吾\nがいっしょにいくことになった！,¡Kevin Dragonfly se te ha unido!
92070200,8%2F栗松　%2F鉄平\nがいっしょにいくことになった！,¡Tod Ironside se te ha unido!
92070200,8%2F風丸　%3F一郎太\nがいっしょにいくことになった！,¡Nathan Swift te acompañará!
92070200,8%2F鬼道　%2F有人\nがいっしょにいくことになった！,¡Jude Sharp se te ha unido!
92070200,8%3F豪炎寺　%2F修也\nがいっしょにいくことになった！,¡Axel Blaze te acompañará!
92070300,%s\nが仲間になった！,¡%s se te ha unido!
92070400,%s\nが仲間になった！,¡%s se te ha unido!
92070500,",…しっ　しまったでござる！\n御免っ！",¡Ma-maldición!\n¡Lo lamento mucho!
92070500,Tこうしちゃいられないな！\nオレたちも　はやく　\nＯＢをせっとくしにいこうぜ！,¡No tiene sentido seguir así!\n¡Vamos a convencer a los veteranos\ndel Inazuma cuanto antes!
92070500,|先輩！　\nあれ　つぎの対戦相手の\n戦国伊賀島中の生徒ですよ！\fテイサツに来たんでしょうか。\nうーん　あなどれませんね！,¡Mark! ¡Es uno de los alumnos\ndel Instituto Shuriken!\f¡Seguro que ha venido a espiar!\n¡No tienen vergüenza!
92070500,おいっ　まてっ！,"¡Oye, espera!"
92070501,<あれっ　おにいちゃん。　　\nもう　ようじはおわったの？,"Anda, ¿ya has terminado lo\nque tenías que hacer?"
92070501,@どういうことだ！？\n%2F円堂　%2F鉄塔へ%1F行ってみよう！,"¿De qué está hablando?\n¡Mark, vamos a la torre!"
92070501,dだって　さっき　　\nうたのおじちゃんに　\nあいにいくからって\fてっとうのほうへ　いったでしょ？,"Antes has dicho que ibas a\nla torre para hablar con el señor\nque siempre está cantando, ¿no?"
92070501,えっ　なんのことだ？,¿Eh? ¿A qué te refieres?
92070502,%s\nが仲間になった！,¡%s se te ha unido!
92070502,Xどうせ　%1F負けるんだから\nここでギターでも\n%1F弾いてたほうが　いいってもんさ。,¡Nathan Swift te acompañará!
92070511,4おい%2F円堂　\nちょっとメモを%1F見てみろよ。,"Eh, Mark, enséñame las notas."
92070511,8%1F弱ったなあ。\n%1F話を　%1F聞いてくれないぞ。,¿Eh? ¿Por qué está Edward\naquí?
92070511,8まったく！\nちかごろの%1F若ものは　けしからんっ！,Habrase visto... Vaya con\nla juventud de hoy en día...
92070511,<あのー　すみません。\nもしかして　あなたは%1F碇…。,"¡Silencio! ¡No interrumpas,\njovencito!"
92070511,<ええいっ　うるさいわっ。\n%1F話のジャマを　するなっ！,"Vaya, no quiere escucharme."
92070511,Tしかたないな…。\n%1F碇さんの%1F話が%1F終わるまで　\nあっちに%1F行ってようぜ。,Qué raro... Volvamos a donde\nantes.
92070511,hえーっと…。\f「%2F雷門のハゲタカ・%1F碇　%3F頑五郎」　\nマナーを%1F守らないと%2F説教してくる…。,Podría ser él...
92070511,うるせぇジイさんだなー。,¡Qué viejo más plasta!
92070511,ひょっとして…。,Perdona... ¿No serás Edward\npor casualidad?
92070511,もしかして…。,No será...
92070511,わっ！,Qué le vamos a hacer. Tendremos\nque esperar por ahí a que termine\nde hablar.
92070521,$%1F帰れっ　%2F商売のジャマだ！,¡Largo! ¡Esto es un negocio!
92070521,4い　%1F今の　\n%3F伊賀島の%2F生徒じゃないか？,¿Qué habrá pasado? ¡Vamos a ver!
92070521,ひーっ！,¿Ese no era un alumno del\nInstituto Shuriken?
92070522,Tあっ　あなたが　\n%3F備流田さん…　ですよね。\n%2F伝説のイナズマイレブンの…。,"Te llamas Constant, ¿verdad?\nSé que jugabas en el legendario\nInazuma Eleven."
92070522,pなんだぁ　ガキか。\fオレは%1F今　キゲンが%1F悪いんだ。\n%1F何も　%1F買わねぇなら\nさっさと%1F帰りやがれ！,"¿Qué? ¿Más niños?\f¡Si no vais a comprar\nnada, marchaos de aquí!"
92070522,あの%1F人？,¿Él? ¿De quién hablas?
92070522,帥Iレは　とっくの%1F昔に\nサッカーを　やめたんだよ！\n…やる%2F意味がねぇんだ。\f……あの%1F人のいないサッカーに\nもう　%2F意味はない…。,"¡Yo dejé de jugar al fútbol hace\nmuchos años! Y no tengo ningún\nmotivo para volver a jugar.\fSi él no está, no tiene\nningún sentido practicar ese\ndeporte..."
92070522,怎Iレたち　どうしても\n%3F伊賀島に%1F勝ちたいんです！\fそして　ゼッタイに%2F優勝して\n%2F全国ナンバーワンになる…。\nそれが　オレたちの%1F夢なんです！,¡Queremos ganar al Instituto\nShuriken sea como sea!\f¡Nuestro sueño es ganar todos\nlos partidos y ser los número\nuno del país!
92070522,怎nッ　%2F優勝？　おまえらが？\f%1F笑わせるない！\n%3F雷門中サッカー%1F部のウワサなら\nオレだって%1F知ってるぜ！？\n%1F弱すぎて　%2F廃部になるってな！,¿Vosotros? ¿Ganar? ¡Ja!\f¡No me hagáis reír! ¡Hasta yo sé\nlo que se dice por ahí de vuestro\nclub!\f¡Sois tan malos que os lo van\na cerrar!
92070522,ｸそうか　%2F響木のヤツが%1F言ってた\n%2F特訓してほしいとか%1F言うガキは　\nおまえたちか！\fチッ…　なんでこのオレが　　\nこんなガキたち%2F相手に\n%2F特訓しなきゃ　いけねぇんだよ！,¡Vosotros sois los mocosos a los\nque Seymour me ha pedido que\nentrene!\fPche. ¿Y por qué iba yo a\nentrenar a unos críos?...
92070522,�うるせえ！　\nとにかく　なんと%1F言われても\nオレは%2F協力しねぇ！\fさあ　%2F商売のジャマだ！！　\n%1F帰った　%1F帰った！,¡No te importa! ¡Y no hace falta\nque insistáis porque no pienso\ncambiar de opinión!\f¡Marchaos y dejad de estorbar!
92070523,h%2F２人は　%2F協力してくれたが…\n%3F備流田さんだけは　まったく　\n%2F相手にしてくれなかったな。,"Al final, dos han aceptado unirse\nal grupo, pero... No ha habido\nmanera de convencer a Constant."
92070523,|%2F円堂　%1F次のＯＢを　\nさがしに%1F行こうぜ。\fＯＢの　%3F居場所のヒントは\nメモを%1F見れば　わかるんだったよな。,"Vaya problemón. Y encima, se ve\nque Constant se lleva a matar\ncon el entrenador...\fVamos a ver a Arthur para que\nnos explique algo más sobre ellos."
92070700,\浮島さんは　河川敷にいるみたい。\nＫＦＣの子たちなら\nなにか　知ってるかもしれないね。,Parece ser que Island está en la\nribera del río. Quizá los niños\ndel Kids FC saben algo de él.
92070700,じゃあ探しにいきましょう,"Bien, pues vamos a buscarle."
92070700,なるほど…。,Ya veo...
92070700,浮島さんを探す？,¿Vas a buscar a Charles Island?
92070800,<なんだって！　みんな　\nいそいでグラウンドへ行くぞ！,¡¿Cómo?! ¡Vamos todos al campo!\n¡Rápido!
92070800,烽�あっ　守おにいちゃん！\nサッカーグラウンドで　まこが\nヘンなヤツにつかまっちゃったんだ！\fオレ　コワくって\n思わず　にげてきちゃって…。\f浮島のおじちゃんが\n１人でヤっつけようとしてるんだ！\nおねがい　たすけてよ！,"¡Ah, Mark! ¡Un chico raro ha\ncogido a Maddie!\fYo tenía tanto miedo que he\nsalido corriendo...\f¡Pero el señor Island ha ido él\nsolo a intentar salvarla!\n¡Por favor, haz algo!"
92070900,$くそーっ！　はなせっ　バカー！,"¡Suéltame, tonto!"
92070900,",…こぞう！！\nよし　息をあわせるぞ！","¡Muchacho, unamos nuestras\nfuerzas!"
92070900,8ムぅッ！　２人ガ相手でハ\n分がワルいか　御免ッ！,¡Ugh! ¡No puedo con dos a la\nvez!... ¡Lo lamento!
92070900,<おじちゃーん！\n…う……\nうわーん！　こわかったよー！,¡Señor Island!... Snif...\n¡He pasado mucho miedo!
92070900,<秘伝書なんぞ　ワシはもっておらん！\nその子をはなせっ！,¡Yo no tengo ningún cuaderno\nsecreto! ¡Deja a la niña!
92070900,Dコノ子どもヲ\nカエしてほしケレバ\nオとナしく秘伝書をワタせ…！,"Si queréis que os devuelva a la\nniña, tendréis que entregarme\nel cuaderno secreto."
92070900,dわたしは　サッカーをやめることで\nすべてを忘れようとしてきた\nたのむ　そっとしておいてくれ…。,"Dejé de jugar al fútbol para\nintentar olvidar todo lo ocurrido.\nNo insistáis, por favor."
92070900,おいっ　やめないか！,"¡Eh, tú, ya basta!"
92070900,戟cあの時もそうだった。\n影山にさからった私は\n家を燃やされ　家族をうしなった！\f今でも目を閉じると\nムスメのさけび声が聞こえるんだ…。,"Ya me crucé en su camino hace\ntiempo. El resultado: mi casa se\nquemó y perdí a mi familia.\fCuando cierro los ojos, todavía\nescucho a mi hija llorando..."
92070900,撃ﾅも…　でも\nこのままで　いいハズない！\nさっきのキックを見ればわかります！\fあなただって　ホントはまだ\nサッカー好きなんでしょう！？,"Pero... ¡Pero no puedes seguir\nasí!\f¡Me he dado cuenta cuando te he\nvisto con la pelota!\f¡A ti en realidad todavía te\ngusta el fútbol, ¿verdad?!"
92070900,消えた！？,¡¿Ha desaparecido?!
92070900,�…こぞう　おまえたちが　\nここに来たワケはわかっている。\f助けてくれたことには　礼を言おう。\nだがオレはもう　影山には　\nかかわりたくないんだ…。,"Sé por qué habéis venido hasta\naquí, muchachos.\fOs agradezco mucho que me hayáis\nayudado, pero no quiero tener\nnada que ver con Ray Dark."
92071000,",グローブを取りに　円堂の家に行こう！",No lo sé. Pero es lo único que\ntenemos.\fVamos a mi casa a buscarlos.
92071000,0%2F円堂\n%1F何か%1F心あたりはないのか？,"Además, por mucho que seas el\nnieto, puede que se niegue a \ncolaborar de todas maneras.\fSi tuviéramos algo de tu abuelo\nque consiguiera conmoverle..."
92071000,8やあ　%2F円堂くん。\n%2F説得は　どうなってるかね？,"Hola, Mark. ¿Has conseguido\nconvencer a los veteranos?"
92071000,<グローブ？　\nそれが　%1F何かの%1F役に%1F立つのか？,"¿Se te ocurre algo, Mark?"
92071000,Hそうか……。\nやれやれ　%3F備流田のヤツにも\nこまったものだな。,Mark pone al corriente a Arthur.
92071000,Tじゃあ　おまえが\n%2F監督のマゴだってことを　\n%3F備流田さんに%1F伝えれば…。,¿Del abuelo?
92071000,dあの%1F人…　か。\fそれは　おそらく　\n%2F円堂%2F監督…　おまえさんの\nじいさんのことだろう。,Ahora que lo pienso...\fConstant ha dicho que no valía la\npena jugar sin una persona...\n¿A quién se estaría refiriendo?
92071000,hいや　%1F口だけでは\n%1F信じないだろうな。\fあいつは　%2F響木と%1F同じくらい\nガンコなヤツなんだ。,"Constant era un chico\nproblemático. Cuando se enfadaba,\nera imposible controlarle.\fSolo hacía caso al entrenador\nEvans.\fEstoy convencido de que la muerte\nde tu abuelo fue un shock muy\nfuerte para él."
92071000,hそういえば…\f%3F備流田さんが　%1F言ってた\n「あの%1F人」って\nいったい　%1F誰のことなんですか？,"Vaya, seguro que no ha sido\nfácil tratar con Constant."
92071000,|わからない。　\nでも　%1F他に%1F手がかりがないんだし。\fとりあえず　１%1F度%1F家まで\nグローブを%1F取りに%1F帰ろうぜ！,Mmm... Mi madre tiró casi todo\nlo que tenía que ver con\nel fútbol.\fLo único que queda son\nlos cuadernos y...\f¡Ya lo tengo! ¡Los guantes!\n¡Los guantes que heredé de mi\nabuelo!
92071000,じいちゃんの「しるし」…？,Solo con decírselo no se lo\ncreerá.\fConstant es tan cabezota como\nSeymour.
92071000,じいちゃんの？,"Sin una persona... ¿eh?\fSupongo que estaba hablando del\nentrenador Evans, tu abuelo."
92071000,もくてき,¿Unos guantes?... ¿Crees que nos\nservirán para algo?
92071000,撃ｽとえマゴでも　すなおに\n%2F協力してくれるかどうか…。\fせめて…　そう\n%3F備流田の%1F心を%1F動かす\n%2F監督の「しるし」があれば…。,Quizá si le dices a Constant que\neres el nieto de su entrenador...
92071000,ﾌうーん。　じいちゃんの%1F残した　\nサッカー%2F関係のモノは\f%1F母ちゃんが　ほとんど　\n%1F捨てちゃったんだ。\nあるのは　このノートと…\fそうだ！　グローブ！！\nじいちゃんの　%2F形見のグローブだ！,¿Algo del abuelo?...
92071100,%s\nが仲間になった！,¡%s se te ha unido!
92071200,%s\nが仲間になった！,¡%s se te ha unido!
92071300,%s\nが仲間になった！,¡%s se te ha unido!
92071400,%s\nが仲間になった！,¡%s se te ha unido!
92071800,$なっ　なんだ　このじいさん！？,¡Pero si eres Igajima!\fQué sorpresa... No esperaba que\naún siguieras vivo.
92071800,",フン　あんたに%1F言われたくないぜ。","¡Nos llevamos el cuaderno secreto,\nRaimon! ¡Lo sentimos!"
92071800,8%2F雷門よ　%3F秘伝書はもらっていく！　\n%2F御免！,¡Eh! ¡Esperad!
92071800,<ええいっ　%1F何をやっておる\nこのミジュクものめいっ！,"¡¿Qué estáis haciendo, cenutrios?!"
92071800,Xくそっ　われらの%1F術を\nやぶるとは…！\n%2F少々　%1F甘く%1F見すぎていたか…！！,¡Rayos! ¡Han contrarrestado\nnuestra técnica ninja!... Creo\nque les hemos subestimado...
92071800,dおまえは…　%3F伊賀島…！\n%3F伊賀島　%2F仙一！\fおどろいたな…\nまだ　%1F生きてやがったのか。,"Jo, jo. ¿Y tú no eres ese mocoso\nimpertinente que era discípulo de\nDavid Evans?\fJuo, Juo. Estoy rodeado de un\nequipo de viejos."
92071800,お%2F師匠さま！,¿Quién es ese viejo?
92071800,怩ﾙほぅ。　そういうキサマは\nあの　にっくき%2F円堂　%2F大介の%2F弟子の\nナマイキなガキンチョか。\fひょっひょっ　そろいもそろって\nジジイになりおって。,"Hum, mira quién fue a hablar."
92072000,",ああ！　\nありがとうなー　%2F夏未！","Vale... ¡Gracias, Nelly!"
92072000,8うわっ　すごい！\nグラウンドがキレイになってるぞ!,"¡Uah, qué pasada!\n¡El campo ha mejorado mucho!"
92072000,<ああ！　%3F理事長に　\nお%1F礼を%1F言わなくっちゃな！,¡Tenemos que darle las gracias\nal presidente de la Junta!
92072000,Tよかったね！\nきっと　%2F円堂くんたちの\nがんばりを　%1F見てくれてたんだよ。,"Qué bien, ¿eh? Seguro que ha\nvisto cómo os esforzabais y ha\nquerido recompensaros."
92072000,`あなたたち　お%1F父さまの%2F厚意を\nウラ%1F切るような%2F試合をしたら\nゆるさなくってよ。,"Como juguéis un mal partido y\ntraicionéis la confianza de mi\npadre, no os lo perdonaré jamás."
92072000,hこんな　りっぱなグラウンドを\n%2F用意するなんて…。\fまったく　お%1F父さまは\n%1F甘いんだから。,Mira que construir un campo como\neste...\fMi padre es demasiado optimista.
92072000,xそれが　お%1F父さまは\n%2F最近　とても%1F忙しいみたいで\fわたしも　ここ%2F数日\nまともに%1F顔を%1F見ていないのよ。,Mi padre está muy ocupado\núltimamente.\fHace días que no le veo.
92072000,そうなのか？,"¿Ah, sí?"
92072000,撃ﾜ　よろこんでいたとは\n%1F伝えておくわ。\f%2F工事には　まだ%2F時間がかかるから\n%2F今日は　べつの%2F場所で\n%2F練習してちょうだい。,"Bueno, ya le diré que os\nha gustado mucho de vuestra parte.\fLas obras aún no han terminado,\no sea, que hoy tendréis que\nentrenar en algún otro sitio."
92072100,%s\nが仲間になった！,¡%s se te ha unido!
92072200,0よし！\nとりあえず　%2F練習はここまでだ。,"Solo queda el final. Cuando\nestés preparado, avísame."
92072200,Dヘッ。　\nこれでも　だいぶん\n%1F手かげんしてやってんだぜ。,"Je. Pues ahora nos estamos\nconteniendo bastante, ¿sabes?"
92072200,Lすごい…！　\nこれが%2F監督たちの…\nイナズマイレブンの%1F力なのか！,¡Increíble!...\n¡El Inazuma Eleven es muy fuerte!
92072200,Lふう。\n４０%1F年%1F前なら　もっと\n%1F体が%1F動いたんじゃがのう…。,"Hum, si tuviese cuarenta años\nmenos, me movería con mucha más\nsoltura."
92072200,P%2F人脈ルートロック%2F解除！\n%2F音無に%1F話しかけて　%2F確認してみよう！,¡Se ha desbloqueado una ruta de\ncontactos! ¡Habla con Celia para\nacceder a ella!
92072200,はい！　おねがいします！,Por ahora ya es suficiente.
92072200,狽ｨまえたちが　さらなる\nパワーアップを%1F果たすまで\nとことん%2F練習につきあおう！\fかつて　%2F円堂%2F監督が\nワシたちに　してくれたようにな。,¡Entrenaremos con vosotros hasta\nque subáis aún más de nivel!\f¡Eso es lo que el entrenador\nEvans hacía con nosotros hace\naños!
92072250,%s\nが仲間になった！,¡%s se te ha unido!
92072300,@さあ　みんな\n%2F準備ができたら%1F駅へ%1F行きましょう。,"¡Tranquilo! A nosotros nos la han\nenseñado los veteranos del Inazuma\npersonalmente.\f¡Aunque nuestro rival sea capaz\nde usar la misma técnica, no\nvamos a perder contra ellos!"
92072300,`ついに%2F試合の%1F日だ…。\n%1F夢にまで%1F見た　%2F全国の%2F舞台で\nサッカーができるぞ！,Hoy es el día del partido. ¡Por\nfin podremos debutar en el torneo\nque he visto hasta en sueños!
92072300,怩ﾈあ　%2F円堂。\n%3F伊賀島のヤツら　%1F炎の%3F風見鶏の\n%3F秘伝書を　もっていただろ？\fもしかして　ヤツらも\nあの%1F技を%2F完成させているんじゃ…。,"Oye, Mark, los del Shuriken se\nllevaron el cuaderno secreto del\nPájaro de fuego, ¿te acuerdas?\fPuede que ellos también hayan\nconseguido dominar la técnica."
92072400,$おっ　お%1F兄ちゃあんっ…！,Han perdido.
92072400,$どうかしたんですか　%2F監督？,"Hemos ganado un partido del torneo\nnacional, pero ni siquiera \nestamos de humor para celebrarlo."
92072400,$まさか！　あの%2F帝国が！？,"¡Ah, entrenador!\n¿Cómo le ha ido a la Royal?"
92072400,%1F負けた。,"¡Animaos, chicos! ¡Seguro que el\npresidente se pone bien pronto!\fAh, casi se me olvida. Hoy la\nRoyal tenía partido."
92072400,0あっ　%2F監督！\nどうですか　%2F帝国は？,El presidente de la Junta aún\nno ha despertado... Seguro que\nNelly lo está pasando mal.
92072400,Tせっかく　%4F全国大会で%1F勝ったのに\nこれじゃあ　すなおに%1F喜べないぜ…。,"En lugar de celebrar la victoria,\nnos fuimos corriendo a verle.\fDos días después, el presidente de\nla Junta todavía seguía en coma..."
92072400,\%3F理事長…。　\nまだ　%1F目を%1F覚まさないなんて\n%2F夏未さん　%2F心配だろうね…。,El accidente del presidente de la\nJunta tuvo lugar en las obras del\nnuevo campo de fútbol.\fNos dijeron que estaba gravemente\nherido y que se lo habían llevado\nal hospital.
92072400,d%4F全国大会１%2F回戦…\n%4F帝国学園の%2F試合なんだが…。\f%4F帝国学園が…　%2F完敗したんだ。,"Bueno, aunque ya está claro que\nganarán todos los partidos y que\nllegarán a la final...\fPor cierto, el entrenador ha ido\na preguntar el resultado."
92072400,пu%4F世宇子中」と%1F名のるチームに\n０−１０で…　%2F完敗だ。\f%2F鬼道たち%2F帝国メンバーも\n%2F全員が…　%2F病院おくりに…。,"¿Qué ocurre, entrenador?"
92072400,ｼ%3F理事長の%1F身におこった\nふかかいな%2F事故。\fそして　とつぜん%1F現れた\nナゾのチーム「%4F世宇子中」…。\fオレたちの　%1F知らないところで\nいったい%1F何が　おこっているんだ！？,A pesar de que era el partido de\noctavos...\fLa Royal ha perdido de goleada.
92080100,%s\nが仲間になった！,¡%s se te ha unido!
92080100,0メガネくん\nがいっしょにいくことになった！,¡William Glass te acompañará!
92080100,8%2F土門　%2F飛鳥\nがいっしょにいくことになった！,¡Bobby Shearer te acompañará!
92080100,8%2F壁山　%3F塀吾郎\nがいっしょにいくことになった！,¡Jack Wallside te acompañará!
92080100,8%2F宍戸　%2F佐吉\nがいっしょにいくことになった！,¡Sam Kincaid se te ha unido!
92080100,8%2F染岡　%2F竜吾\nがいっしょにいくことになった！,¡Kevin Dragonfly se te ha unido!
92080100,8%2F栗松　%2F鉄平\nがいっしょにいくことになった！,¡Tod Ironside se te ha unido!
92080100,8%2F風丸　%3F一郎太\nがいっしょにいくことになった！,¡Nathan Swift te acompañará!
92080100,8%2F鬼道　%2F有人\nがいっしょにいくことになった！,¡Jude Sharp se te ha unido!
92080100,8%3F豪炎寺　%2F修也\nがいっしょにいくことになった！,¡Axel Blaze te acompañará!
92080200,%s\nが仲間になった！,¡%s se te ha unido!
92080300,%s\nが仲間になった！,¡%s se te ha unido!
92080400,$じゃあ　もしかしたらそこに？,La torre le trae ciertos\nrecuerdos...
92080400,8…あなたたち　%2F夏未さまを　\nさがしているのね？,¿Buscáis a Nelly?
92080400,Dあの%2F鉄塔は　%2F夏未さまにとって\n%1F思い%1F出の%2F場所…。,¿La torre?\n¿Quién diría que a ella\ntambién le gusta ir allí?
92080400,L%2F鉄塔が？\nあいつも　あそこが%1F好きだなんて\nなんだか%2F意外だな。,Nelly me contó algo hace mucho\ntiempo...\fDijo que su lugar favorito en toda\nla ciudad era la torre.
92080400,P…ま　とにかく\n%1F他にアテもないんだろ。\n%2F鉄塔へ%1F行ってみようぜ。,¿Y crees que estará allí ahora?
92080400,Xやっぱり　ここにも　\nもどってないみたいだなあ。\n%2F本当に　どこに%1F行ったんだ？,No parece que Nelly haya vuelto\npor aquí. ¿Adónde habrá ido?
92080400,l…！　\nああ　そうなんだ！\fなんでもいいんだ。\n%2F夏未が%1F行きそうな%2F場所に\n%1F心あたりはないか？,Pues sí.\fEstamos tratando de averiguar\ndónde está. ¿Sabes algo de ella?
92080400,え？　オレなら？,"El presidente a menudo la\nllevaba con su madre, cuando\naún vivía, a ver la puesta de sol."
92080500,%s\nが仲間になった！,¡%s se te ha unido!
92080510,%s\nが仲間になった！,¡%s se te ha unido!
92080510,な　%1F何よ？,¡Nathan Swift te acompañará!
92080510,なに,¡Jack Wallside te acompañará!
92080600,%1F誰がこんなことを…。,¿Quién habrá hecho esto?
92080600,8なんだこれ！\n%2F部屋がメチャクチャじゃないか！,¿Pero qué...?\n¿Por qué esta habitación está\ntan desordenada?
92080600,D…！\nもしかして　%3F理事長の%2F書類を\n%1F盗みにきたんじゃ！,¡Oh!\n¡Quizá se hayan llevado los\ndocumentos del presidente!
92080600,P…%3F大丈夫よ。\n%2F書類のある%1F引き%1F出しには\nカギをかけておいたから。,No te preocupes... Cerré con llave\nel cajón que tenía los documentos.
92080600,あっ　%2F円堂センパイ！,"¡Ah, Mark!"
92080600,�もうしわけないであります！\n%2F通報をうけて　\n%2F本官がきたときには\fあれビックリ！！　\nすでにこのようにメチャクチャに\n%1F荒らされていたのであります！,"Buenas noches... Recibí una\nllamada de la comisaría,\npero...\fCuando llegué, ¡este sitio ya\nestaba así!"
92080610,%s\nが仲間になった！,¡%s se te ha unido!
92080700,0くそっ！　\nもう追いついてきやがったか！,¡Maldita sea! ¡Me pisa los talones!
92080700,4ちょっと　オレたちの相手を\nしてもらおうか？,¡Dejadme en paz!\n¡Este no es el momento\npara echar un partido!
92080700,8おうおう　ココから先は\n通すワケにはいかねぇなあ！,¡Eh! ¿No vas a jugar contra\nnosotros?
92080700,Pなんだおまえら！\n今は　おまえたちの相手を　\nしている場合じゃないんだ！,¡Capitán! Me parece a mí que son\ncómplices del ladrón. ¡Habrá\nque jugar contra ellos!
92080700,まてーっ！,¡Oye! ¡No pienses que puedes\npasar por aquí como Pedro por\nsu casa!
92080800,%1F待てーっ！,¡Se ha desbloqueado una ruta de\ncontactos! ¡Habla con Celia para\nacceder a ella!
92080800,",たのむっ！\nそいつをつかまえてくれっ！",¿Ein? Menudo momento pa' pasar\npor aquí.
92080800,うわわっ！,"¡Ayudadme a atraparlo, por favor!"
92080900,$見つけたぞっ　逃がすものか！,¡Ya te tengo! ¡Y no tienes\ndónde esconderte!
92080900,",ああっ\nくそーーっ　待てーーっ！！！",Es inútil. Se ha ido en coche.\nYa no hay forma de alcanzarle.
92080900,",あっ　守おにいちゃん。\nこんにちは！","¡Eh, Mark!\n¡Hola!"
92080900,Dあっ　おまえたち　\nこのあたりで\nアヤしい人をみなかったか？,¿Un tipo muy raro?\n¿Vestido todo de negro?\nSe fue corriendo al parque.
92080900,Hムリだキャプテン。　\n車で逃げられたんじゃ\nもう　追いつけないぜ。,Pero... ¡ya casi lo teníamos!
92080900,H円堂くん　きっと\n書類をうばった犯人だ！\n公園の方へ行ってみよう。,¡Ve al parque!
92080900,P%2F人脈ルートロック%2F解除！\n%2F音無に%1F話しかけて　%2F確認してみよう！,¡Se ha desbloqueado una ruta de\ncontactos! ¡Habla con Celia para\nacceder a ella!
92080900,X仕方がないな。\nひとまず皆のところへもどろう。\nどうするかはそれから考えるんだ。,No había nada que hacer. De\nmomento tendremos que ir a la\ncaseta del club a ver qué hacemos.
92080900,くそっ！,¡Eh! ¡Espera!
92080900,こんにちはー。,¿Habéis visto pasar por aquí\na un tipo muy raro?
92080900,�あやしいひと？\nうーん　そういえばさっき　\nまっくろなふくをきた\fおとこのひとが　\nこうえんのほうへ\nはしっていったなぁ。,"Mark, seguro que es el ladrón\nque robó los documentos. ¡Vamos\nal parque!"
92081000,",ああっ　こいつは\nさっきの%2F犯人！",¿Tienes al ladrón?
92081000,8おうじょうぎわがワルいぜ！\nさっさと%1F入るんだ！,"Nunca te rindes, ¿eh? ¡Entra aquí!"
92081000,@フッ　ずいぶんとせまいな。\nこれが%2F本当に%2F部室なのか？,Ya puedes entrar.
92081000,L%2F監督が　つかまえて%1F来て\nくれたんですか？\nありがとうございます！,¡Entrenador! ¡Le has atrapado!\n¡Muchas gracias!
92081000,おっ　おまえは！！！,¿Un nuevo miembro?
92081000,さあ　%1F入ってきな。,"Si vais a darle las gracias\na alguien, no me las deis a mí.\fPodéis agradecérselo al nuevo\nmiembro que desde hoy formará\nparte del equipo Raimon."
92081000,ぶしつ,Jude... ¿Jude Sharp?
92081000,ほんとう,¡Bah! Este sitio es aún más\nestrecho de lo que esperaba.\n¿Y esto es vuestra caseta?
92081000,�そう…　\nけっきょく　%2F書類は　\nうばわれてしまったのね…。\fお%1F父さまは　いったい\n%1F何を%1F伝えたかったのかしら…。,Así que al final robaron\nlos documentos...\f¿Qué sería lo que quería decirme\nmi padre?
92081010,Hクッ　\n%1F待て　%3F世宇子…！\nまだ…　%2F勝負はついてない…！,"¡Un momento, Zeus!\n¡Todavía no habéis ganado!"
92081010,Lおまえたちのような%2F弱者に　\n%1F生きる%2F意味はない。\n%1F消えろ。,No hay sitio para los débiles.\n¡Debes desaparecer!
92081010,Pそっ　%2F総帥！\nなぜここに！？　\nまさか　あなたが%3F世宇子%1F中の…。,"¿Comandante?\n¿Qué hace aquí? Entonces,\nel Zeus es su..."
92081010,ブザマだな　%2F鬼道。,"Sharp, das pena."
92081020,%2F円堂くん…。,"Bueno, vale... Yo que ya había\ncreído que...\fDa igual. ¡Bienvenido al equipo\nde todas formas!\n¿A que sí, chicos?"
92081020,0ええっ　%2F影山が\n%3F世宇子の%2F監督！？,¿Ray Dark es el líder del Zeus?
92081020,Xそこで…　おまえたち　\n%2F雷門サッカー%1F部に\n%2F入部してやろうと%1F思ってな。,Ahora lo entiendo todo.\fRay Dark es el vicepresidente\nde la Federación.\fSeguro que no le ha costado nada\nmeter al Zeus en la competición.
92081020,р�っ　ああ。　\nちょっと　おどろいたけどさ。\fでも　いっしょにサッカーするなら\nオレは%1F大かんげいだぜ！\nそうだろ　みんな？,"Pero más que su presencia, lo\nimportante es que tiene que haber\nalgo especial en el poder del Zeus.\fPor eso debo enfrentarme a ellos\nuna vez más... ¡Quiero descubrir\nsu secreto!"
92081020,えんどう,"Bah... No te hagas ilusiones,\nEvans. No pienso unirme a tu\npandilla.\fSolo sois mi forma de acabar\ncon el Zeus.\fEspero que no acabéis resultando\nun obstáculo."
92081020,みんな？,Ese es el único motivo por el que\nme he unido al Raimon.
92081100,$よう！\n%1F遅ぇぞ　ガキども！,"¡Eh, chicos! ¡Llegáis tarde!"
92081100,4はあ　はあ…　くそっ！\nこれじゃ　ダメなのか！,¡Eso no lo dudes! ¡Haremos\nlo que podamos para romper\nvuestra barrera!\f¡Vamos allá!
92081100,8%2F監督！　\nこのフォーメーションは　いったい？,¡Entrenador! ¿Qué formación\nes esa?
92081100,Lでもよ　%2F響木。\nそれって　ただのウワサだろ。\n%2F本当にあるのかよ。,"Pero, Seymour... ¿Eso no era solo\nun rumor? ¿Crees que es cierto?"
92081100,P%2F最強のシュート%1F技…？\nでも　そんな%3F秘伝書なんて\nもうないし…。,¿Qué tipo de tiro podemos\nusar para romper esa técnica\ndefensiva?
92081100,Pどうやったら\nあのディフェンス%1F技をやぶる\nシュートが%1F打てるんだ…？,¡Aaah! ¡Maldita sea!\n¡Esto no funciona! ¡No hay forma!
92081100,Tヘッ　そうカンタンには\n%1F越えさせねえけどな！\nさあ　やってみなガキども！,"Sí... ¡Enseñémosles cómo se hace!\fSi podéis superar nuestro bloqueo,\nseguro que no os cuesta nada\nsuperar la Muralla infinita."
92081100,\なるほど…！\n%2F監督たちのディフェンス…　\nゼッタイに%1F越えてやろうぜ！\fいくぜ！！,¿Eh? ¡No nos superaréis tan\nfácilmente! ¿Por qué no lo veis\npor vosotros mismos?
92081100,d%2F円堂%2F監督がのこした\n「%2F最強のシュート%1F技」の%3F秘伝書が\nどこかに%2F存在するはずだ。,No... ¡Aún hay más!
92081100,いや…　ある。,"En mis tiempos, me crucé\ncon muchos equipos...\f¡Pero nadie tenía una defensa\ncomo la del Instituto Farm!\fPara atravesar esa muralla,\nnecesitáis el más potente\nde los tiros."
92081100,ええっ！？,El entrenador Evans dejó un\ncuaderno con la técnica del tiro\ndefinitivo en alguna parte.
92081100,えっ！？,¿El más potente de los tiros?\n¡Pero si ya no hay más\nsupertécnicas del abuelo!
92081100,かんとく,"Mark, si esa técnica realmente\nexiste, deberías preguntárselo\na tu madre."
92081100,じだい,¡Vuelve a casa de Mark!
92081100,せんしゅ,De acuerdo. ¡Volvamos a mi casa!
92081100,むかし,¿Eh? ¿Mi madre?
92081100,撃ｻう　それをワシたちが\n%1F今から%2F再現する！\fワシたちのディフェンスを\n%1F越えられれば「%2F無限の%1F壁」も\nこわくはないだろう。,La Muralla infinita del Farm\nconsiste en situar dos defensas\ndelante de la portería.\fEs el bloqueo perfecto contra\nlos tiros de un rival.
92081100,ｬわからん…　\nだが%1F昔　%1F聞いたことがあるのだ。\f%2F監督が　サッカー%2F選手%2F時代に\nその%1F技を%1F使っていた　と。\f%2F温子さん…　\nおまえのおフクロさんからな。,"No lo sé, pero es algo que oí\nhace mucho tiempo.\fAl parecer había usado ese tiro\ncuando aún jugaba al fútbol.\fMe lo dijo tu madre, Mark."
92081200,%s\nが仲間になった！,¡%s se te ha unido!
92081210,%s\nが仲間になった！,¡%s se te ha unido!
92081300,%s\nが仲間になった！,¡%s se te ha unido!
92081300,0メガネくん\nがいっしょにいくことになった！,¡William Glass te acompañará!
92081300,8%2F土門　%2F飛鳥\nがいっしょにいくことになった！,¡Bobby Shearer te acompañará!
92081300,8%2F壁山　%3F塀吾郎\nがいっしょにいくことになった！,¡Jack Wallside te acompañará!
92081300,8%2F宍戸　%2F佐吉\nがいっしょにいくことになった！,¡Sam Kincaid se te ha unido!
92081300,8%2F染岡　%2F竜吾\nがいっしょにいくことになった！,¡Kevin Dragonfly se te ha unido!
92081300,8%2F栗松　%2F鉄平\nがいっしょにいくことになった！,¡Tod Ironside se te ha unido!
92081300,8%2F風丸　%3F一郎太\nがいっしょにいくことになった！,¡Nathan Swift te acompañará!
92081300,8%2F鬼道　%2F有人\nがいっしょにいくことになった！,¡Jude Sharp se te ha unido!
92081300,8%3F豪炎寺　%2F修也\nがいっしょにいくことになった！,¡Axel Blaze te acompañará!
92081450,Lボウズ…　チームを　\nムリヤリまとめようなんて\n%1F思ったらダメだ。,"Dime, ¿cómo te las apañabas?"
92081450,Lボウズ　%2F１人なのか？\n「イナズマブレイク」の\n%2F練習はどうした。,"Chaval, ¿estás solo?\n¿Cómo os ha ido con la Ruptura\nrelámpago?"
92081450,Xイナズマイレブン%2F時代に\nキャプテンとして　チームを\nどうまとめていたかって？,Mark le cuenta lo sucedido\nal Sr. Hillman.
92081450,tフッ　%3F備流田たちを%1F見れば　\nわかるだろう？\fそれはもう　おまえらに%1F負けず\nクセものぞろいだったぜ。,¿Que cómo lograba mantener unido\nal equipo cuando era capitán\ndel Inazuma Eleven?
92081450,おも,"Chaval, no puedes obligar a un\nequipo a que sea una piña."
92081450,じゃあ　どうやって？,"Hum... ¿Es que no conoces a\nConstant y al resto?\fEran una panda de orgullosos,\nno les gustaba perder ni a\nlas canicas."
92081500,%s\nが仲間になった！,¡%s se te ha unido!
92081500,0メガネくん\nがいっしょにいくことになった！,¡William Glass te acompañará!
92081500,8%2F土門　%2F飛鳥\nがいっしょにいくことになった！,¡Bobby Shearer te acompañará!
92081500,8%2F壁山　%3F塀吾郎\nがいっしょにいくことになった！,¡Jack Wallside te acompañará!
92081500,8%2F宍戸　%2F佐吉\nがいっしょにいくことになった！,¡Sam Kincaid se te ha unido!
92081500,8%2F染岡　%2F竜吾\nがいっしょにいくことになった！,¡Kevin Dragonfly se te ha unido!
92081500,8%2F栗松　%2F鉄平\nがいっしょにいくことになった！,¡Tod Ironside se te ha unido!
92081500,8%2F風丸　%3F一郎太\nがいっしょにいくことになった！,¡Nathan Swift te acompañará!
92081500,8%2F鬼道　%2F有人\nがいっしょにいくことになった！,¡Jude Sharp se te ha unido!
92081500,8%3F豪炎寺　%2F修也\nがいっしょにいくことになった！,¡Axel Blaze te acompañará!
92081510,@やっぱり　ムリなんスかねぇ。\n３%1F人が%2F協力するなんて。,Pche... ¿Y qué hacemos con\nesa defensa?
92081510,pまったく　これだけ%2F練習しても\n%1F息があわないとは…。\f３%1F人とも　ガンコというか\nなんというか…。,Sabía que era imposible\nconseguir que esos tres\ntrabajaran juntos.
92081510,tよしっ　%2F今日こそ%2F完成させろよ！\fオレたちの「%2F無限の%1F壁」を\n「イナズマブレイク」で\nやぶってみせろ！,¡Sí! ¡Hoy podemos conseguirlo!\f¡A ver si rompéis nuestra Muralla\ninfinita con la Ruptura relámpago!
92081510,うおおおおお！,Mira que no coordinar el tiro a\npesar de entrenar tanto...\n¿Será porque son unos tercos?
92081510,きょうりょく,"¡No te rindas! ¡Todavía no!\fSi te rindes ahora, ¡ya no habrá\nnada que hacer!"
92081510,にん,¡Grr!\n¿Crees que me resulta imposible?\n¿Crees que soy como Dark?
92081520,lボウズ\nそろそろ%2F仕上げの\n%2F特訓を%1F始めるか？\f%2F準備ができたら\nワシに%1F話しかけるがいい。,"Chicos, ¿pasamos ya al\nentrenamiento final?\fAvisadme cuando estéis listos."
92081530,",そして　%2F試合の%1F日がやってきた…！",¡Muy bien! ¡Esta es vuestra\núltima sesión!\f¡Mañana podréis vencer a la Muralla\ninfinita si actuáis en el partido\ncomo uno solo!
92081700,",%3F千羽山%1F中に%1F行きたいのかい？",¿Quieres ir al Instituto Farm?
92081700,@オレたちは　ゼッタイに%1F勝てる！\nみんな　がんばろう！,¡No podemos perder!\n¡Debemos esforzarnos todos\nal máximo!
92081700,D%3F千羽山%1F中に%1F行きたくなったら\n%1F声をかけてください。,Avísame cuando quieras ir\nal Instituto Farm.
92081800,$ま　%1F待ってくださいス〜！,¡E... esperadme!
92081800,%1F楽しい？　なぜだ。,¿Pasármelo bien?\n¿A qué te refieres?
92081800,",お%1F兄ちゃんも　…おつかれさまっ。","Gracias también a ti, Jude."
92081800,8ええー　%1F今からッスか。\nハリキリすぎッスよ〜。,¿Qué?... ¿Tiene que ser ahora?\nEs que yo ya no puedo más...
92081800,8ふふっ　もんくを%1F言うなよ。\n%1F置いていくぜ。,"¡Ja, ja! ¡No te quejes, o\nte dejaremos atrás!"
92081800,<なあ　%2F鬼道！\n%2F今日のサッカー　%1F楽しかったな！,"¡Eh, Jude! Hoy te lo has pasado\nbien jugando al fútbol, ¿verdad?"
92081800,@なぜって%1F言われても…　\nサッカーって%1F楽しいものだろ？,"¿Cómo puedes preguntarlo\nsiquiera? En eso consiste\nel fútbol, ¿no?"
92081800,Hみんな　おつかれさま！\n%2F今日は%2F本当に　いい%2F試合だったね！,¡Enhorabuena a todos!\n¡Qué partidazo!
92081800,h…オレは　%2F影山に%1F勝つことを\n１%1F番に%1F教えられてきた。\n%1F楽しむなどは２の%1F次なのだ。,Ray Dark siempre nos enseñó que\nganar era lo más importante. Lo\nde pasarlo bien ni se planteaba.
92081800,lそっか！　じゃあこれからは\n%3F雷門中サッカー%1F部の%2F仲間と\n%1F思いっきりサッカーを%1F楽しもうな！,"¡Ya te entiendo! Pero bueno, ahora\nestás en el Raimon, ¡y aprenderás\na pasarlo bien con el fútbol!"
92081800,あ　ああ…　%2F春奈。,"De nada, Celia."
92081800,狽諱[っし　みんな！\nさっそくＯＢたちに　\n%2F今日の%2F試合のことを%2F報告だ！\fそれから　%1F次の%2F試合に%1F向けて\n%2F特訓してもらおうぜ！,"¡Escuchadme! ¡Ahora tenemos que\ncontarle a los veteranos cómo ha\nido el partido de hoy!\fDespués, ¡hay que empezar\na entrenarse de nuevo para\npreparar el próximo partido!"
92081900,<%2F総帥…　\n%1F例の%2F研究が%2F完成いたしました…。,"¡Ja, ja, ja!"
92081900,lほう　%2F土門だけでなく\n%2F鬼道までもが%2F雷門に…。\fフッ　…ブザマだな。\nそこまで%1F落ちぶれたか。,"Primero Shearer, ¿y ahora también\nSharp?\f¡Bah! Patético. ¿Cómo han podido\ncaer tan bajo?"
92081900,フッ…　そうか。,¡Lo siento!
92081900,狽ﾅすが　%2F今回ヤツらが%1F使った\nイナズマブレイクの%1F力…\fやはり　%2F伝説のイナズマイレブンの\n%3F後継者だけあって\nあなどれないかと…。,Pero el poder de la Ruptura\nrelámpago que han mostrado\nesta vez...\fNo les subestimes. Solo los\nsucesores del Inazuma Eleven\nserían capaces de...
92081900,�もうすぐ　わたしの%2F理想が\n%2F実現する%1F時が%1F来る。\fさあ　クズどもが\nどこまで%1F楽しませてくれるかな。\nククク…。,¡Comandante!\nHemos completado la investigación.
92090050,",でも　アイツにかぎって\nそんなハズ…。",No me lo explico.
92090050,0おい！　\nアイツはまだ%1F来ないのか！？,¿Viene o qué?
92090050,<くそっ　アイツがいないと\n%2F帝国には%1F勝てないぜ…！,No podremos ganar\na la Royal sin él...
92090050,D%3F木戸川%2F清修！　%2F試合の%2F時間だ。\nスタンバイしなさい。,"¡Kirkwood, el partido va a\ncomenzar! Tomad posiciones."
92090050,Pちくしょう…\nオレは…　\nオレは　ゼッタイゆるさないぜ。\f…%3F豪炎寺！,"Maldita sea... Esta no te\nla paso, Axel. No te la paso..."
92090050,まさか%1F逃げたんじゃ！？,¿No me digas que ha huido?
92090100,P%2F人脈ルートロック%2F解除！\n%2F音無に%1F話しかけて　%2F確認してみよう！,¡Se ha desbloqueado una ruta de\ncontactos! ¡Habla con Celia para\nacceder a ella!
92090200,%1F誰だ　こいつら？,Pues sí.
92090200,4え　%3F木戸川%2F清修？　\nそれって　たしか…。,De modo que la semifinal\nla jugaremos contra vosotros...
92090200,8…そうか　%3F準決勝の%2F相手は\nおまえらなのか。,"Cada vez tengo menos dudas de que\nnuestro equipo, el Kirkwood,\npasará a la final.\f¡Y será gracias a nosotros,\nlos trillizos Murdock!"
92090200,Lいいんだ　%2F円堂。\n…オレが%1F逃げ%1F出したことに\nかわりはない。,"Teníamos ganas de ver cómo le\niba, ahora que se ha convertido\nen la estrellita de este equipo\fde tres al cuarto."
92090200,t…おい！　\n%1F何も%1F知らないくせに\n%2F勝手なこというな！\f%3F豪炎寺が　\n%2F試合に%1F行けなかったのはな…！,Eso es. ¡Ahí es donde jugaba\nvuestro amigo el pelopincho!\f¡El gallina que nos dejó tirados\nel día de la final del Fútbol\nFrontier del año pasado!
92090200,|うわー　%1F怒っちゃった？\n…しかたない。\f%2F試合まで　まだ%2F時間あるけどさ\nちょっと%1F遊んでやろうか\nみたいな？,¡Pero bueno! ¿Con qué derecho\ndecís eso? ¡No tenéis ni idea\nde nada!\f¡Axel no pudo ir al partido\nporque...!
92090200,|どうして　って\nうわー　マジでごあいさつ！\fせっかく%1F会いに%1F来てやったのに\nそれは%1F無いんじゃない\nみたいな？,¿A qué habéis venido?...
92090200,…そうッスねー。,"Déjalo, Mark. No aparecí en\nel partido, el motivo es lo\nde menos."
92090200,そうッスねー。,¿A qué hemos venido?\n¿Qué clase de saludo es ese?\f¡Esa no es manera de recibir\na las visitas!
92090200,なっ　なんだよ　おまえら！,"¿Uh? ¿Eres el capitán del Raimon?\nEs verdad, se te ve apasionado...\nYa no se ve gente como tú."
92090200,ん？　あれは…。,¿Eh? ¿Quién hay ahí?
92090200,怩�れあれ？　\nもしかして　あんた\n%2F雷門サッカー%1F部のキャプテン？\fうわー　マジ　%2F熱血くんってカンジ。\n%1F今どき　はやらないっしょ。\nそんなの。,¿Quiénes son estos?
92090200,�%3F準決勝の%2F相手が　\nどんなものかなーと%1F思って\n%1F見に%1F来てやったけど。\fなーんか　まわりにいるのも\nヌケてる%1F感じのヤツばっかだし。,Pero ¿de qué vais?
92090200,�こりゃー　もう\nオレたち「%2F武方３%2F兄弟」のいる\n「%3F木戸川%3F清修中」の%1F勝ちで\f%1F決まったもトーゼン\nみたいな？,Teníamos curiosidad por ver contra\nquién nos tocaba jugar la semi\ny por eso hemos venido.\fAlgo me dice que los que están\naquí contigo son también unos\npatanes.
92090200,�よくない！\n%2F仲間のことをバカにされて\nだまってられるかよ！\fおまえたち　オレと%2F勝負だ！\nオレが%1F勝ったら　　\nちゃんと%3F豪炎寺にあやまれ！,"Era ahora o nunca, ya que tenemos\nel partido a la vuelta de la\nesquina.\fQueríamos saludarle antes de que\nos deje en la estacada."
92090200,�ツンツンくんも　あんなふうに\n%1F逃げ%1F出しちゃった%1F手%1F前\nカオ　%1F出しづらいっしょ。\fだから　オレたちの%1F方から\nあいさつに%1F来てやったワケ。,¿Kirkwood? ¿No era ahí donde...?
92090300,%2F円堂くんっ！,"Bah, esos de la Royal salieron\nescaldados del partido contra el\nZeus, y eso que nadie los conoce.\fSi seguimos así, me parece que\nllevarnos el campeonato este\naño será coser y cantar."
92090300,う　うう…。,¿Ya está? Vaya panda de\naficionados.\f¿Y estos son los que ganaron\na la Royal Academy?
92090300,えんどう,"Y que lo digas. Qué poco futuro\nle veo a esta gente...\fVámonos a casa, que es tontería\nperder el tiempo con estos\nmatados."
92090500,%s\nが仲間になった！,¡%s se te ha unido!
92090600,%s\nが仲間になった！,¡%s se te ha unido!
92090700,%s\nが仲間になった！,¡%s se te ha unido!
92090700,ありがとうな！,¡Nathan Swift te acompañará!
92090800,%s\nが仲間になった！,¡%s se te ha unido!
92091000,<でもよ…　%3F豪炎寺のヤツに\n%1F怒られちまったんだ。,"Buenas, Mark. No habrás ido a\npensar que habíamos huido,\n¿verdad? Anda que...\fBueno, reconozco que un poco\nalicaídos sí que estábamos.\fDespués de ver un disparo tan\nsensacional como ese..."
92091010,$カンタンに　あきらめるのか？,¿Tan pronto os rendís?
92091010,8どうせムリでやんすよ\nもう　%1F帰るでやんす…。,Es imposible. Me largo...
92091010,Dおまえたちも　\nそう%1F信じていると\n%1F思っていたんだがな…。,Pensé que los demás confiabais\nen él...
92091010,Tオレは　あきらめないぜ。\fあの%2F熱血キャプテンは\nかならず%1F立ち%1F上がる。,Yo no pienso darme por vencido.\nNuestro capitán acabará\nrecuperando los ánimos.
92091015,0そうだったのか…。\nありがとう　%2F風丸！,"¿Ah, sí?...\n¡Gracias, Nathan!"
92091015,Xああ　\nありがとう　%2F風丸！\fよし　%2F栗松をよびに\n%3F図書室に%1F行ってみるか！,"Iré al campo en cuanto acabe de\nmirar una cosa.\fTod debe de estar en la biblioteca,\nno te olvides de avisarle a él\ntambién.\fTodos quieren echar una mano, no\nte olvides de avisarles."
92091015,tたしかに\n%3F木戸川は%1F手ごわい%2F相手だ。\fだからオレたちも　いろいろ\n%1F調べてみることに\nしたってワケさ。,"Desde luego, el Kirkwood no es\nun rival cualquiera.\fEs por eso que hemos estado\nhaciendo ciertas pesquisas."
92091015,そんなことが…。,Qué dices...
92091100,%s\nが仲間になった！,¡%s se te ha unido!
92091200,0%1F兄ちゃーん　\nがんばれ　がんばれー！,"¡Ánimo, Jack! ¡Tú puedes!"
92091200,0%2F１人じゃないやい！\nボクもいるやい！,¡No está solo!\n¡Yo estoy aquí con él!
92091200,0そうッスか！\nそれならココロ%1F強いッス！,¿De verdad?\n¡Qué detalle por su parte!
92091200,0ふー　ふー…\nやるッス！　がんばるッス！,"Uf, uf... ¡Lo conseguiré!\n¡Voy a darlo todo!"
92091200,8あっ　%1F兄ちゃんの%2F手下の\nサッカー%2F部員だ。,"Oh, uno de los jugadores a\nlas órdenes de mi hermano."
92091200,Dああ　%2F心配かけたな。\nずっと%2F１人で%2F特訓してたのか？,"Gracias por preocuparte, pero\nya estoy bien. ¿Has estado\nentrenando solo todo este rato?"
92091200,Lキャプテ…\nじゃなかった　%2F円堂…！\nもう　%1F寝てなくてイイッスか？,Capitán... Esto... ¡Mark!\n¿No necesitas más descanso?
92091200,X…そのまえに\n%2F特訓で　お%1F腹がへったから\nゴハン%1F食べてから%1F行くッスね！,"Antes de ir, voy a ir a comer algo.\n¡El entrenamiento que he seguido\nme ha abierto el apetito!"
92091200,怐c%2F壁山　ありがとう！\nでも　%2F特訓するなら\nいっしょにやろうぜ！\f%3F木戸川との%2F試合のために\n%2F監督たちＯＢが　\n%2F特訓してくれるらしいんだ！,"¡Gracias, Jack! Pero si vas a\nentrenarte... ¡hagámoslo juntos!\fLos antiguos Inazuma Eleven han\npreparado una sesión especial\nantes del partido del Kirkwood."
92091200,ﾐあのトライアングルＺ…\n%1F止めるのが%2F大変そうッスから\fキーパーにボールがいくまえに\nディフェンダーが\n%1F止めればいいッス！\f…そう%1F考えて　\n%2F特訓してたッスが…\nなかなか　うまくいかないッス…,"Detener ese Triángulo Z debe de\nser complicadísimo...\f¡Por eso tengo que interponerme\nen el disparo antes de que llegue\na portería!\fTuve esa idea y me puse a\nentrenar, pero no estoy\nmejorando mucho, que digamos..."
92091300,$うう…　\nムサくるしいッス…。,Un seguro... para mi portería...
92091300,lようやくそろったようだな\nおまえたち。\fこれから　%1F始める%2F特訓は\n「%1F個」をきたえる%2F特訓だ。,"Lu, la, la, la... ¡Así es!\fPara que el equipo mejore, cada\nuno de vosotros tiene que\nperfeccionar sus propias técnicas."
92091300,tつまり！　\n%2F壁山くん　キミには　\nディフェンダーの　このワシが\fみーっちり　\n%2F特訓するということじゃよ。,"¡Tú, chaval! ¡Voy a hacer que\nte conviertas en todo un\nseguro para tu portería!"
92091300,「%1F個」をきたえる？,"Por ejemplo, yo que soy defensa\nme encargaré de que Jack sude\nla gota gorda."
92091300,狽驕[ららら\n…そう　より%1F強いチームに\nなるためには\fチームの%2F１人%2F１人が　\n%2F自分の%1F技に さらに\nみがきをかける%2F必要があるのさ。,Ugh... La que me espera...
92091400,%2F円堂くん　よけてっ！,¡Esto es horrible! ¡Ese tiro\nva a desintegrar al capitán!
92091400,%2F円堂くん！？,¡Es inútil! ¡Así no vas a poder\ndetener un disparo como ese!
92091400,4だめだ！　\nあれじゃ　%1F受け%1F止めきれない！,¡No! Lo pararé...\n¡aunque sea lo último que haga!
92091400,8いっ　いやだ！\nゼッタイに…　%1F受け%1F止める！,"¡Voy a ayudarte, Mark!"
92091400,Hち　ちくしょう…\n%1F今になって\n%3F木戸川に%1F受けたキズが…！,"¡Apártate, Mark!"
92091400,\このイナズマブレイクを\n%1F受け%1F止めることができれば\n%3F木戸川のシュートだって…！,"Si consigo detener este tiro,\npodré parar también el de los\ntrillizos del Kirkwood..."
92091400,くっ！！,Maldita sea... ¿Por qué tienen\nque dolerme ahora las heridas\nque me hice contra el Kirkwood?...
92091500,%s\nが仲間になった！,¡%s se te ha unido!
92091500,Lよーっし！\nみんなで%2F特訓だ！\nゼッタイに%3F木戸川に%1F勝つぞっ！,¡Nathan Swift te acompañará!
92091500,きどかわ,¡Tod Ironside se te ha unido!
92091500,とっくん,¡Jack Wallside te acompañará!
92091650,@%2F円堂くん。\n%2F今日の%2F練習は\nもう%1F終わりでいいの？,"Mark, ¿ya has terminado de\nentrenar por hoy? ¿Seguro?"
92091700,$おまえ　%1F何しにきたんだ！,"Je, se os ve muy seguros."
92091700,H…じゃあな　\n%2F試合で%1F会おう。\n%2F明日は…　%1F逃げるなよ！,"Axel, mientras tú decías que ibas\na dejar el fútbol, nosotros hemos\nestado entrenando a muerte.\f¡Incluso hemos creado una técnica\ncon la que ganaremos el torneo\nnacional, el Triángulo Z!"
92091700,lよっし　\n%2F練習はバッチリだな！\fこれで　%2F武方３%2F兄弟の\n「トライアングルＺ」も\nこわくないぜ！,"Vale, ¡ya hemos entrenado\nlo suficiente!\fAhora no siento ningún miedo del\nTriángulo Z de los hermanos\nMurdock."
92091700,…ああ。,"¡No vamos a perder contra ti\nde ninguna de las maneras!\fTe demostraremos que el Kirkwood,\ncon sus hermanos Murdock, no te\nnecesita para nada."
92091700,�%1F今は　おまえにだって\nゼッタイに%1F負けない！\fおまえがいなくても　%3F木戸川は　\nこの%2F武方３%2F兄弟がいるってこと\n%1F見せてやる…！,"Tranquilos, hoy no he venido a\nreírme de vosotros.\fSolo quería decirte una cosa antes\ndel partido, Axel.\n"
92091700,�%2F安心しろよ。\n%2F今日は　イヤミを\n%1F言いにきたんじゃない。\fただ…　%3F豪炎寺。\n%2F試合の%1F前に　おまえに\n%1F言っておきたいことがあってな。,¿Qué has venido a hacer aquí?
92091850,$…なるほど　ごくろうだった。,Entiendo... Buen trabajo.
92091900,$よしっ　%3F木戸川に%2F出発だ！,¡Hora de ir al Kirkwood!
92091900,%3F木戸川へ%1F行くのかい？,¿Vas al Instituto Kirkwood?
92091900,",%2F準備ができるまで　%1F待ってるよ。",Esperaré hasta que estéis listos.
92091900,8%3F木戸川%2F清修に%1F行くのも\n１%1F年ぶりか…。,Hace un año que no paso por allí...
92091900,8ああ　オレは%3F大丈夫だ。\nありがとうな　%2F円堂。,"No te preocupes, Mark.\nGracias..."
92091900,がんばっといで！,¡Mucha suerte!
92091900,�%3F豪炎寺！\n%3F木戸川のヤツらにさ\fおまえは%1F逃げたんじゃない。\n%2F去年より　もっと%1F強くなってるって\n%1F見せてやろうぜ！,¡Axel! ¡Tú no dejaste tirados\na tus ex compañeros!\f¡Demuéstrales todo lo que has\nmejorado en este último año!
92092000,",%2F円堂くん　\nやはり　ここだったか。","Solo queda la final...\nEl Zeus... El enfrentamiento\ncontra Ray Dark...\f¡Mi sueño desde que era pequeño,\nganar el torneo Fútbol Frontier,\nestá más cerca que nunca!"
92092000,",%2F鬼瓦さん？　\nどうかしたんですか。","Conque estabas aquí, Mark..."
92092000,Pちょっと%1F集まってくれるか。\n…キミたちに\n%1F話したいことがあるんだ。,¿Gregory? ¿Sucede algo?
92092050,0「%2F影山の%2F時代は　%1F終わったのだ。」,"Ganar lo es todo...\nSi pierdes, dejas de valer..."
92092050,4そう…　%2F影山　%2F零治\nヤツの%2F父親だ。,¿Tom Dark? No será...
92092050,4でも　%2F日本%1F代%1F表から\n%1F外されたって？,¿Su padre?
92092050,4フッ　ムダ%1F口はいい。\nまずは%1F読んでみろ。,Jude...\f¿Por eso habló con un alumno de\nla Royal el día antes del partido\ncontra los del Kirkwood?
92092050,8%2F引退だと！？　わたしは\nまだまだ　やれる…！,Así es... Y ahí empezó todo...
92092050,8%2F影山　%2F東吾？\n%2F影山って　もしかして…。,"Deja de hablar y ponte\na leer esta crónica, anda."
92092050,8そう…　それが　\n%1F全ての%1F始まりだったのだ…。,"Tom Dark fue un futbolista tan\nfamoso, que hace 50 años no había\nnadie que no supiese quién era.\fTambién fue conocido por sus\nactuaciones con el combinado\nnacional."
92092050,Dなぜだ！\nなぜ　このわたしが　\n%2F代表から%1F外されるのだ！！,"Pero... llegó un momento en\nel que no le volvieron a llamar,\n¿verdad?"
92092050,L%1F勝つことが　%1F全て…。\n%1F負ければ　%2F存在する%2F価値がない…。,He dado mi vida por el fútbol...\n¿Es así como me lo agradece?...
92092050,Tわたしは　%1F今まで\nサッカーに%2F人生の%1F全てを\nかけてきたのに…　なぜ…。,¿Retirarme? Aún queda mucho\nfútbol en mis botas...
92092050,t%2F鬼道くんに\n%2F協力をしてもらってね。\f%4F帝国学園にある%2F資料%1F室から\nこんな%2F記事を%1F見つけたのだ。,Jude me ha ayudado a encontrar\neste artículo en los archivos\nde la Royal Academy.
92092050,пy%3F全日本サッカー%2F監督のコメント】\f「%2F影山は　もう%1F年だ。\n　%1F近ごろの　かれのプレイには\n　キレが%1F見られない。,¿Por qué? ¿Por qué ya no me\nquieren en la selección nacional?
92092050,…お%1F父さん！？,En efecto... Se trata del padre\nde Ray Dark.
92092050,…そんなことが。,"El padre de Ray se convenció de que\nganar lo era todo después de haber\nsido repudiado por la selección.\f¡Y su hijo recibió sus enseñanzas,\nque aplicó de un modo extremo!"
92092050,かんとく,Ayer el entrenador del Kirkwood\nme comentó que el año pasado...\fla Royal ofreció maletines\npara negociar su victoria.
92092050,きどかわ,"El comandante... Digo, Dark...\nEs un personaje patético."
92092050,きょねん,"La Royal pretendía que el Kirkwood\nse retirara a cambio de una\ncuantiosa suma de dinero.\fLes dijeron que, si no aceptaban,\ntendrían que atenerse a las\nconsecuencias."
92092050,けっしょうせん,"Entonces... Como rechazaron\nla oferta, ¡provocaron el accidente\nde Julia!\f¡Y todo para evitar que la estrella\ndel Kirkwood, Axel, no fuera al\npartido!"
92092050,しあい,¡No pienso permitir que Dark siga\nensuciando el nombre del fútbol y\ncausando dolor a los demás!\f¡Venceremos al Zeus y dejaremos\nclaro que nada puede superar\nnuestro amor por el fútbol!
92092050,たい,Así es.
92092050,ていこく,"Pagarán por ello.\f¡Sea cual sea el motivo, causar\ndaño a alguien para ganar es\ninadmisible!"
92092050,にかいどう,Así que eso fue lo que pasó...
92092050,�きのう　%3F二階堂%2F監督からも\n%1F聞いたのだが…\f%2F去年の%3F決勝戦\n%2F帝国　%1F対　%3F木戸川の%2F試合で\n%3F裏取引をもとめる%2F連絡があったらしい。,"Tom, que tanto amaba el fútbol,\nahogó sus penas en alcohol tras\nretirarse.\fEntonces le dijo a su hijo que\npara conseguir la victoria todo\nvalía. Cualquier cosa."
92092100,%s\nが仲間になった！,¡%s se te ha unido!
92100100,$…フッ　お%1F任せください…。,"El fruto de mis largos años de\nestudio... Byron, el mejor y\nmás poderoso guerrero.\fTratándose de ti, podrás\nofrecerme una victoria\ninapelable, ¿verdad?"
92100100,T%1F行け　おまえたち！\n%3F稲妻町を　この「%1F神のアクア」で\n%1F満たしてやれ！,¡Los Inazuma Eleven son tan solo\nuna leyenda! No se hicieron\nmerecedores de mérito alguno.\fVoy a enseñarles qué es lo que\nles pasa a quienes se empeñan\nen llevarme la contraria...
92100100,`クッ　ククク…。\n%2F雷門%2F中学　サッカー%1F部…。\fわたしにたてつく　おろかものども…。,"Con el poder que nos ha\nproporcionado, comandante...\fUn equipo como el Zeus\npasará por encima del Raimon\nsin problema alguno."
92100100,はっ！,¡En marcha! ¡Inundad la ciudad\nde gloria con vuestro néctar!
92100100,�%1F教えてやろう…。\n%1F勝つことが%1F全てだと…　そして…\fわれわれにさからうのは\n%1F神にさからうのと　%1F同じだと\nいうことをな！,Enseñemos a esa gente que\nla victoria lo es todo...\f¡Y que enfrentarse a mí es\nenfrentarse a los mismísimos\ndioses!
92100100,�%2F総帥が　%1F与えてくださった　\nこの%1F力があるかぎり\f%2F雷門イレブンごときに　\nわれわれ%3F世宇子が\n%1F負けるはずがありません…。,Je... Será pan comido...
92100100,�イナズマイレブンなど\nただの%2F伝説にすぎん！\nわたしはそんなもの%1F認めんぞ！\fわたしにさからったものが\nどうなるか%1F思い%1F知らせてくれるわ…。,"Ju, ju, ju. Instituto Raimon...\nPanda de insensatos. Mira que\ninterponeros en mi camino..."
92100150,%s\nが仲間になった！,¡%s se te ha unido!
92100150,0メガネくん\nがいっしょにいくことになった！,¡William Glass te acompañará!
92100150,8%2F土門　%2F飛鳥\nがいっしょにいくことになった！,¡Bobby Shearer te acompañará!
92100150,8%2F壁山　%3F塀吾郎\nがいっしょにいくことになった！,¡Jack Wallside te acompañará!
92100150,8%2F宍戸　%2F佐吉\nがいっしょにいくことになった！,¡Sam Kincaid se te ha unido!
92100150,8%2F染岡　%2F竜吾\nがいっしょにいくことになった！,¡Kevin Dragonfly se te ha unido!
92100150,8%2F栗松　%2F鉄平\nがいっしょにいくことになった！,¡Tod Ironside se te ha unido!
92100150,8%2F風丸　%3F一郎太\nがいっしょにいくことになった！,¡Nathan Swift te acompañará!
92100150,8%2F鬼道　%2F有人\nがいっしょにいくことになった！,¡Jude Sharp se te ha unido!
92100150,8%3F豪炎寺　%2F修也\nがいっしょにいくことになった！,¡Axel Blaze te acompañará!
92100200,4%2F音無！\nこれは…　いったいどうなってんだ？,¡Celia! ¿Qué está pasando aquí?
92100200,dうう…。\fちくしょう…。\nやっぱり%1F朝に%1F飲んだ%1F水が\nまずかったのかな…。\fううう…。,"¡Mark, esto es muy raro! Desde\nesta mañana no deja de venir al\nhospital gente enferma.\f¿Qué está pasando en la ciudad?"
92100300,%s\nが仲間になった！,¡%s se te ha unido!
92100400,%s\nが仲間になった！,¡%s se te ha unido!
92100400,えんどう,¡Nathan Swift te acompañará!
92100400,さき,¡Tod Ironside se te ha unido!
92100400,そういちろう,¡Jack Wallside te acompañará!
92100500,",う　うん！\n気をつけてね　円堂くん！","Va... vale...\nLleva mucho cuidado, Mark."
92100500,4その総一郎が\n鉄塔でおまえを待っているんだよ！,¡Por eso lo digo! ¡Sonny\nte espera en la torre!
92100500,8あれ？　夏未さん…？\nいったいどこへ行くんだろう？,"¿Papá está en la torre? ¿Tan\nimportante es eso que tiene que\ndecirle, que ha de jugarse el tipo?"
92100500,@大事な話…。\n…わかりました！\nオレ　鉄塔へ行ってみます！,"Algo serio...\n¡Vale, entendido!\nVoy a la torre."
92100500,Dええ？\nどうして？　理事長はまだ\nケガが直っていないんじゃ…。,¿Eh? ¿Pero no está el Sr. Raimon\ncurándose aún de sus heridas?
92100500,Dえ？　鉄塔へ？\nでも　それより今は\n理事長をさがさないと…。,¿Eh? ¿A la torre?\nLo que tengo que hacer es\nencontrar al Sr. Raimon...
92100500,Hああ　急ぐんだ…。\nこの様子じゃ\nあそこも安全とは言えんからな！,"Sí, date prisa... No es que\nese sea el lugar más seguro del\nmundo, y menos ahora."
92100500,Lこれでも食べ物を\nあつかってるんだぜ。\nそんなことはすぐにわかるさ。,"Aquí donde me ves, tengo un\nrestaurante de fideos.\fDe manipulación de comidas y\nbebidas entiendo un rato."
92100500,\それだけ大事な話があるってことだ。\fこの状況だからこそ\nおまえに伝えねばならん話がな！,"Pues sí, para que veas lo\nimportante que es eso que\ntiene que decirte.\f¡Dadas las circunstancias, se ha\nvisto en la necesidad de tener\nque hablar contigo de algo serio!"
92100500,dこのさわぎ…\nどうやら　影山のしわざだな。\fヤツら　この町の水に\n何かをまぜやがったようだ…。,Todo este alboroto tiene que ser\ncosa de Ray Dark. A saber qué le\nha echado al agua de la ciudad...
92100500,dそれよりも　おまえに\n伝えねばならんことがある。\fボウズ…\nおまえは今から　鉄塔へ行くんだ！,"Dejando eso a un lado, tienes\nuna conversación pendiente.\fTienes que ir a la torre, chaval."
92100500,h水…？\nそうか　それなら一度に町全体を\n洗脳できるかもしれない！\fでも監督…　どうしてそのことを？,"¿Al agua? ¡Es verdad! ¡Planea\ncontrolar las mentes de los\nhabitantes de Inazuma!\fYa habías llegado a esa\nconclusión, ¿verdad?"
92100500,恬搦亦ｷ…　そんなに無理してまで\nオレたちに何を伝えようと\nしてるんだ？\fとにかく　鉄塔へ急ごう！\n木野！　危険だから\nおまえは部室にもどっていてくれ！,"Sr. Raimon... ¿Tan importante es\neso que tiene que decirme, que\npone en peligro su propia salud?\f¡Bueno, a la torre se ha dicho!\nSilvia, tú regresa al club, que\nesto puede ser peligroso para ti."
92100500,監督！\nどうして　ここに？,¡Entrenador!\n¿Por qué estás aquí?
92100500,�お父さまが　鉄塔に？\nそこまでして　円堂くんに\nいったい何の話をするつもり…？\fまったくムチャなんだから…！\nこれは　たしかめてみる必要が\nありそうね…。,¡Ve a la torre!
92100500,�水…　神さま…　てんばつ…！\fこのウワサ話…　もうちょっと\n調べてみる必要がありそうね！\nわたしのウデの見せどころだわ！,¿Eh? ¿Nelly?\n¿Adónde irá?...
92100600,%s\nが仲間になった！,¡%s se te ha unido!
92100700,$うむ…　ううむ…　そうか…。,Sí... Ya veo... Vale.
92100700,$理事長…　いったいどこに…。,Sr. Raimon...\n¿Dónde estará?...
92100700,4おっと…　電話だ。\nちょっとシツレイするぞ。,"Vaya, el teléfono.\nDiscúlpame un segundo."
92100700,8ええっ？　ほんとうですか？\nそれが　洗脳の原因？,¿Eh? ¿De verdad? ¿Por eso\nparece que a todos les\nhubieran lavado el cerebro?
92100700,8ええ？　どういうことです？\n理事長のいばしょは…？,"Chaval, ¡tenemos que largarnos\nde aquí a toda prisa!"
92100700,8理事長　みつかったんですね？\nいったい　どこに…？,Entendido. Ahora se lo digo.
92100700,<しれんだって…？\nいったい　どういうことなんですか？,¡Ve con mil ojos!\n¡La prueba ya\nha comenzado!
92100700,@ああ　ゆだんするなよ！\nしれんはもう　はじまっているんだ！,"Vale, ¡entendido!...\nVamos hacia el campo."
92100700,Hボウズ…　今からオレをつれて\nここを脱出しろ！　大いそぎでな…。,¿Has encontrado al Sr. Raimon?\n¿Sabes dónde está?...
92100700,Lわ　わかりました…！\nそれじゃ　とりあえず\nグラウンドへむかいます！,¡Llévame al campo de fútbol!\nAhí te lo contaré todo.
92100700,Lオレをつれて　グラウンドへ向かえ！\nそこですべてを　おしえてやる…！,¿Eh? ¿Qué ha pasado?\n¿Sabes dónde está el Sr. Raimon?
92100700,Tなんだと？　総一郎のヤツ\nこんな時に…。\nまったくテマをかけさせやがって…。,¿Cómo? ¿Por qué Sonny iría a\nesfumarse en un momento así?...\nQué manera de darnos trabajo...
92100700,Tボウズ…　気づいたか？\n今朝からこの町の水に\nみょうなモンがまじってやがるぜ！,"¿Te has dado cuenta, chaval?\nAlguien ha echado algo raro a\nlas aguas de la ciudad esta mañana."
92100700,Xどうやらすべては　グラウンドに\nもどってからってことらしいな！\n行こうぜ　円堂！,¿Prueba?...\n¿De qué hablas?
92100700,dああ　これでも食いもんを\nあつかってんだ。　まちがいねえ。\n影山のヤツ　ひでえことをしやがる。,"Sí, aquí donde me ves, tengo un\nrestaurante de fideos. Sé por\ndonde van los tiros.\fRay Dark está montando un follón\nde tres pares de narices."
92100700,l総一郎か！？\fバカヤロウ　しんぱいかけやがって！\n今　どこにいるんだ！？\fなんだと？　あいつらを…。,¿Sonny? ¿Estás mal de la cabeza?\n¡Nos tenías preocupados!\f¿Dónde estás? ¿Cómo?\n¿Qué dices que pasa\ncon esos tíos?...
92100700,|しかも　理事長が病院から\nいなくなっちゃったんです！\nどこか　こころあたりはないですか？\fこのままじゃ　キケンで…。,"Además, el Sr. Raimon ha\ndesaparecido del hospital.\f¿Tienes idea de dónde puede\nhaber ido? Corre un serio\npeligro..."
92100700,垂ｽしかに病院の人も　水しか\nのんでないって言っていたな…。\f…ということは！　この町で\n水を飲んだ人全員が\n洗脳されちまったってことか？,Los pacientes del hospital solo\nhabían bebido agua...\f¡Menuda faena! Todos los de la\nciudad que beban van a acabar\ncon la cabeza hecha un lío...
92100800,%s\nが仲間になった！,¡%s se te ha unido!
92100900,%s\nが仲間になった！,¡%s se te ha unido!
92100950,h%2F夏未…　その%1F方が\n%1F彼らにとっても%2F安心なのだ。\fおまえは　だまって%1F見ていなさい…。,"¡Te digo que no!\n¡Yo también puedo hacer algo!\f¡No me da la gana de quedarme\nmirando y ya está! ¡Soy la gerente\ndel club de fútbol!\f¡Aunque no pueda contar contigo,\nharé todo lo que esté en mi mano\npara ayudar a mi equipo!"
92100950,h…。\fいやよ！　みんなが%1F戦ってるのに\nひとりだけ　%2F安全なところで\n%1F見ていろっていうの？,"Nelly... De ese modo, los demás\ntambién estarían más tranquilos.\nPor favor, no te involucres más."
92100950,tお%1F父さま…　%1F聞いたわよ。\n%1F今の%1F話　ほんとうなの？\f%3F稲妻町の%1F水に\n%1F薬がまざっていたって…！,"He estado escuchando, papá...\n¿Es verdad lo que has dicho?\f¿Han vertido un fármaco en\nlas aguas de la ciudad?..."
92100950,tわたしに　できること…。\nわたしには　お%1F金もないし…\n%2F情報を%1F集めるのも%2F得意じゃない…。\fでも…！,Y llegó el día previo al partido...
92100950,�%2F夏未か。\nおまえはこれ%2F以上\nこの%1F件には　かかわるんじゃない。\fワシのように\nキケンな%1F目にあったらどうする…！,"Nelly... Olvídate de todo este\nasunto, por favor.\f¡Si te pasara algo, jamás\nme lo perdonaría!..."
92100950,�イヤよ！\nわたしにだって　できることはあるわ！\fただ%1F見ているだけなんて\nぜったいに　イヤなんだから！\fわたしはサッカー%1F部の\nマネージャーだもの！\fお%1F父さまにたよらなくっても\nわたしだって　サッカー%1F部の\nみんなの%1F力になってみせる！,"Todo lo que esté en mi mano...\fNo tengo dinero y no se me da\nbien reunir información, pero..."
92101100,%s\nが仲間になった！,¡%s se te ha unido!
92101300,",がんばってね！\n%2F雷門サッカー%1F部！","Así que era eso...\n¡Muchas gracias, Celia!\n¡Bueno, nos vamos ya!"
92101300,",がんばれよ！\n%2F応援してるからな！","¡Mucha suerte, chicos!"
92101300,Lそうだったのか…！\nありがとう　%2F音無！\fそれじゃ　%1F行ってくるぜ！,"La culpa de lo sucedido no fue del\nRaimon, sino de un conspirador que\nplanea controlar la ciudad.\f¡El agua ya vuelve a estar bien y\nse ha aclarado el malentendido!\f¡Ahora ya podéis iros sin\nmayores preocupaciones!"
92101300,\じゃーん！\f%3F雷門中のみなさんが\nサッカー%1F部の%2F応援に\nかけつけてくれましたっ！,¡Ta-chán! ¡El instituto entero\nha venido a daros ánimos!
92101300,lあの%1F後　%3F雷門家の%1F人たちが\nわたしたちといっしょに\n%2F町中に%2F説明して%1F回ってくれたんです。,"Tras aquello, varios alumnos del\nRaimon vinieron con nosotras a\nexplicarle a la gente la verdad."
92101300,あれ？\nこれは…？,¿Eh? ¿Pero qué?...
92101370,Xそう　これが%2F最後の%2F決戦なんだ。\nしっかり%2F準備してから\n%1F行かないとな！,Quizás valga la pena\nvolver a la ciudad...
92101400,`…。\fここがゼウススタジアムか…？\fなんだか　しずまりかえって\n%1F人の%2F気配がないな…。,"¿Este es el escenario de\nla gran final? Bueno, tiremos\npara el campo de momento..."
92101400,d%3F決勝戦の%2F会場って\nこんなものなのか…？\fとにかく　グラウンドまで\n%1F行ってみよう…！,¡Ve al campo donde se juega la final!
92101500,ｰこの%1F先が　グラウンドかな…？\fそれにしても　どうしてこんなに\n%1F静かなんだろう…？\f%2F観客も%1F誰もいないみたいだし…。\fまあ　いいか…。\nとにかく%1F先に%1F進もう！,"¿El terreno de juego está ahí\ndelante?... ¿Y cómo es que no\nse oye a nadie?...\fNo parece que haya espectadores.\nBueno, hay que ir de todos modos.\f¡Allá vamos!"
92101550,",それにしても　%1F広い%2F建物だな…。",¡Pedazo de estadio!
92101550,Pよーし…。\nそれじゃ　ひかえ%1F室をさがして\n%3F決勝戦の%2F準備をしよう！,Vamos a buscar los vestuarios\ny preparémonos.
92101550,�%2F歓声が%1F聞こえる…。\fここがフットボールフロンティア\n%3F決勝戦の%2F舞台…！\fみんなこっちに%2F移動して\n%1F外には%1F誰もいなかったのか！,Puedo oír el ruido del público...\f¡Eso debe de ser el estadio de la\nfinal del Fútbol Frontier!\f¡Sin duda todos están preparados ya!\n¡No hay un alma ahí fuera!
92101570,dふん　われら%3F世宇子の%1F力に\nおそれをなしたか…。\f%1F用がないなら　%1F立ち%1F去るがいい！,"¡Bah! Supongo que no conoceréis\nnuestra temible reputación...\fSi no tenéis un buen motivo para\nestar aquí, ¡será mejor que\nos vayáis en el acto!"
92101570,|ここがお%1F前たちのひかえ%1F室だ…。\f%2F準備ができたのなら\nこの%1F中で　おとなしく\nさばきの%1F時を%1F待つのだな。,Este es vuestro vestuario.\fEsperad dentro sin armar jaleo\nhasta que os llegue la hora\ndel juicio. ¿Vais a entrar o no?
92101600,$%1F見ていてくれ　%2F夕香…！,"Julia, no voy a fallarte..."
92101600,0ここがオレたちの\nひかえ%1F室みたいだな。,Parece que este es nuestro\nvestuario.
92101600,Xこんなに%1F大きな　ひかえ%1F室があるなんて\nさすが%3F決勝戦は　%1F違うでやんす！,¡Es una sala inmensa! ¡Este sitio\nes digno de campeones!
92101600,いよいよなんッスね…！,¡No queda nada para que empiece\nel partido!
92101600,ゆうか,Comandante... ¡vengo a poner\nel punto final a esto!
92101700,Dいくぞ！　世宇子！　影山総統！\nこれが　命がけの最終決戦だ！,"¡Adelante! Zeus, Dark...\n¡Esta será la batalla\ndefinitiva!"
92101900,",…%3F大丈夫！\nカクゴはきまってます！",¡Estamos listas!\n¡Vamos a ello de una vez!
92101900,<みんな　ごめんね…！\fすぐにグラウンドにもどるから…！,"Perdonad, chicos...\fVolveremos en un periquete..."
92101900,Dあなたたち　カクゴはいい？\nやめるのなら　%1F今のうちよ…。,"¿Estáis listas para la que se nos\navecina? Si os lo habéis pensado\nmejor, aún podéis echaros atrás."
92101900,`%1F今のままだと　%2F円堂くんたちが\n%3F世宇子に%2F勝利するのは\nむずかしいかもしれないわ。,Si el Zeus está utilizando\nmedicamentos militares para\nconseguir sus superpoderes...
92101900,はい…！,"¡Por eso tenemos que encontrar\nese medicamento y llevárselo\na la policía!\fSi lo logramos, el Zeus se verá\nobligado a jugar a su verdadero\nnivel..."
92101900,�だから　わたしたちは\nその%1F薬を%1F見つけだして\n%2F警察に　つきだしてやりましょう！\fそうすれば　%3F世宇子は\n%2F実力で　%1F戦うしかなくなる…。,puede que al equipo le resulte\nimposible vencerles en su\nestado actual.
92102100,",%1F鍵が　かかっているみたいだわ…。",¿Qué pasa?
92102100,8どこか　%1F他の%2F場所に\n%1F鍵があるのかしら…？,¿No os parece muy raro? Si dentro\nno debería haber más que duchas y\nbanquillos...\f¡Algo me dice que ahí ocultan algo!
92102100,Pわからないけれど…\nもうちょっと　この%1F辺りを\nさがしてみましょうか…。,Vaya... ¿Dónde estará la llave?
92102100,hそれって　%1F逆に\nなんだか　あやしいですね…。\fいかにもヒミツが\nかくされている%1F感じがします！,Parece que está cerrado con llave.
92102100,あら？,Esto debe de ser el vestuario\ndel Zeus...
92102100,どうしたんですか？,"¡Oh, no!"
92102200,%s\nが仲間になった！,¡%s se te ha unido!
92102200,8%3F警備室？\nそ　そこには　%1F何があるんですか？,¡Nathan Swift te acompañará!
92102200,けいびしつ,¡Jack Wallside te acompañará!
92102200,なに,¡Tod Ironside se te ha unido!
92102300,%s\nが仲間になった！,¡%s se te ha unido!
92102400,%s\nが仲間になった！,¡%s se te ha unido!
92102500,$%1F鍵は　どこにあるのかな…？,"Vaya... Impresiona, ¿no?"
92102500,$す　すごい%2F部屋ですね…。,Esta debe de ser la sala de Dark.
92102500,0そうね…。\nとにかく　%1F急ぎましょう…！,¡No hay tiempo que perder! ¡Hay que\nencontrar el néctar!\fAunque me temo que sea algo\nmucho más peligroso que\nlo que nos imaginábamos.
92102500,8う　うん…。\n%3F大丈夫なのかな…　%2F円堂くん…！,¡Rápido! ¡Nos acabarán encontrando\nsi nos quedamos aquí!
92102500,<…%1F待っててね　%2F円堂くん。\nもうすぐ　きっと…！,"Ya pensaremos en ello.\n¡Antes hay que conseguir\nese néctar!\fSi logramos colarnos en su\nvestuario con esta llave, luego\nya veremos lo que hacemos."
92102500,P…！\fこれは…。\f%1F手に%1F入れたわよ…！\nこれが　ひかえ%1F室の%1F鍵ね。,¿Y dónde está la llave?
92102500,Tそれじゃ　%1F急ぎましょう！\nぐずぐずしてたら\nまた　%1F見つかっちゃいますよ！,¡Nelly! ¡Qué valiente eres!\n¡A mí es que se me sale\nel corazón del pecho!
92102500,Xううっ　%2F夏未さん！\nダイタンすぎますっ！\nわたしのドキドキは%2F頂点ですよっ！,Eso parece...
92102500,そうね…。,"¡Bien! ¿Pero ahora qué hacemos?\fAunque consigamos el néctar,\nahora Smith no está en la mejor\nsituación para ayudarnos."
92102500,狽竄閧ﾜしたね！\n…でも　これから　どうしましょう？\fひかえ%1F室で%1F神のアクアを\n%1F見つけたとしても　%2F鬼瓦さんとは\nはぐれちゃったし…！,¡Ah!\fCreo que...\f¡La tengo!\n¡Tiene que ser esta!
92102500,ｰそうね…　いっこくも%1F早く\n%1F神のアクアを%1F見つけないと…。\fそれにしても　%1F神のアクアというのは\nわたしたちが%1F思っていたより\nはるかに%2F危険な%1F薬なのね…。,"Aguanta, Mark... Esto no nos\nllevará mucho más..."
92102700,\そうね。\nぐずぐずしているヒマはないわ。\f%3F世宇子のひかえ%1F室に%1F急ぎましょう！,¡Es verdad!\n¡No hay tiempo que perder!\f¡Tenemos que ir al vestuario\ndel Zeus!
92102700,tもうすぐ%2F前半%2F終了の%2F時間ね…！\f%2F試合は　どうなっているのかしら…。\nみんな%3F大丈夫だといいけど…。,¡Está a punto de terminar el primer\ntiempo!\f¿Cómo irá el partido? ¿Estarán\ntodos bien?
92102700,はいっ！,¡Ve al vestuario del Zeus!
92102700,はい！,¡De acuerdo!
92102700,艪ﾅもでも！　みんなのことも\n%2F心配ですけど　わたしたちも\nここでノンビリはしてられません！\f%1F早くしないと\nひかえ%1F室に　%3F世宇子の%2F選手たちが\nもどってきちゃいます！\fそれまでに　ひかえ%1F室に\n%1F行かなくちゃ…！,"Está bien que os preocupéis de\nellos, ¡pero tenemos que centrarnos\nen esto!\fSi no nos damos prisa, ¡el Zeus\nvolverá al vestuario!\f¡Tenemos que ir allí antes\nque ellos!"
92102800,",さあ！　それじゃ\n%1F鍵をあけるわよ！",Sí... ¡Yo también le diré\ncuatro cosas!
92102800,4ちょ　ちょっと　やめてよ！\nきみの%1F悪い…。,¿Qué hacemos si es un brebaje\nasqueroso lleno de bichos\nvivitos y coleando...?
92102800,Lう　うるさいわね！\nさっきまでは　%2F緊張して\n%2F夢中だったから…。,"¿Qué pasa, Nelly?\nHasta ahora eras muy valiente."
92102800,Lドキドキしますね…。\f%1F神のアクアって　どんなもの\nなんでしょう…？,Bueno...\nVamos a abrir la puerta.
92102800,Tあれ？\nどうしたんです　%2F夏未さん？\nいきなり　こわがりになっちゃって…。,¡¿Pero qué dices?!\n¡Me estás revolviendo las tripas\ncon esas burradas que sueltas!
92102800,lどうします？　ものすごく\n%2F気持ちのワル〜い%1F生き%1F物が%1F入った\nブキミな%1F水だったりしたら…。,¡Pero qué nervios!\f¿Cómo será ese néctar?
92102800,p…ふふっ　そうですよね…。\fまったく　%2F円堂くんったら\nわたしたちに　こんなムリさせて\nくれちゃって…。,¡Déjame en paz!\n¡Estaba nerviosa y no era\nconsciente de lo que hacíamos!...
92102800,ええ！　そうしましょ！,"¡Ja, ja!"
92102800,ふふっ…！,Yo qué sé... ¡¿Pero qué rayos\nestoy haciendo aquí?!\f¡Se va a enterar cuando termine\nde jugar ese partido!
92102800,�まったくよ…。\nどうして　わたしがこんなこと\nしなくちゃいけないの…！\f%2F試合が%1F終わったら　%1F思いっきり\nもんくを%1F言ってやるんだから…！,"Ja, ja... Pues sí.\f¿Y cómo nos ha metido Mark a todas\nen este fregado? ¡Estamos locas!"
92102900,%s\nが仲間になった！,¡%s se te ha unido!
92103100,",%1F彼らなら　きっとやってくれる…！",¡Por supuesto que sí!\n¡Ya los conocemos!
92103100,Pいよいよこうはんが　はじまるよ…！\f…おにいちゃんたち　%1F勝てるよね？,¡Eh! ¡El segundo tiempo está\na punto de empezar!\f¿Crees que podrán ganar?
92103100,ああ…！,"Conociéndoles, ¡sé que pueden\nconseguirlo!"
92103200,%s\nが仲間になった！,¡%s se te ha unido!
92103300,Xたのんだぞ…　%2F円堂くん…！\f%2F影山を%1F止められるのは\nもう　キミたち…\f…。,Vosotros sois...\n¡el Inazuma Eleven!
93800001,%s\nが仲間になった！,¡%s se te ha unido!
93911001,0%2F風丸　%3F一郎太　が%2F仲間になった。,Nathan Swift se ha unido al equipo.
93911001,Hホントか？\nサンキュー%2F風丸！\nおまえがいてくれれば%3F百人力だ！,"¿De verdad? ¡Gracias, Nathan!\n¡Contigo todo será mucho\nmás sencillo!"
93911001,ｴ%1F気にするなよ。\nオレがしたいから　そうするだけさ。\n\fお%1F前とのサッカーは\nけっこう%1F楽しかったしな。\fサッカーの%2F世界も　%2F最高のスピードで\nかけぬけてみせるぜ！,"No te preocupes, lo hago porque\nme apetece jugar al fútbol.\fEra bastante divertido... ¡Toca\nvolver a atravesar los campos\na la velocidad del rayo!"
93911001,ｼ…どうせ　%2F部員もたりないんだろ？\nそういうことなら\nオレ　サッカー%1F部に%1F入ってもいいぜ。\f%3F新入生もしっかりしてるし\n%2F陸上%1F部は　あいつらに\nまかせても%3F大丈夫だろう。,"Parece que te faltan jugadores,\n¿no? Jugaré contigo, pues.\fLos atletas nuevos del equipo de\natletismo lo están haciendo bien.\n¡Dejaré el club en sus manos!"
93911001,�あと%2F１人か。\fさっきのメガネのやつ…。\n%1F今ならひきうけてくれるかな。\nもう１%1F度　%1F話を%1F聞きにいってみよう。,¡Busca jugadores! ¡Te quedan 4!
93911001,�よう　%2F円堂。　\n%2F今度は%2F全国%2F優勝のチームと%2F試合だって？\fまったく　おまえのまわりは\nいつも%1F大さわぎだな。,"Hola, Mark. Esta vez toca jugar\ncontra el campeón nacional, ¿eh?\f¡La de alboroto que está causando\nel partido!"
93911002,",%2F松野　%2F空介　が%2F仲間になった。",Maxwell Carson se ha unido al equipo.
93911002,<そっか。\n%1F気が%1F向いたら　また%1F声をかけてよ。,¡Busca jugadores! ¡Te quedan 3!
93911002,Dサッカーね。\nそういえばそれはまだ\nやったことがなかったな。,"¿Fútbol? Ahora que lo dices,\nnunca he jugado..."
93911002,l%1F他のスポーツにはあきちゃったし\n%1F今なら%2F入部してもいいよ。\nいつまで%1F続くかわからないけど…。,"Te advierto que suelo cansarme\nrápido de todos los deportes. Aun así,\n¿quieres que me una a tu equipo?"
93911002,ｬじゃ　よろしくね。\nボクは%2F器用だから　ひととおりなんでも\nこなせるとは%1F思うよ。\fただ　あんまり%2F退屈させないでよね。\nボクってあきっぽい%2F性格みたいだから。,"Bueno, encantado. Que sepas que\nsoy muy habilidoso y que todo\nse me queda muy rápido.\fDe todas formas, no dejes que\nme aburra mucho. Tiendo a cansarme\nenseguida de todo."
93911002,�あと%2F１人か。\fさっきのメガネのやつ…。\n%1F今ならひきうけてくれるかな。\nもう１%1F度　%1F話を%1F聞きにいってみよう。,¡Busca jugadores! ¡Te quedan 4!
93911003,",%2F影野　%1F仁　が%2F仲間になった。",Jim Wraith se ha unido al equipo.
93911003,Hそういうものか。\nま　%1F人にはそれぞれ%2F限界が\nあるもんな…。,¡Busca jugadores! ¡Te quedan 3!
93911003,激Tッカーか。\nすごい%2F選手には\n%2F有名になってる%1F人も%1F多いよな。\fおれも　サッカーをすれば\nもう%1F少し%3F存在感が%1F出るのかな,"¿Fútbol? Muchos buenos jugadores\nconsiguen hacerse muy\nfamosos...\fSi juego al fútbol, a lo mejor\nmás gente cae en la cuenta de\nque existo..."
93911003,�あと%2F１人か。\fさっきのメガネのやつ…。\n%1F今ならひきうけてくれるかな。\nもう１%1F度　%1F話を%1F聞きにいってみよう。,¡Busca jugadores! ¡Te quedan 4!
93911003,�よし　いい%2F機会だしサッカー%1F部に\n%1F入ることにするよ。\fオレは%2F気配を%1F消すのが%2F得意なんだ。\nそのあたりを%2F意識してつかってくれよ。,"Bien, es una oportunidad tan buena\nque no puedo pasarla por alto.\fSoy experto en disimular mi\npresencia... Tenlo en cuenta para\ncuando quieras hacerme jugar."
93911004,<ああ。　おまえもどうだ？\nいっしょにサッカーやろうぜ！,Sí. ¿Te apetece jugar al fútbol\ncon nosotros?
93911004,<キミたち　%1F今ごろ%2F部員を\n%1F集めだしたんだって？,"Habéis empezado a reclutar\njugadores para vuestro club, ¿no?"
93911004,Hちぇっ　なんだい。　%2F弱小のクセに\nプライドだけは%1F高いんだな。,¡Ve a la caseta del club!
93911004,Tこれで　なんとか１１%1F人\n%1F集まったぞ！\f%2F部室にいるみんなに%2F報告だ！,William Glass se ha unido al equipo.
93911004,dボクにエースナンバーの\n１０%1F番をくれるっていうなら　\n%2F本気で%1F考えてあげてもいいよ。,"Si pudiera lucir el número\n10 a la espalda, estaría\ndispuesto a aceptar la oferta."
93911004,l【バインダー】はコマンドメニューの\n『じょうほう』から　いつでも\n%1F見ることができるんだったよな。,¡Ah!... ¡También hay que\nregistrar a los nuevos\njugadores en el álbum!
93911004,рｦえ〜　おことわりだよ。\nそんなカッコ%1F悪いこと…。\fああ　でも%2F最後の%2F１人として\n%2F入部っていうのなら　いいかもね。,"¿Eh? Me temo que no.\nEs tan vulgar...\fAunque... si fuera el último\njugador que necesitas, puede\nque cambiase de opinión."
93911004,じゃくしょう,"Pche, no sé de qué vas. Demasiado\norgullo tienes para ser miembro\nde un equipo tan malo."
93911004,ｬおっと。\nだれが%2F部員になったのか\nバインダーに　%2F記録しなきゃな！\fついでに　%2F部員になったヤツ%2F以外で\nいっしょにサッカーをした%2F相手も\n%2F記録しておこう！,¡Ya tenemos 11 jugadores!\nVamos a la caseta a avisar\na los chicos.
93911004,ｸ「メガネのヒーローが\n　%2F弱小サッカー%1F部を%1F救った！！」なんて\nなんだか　カッコいいじゃないか。\fその%1F時はついでに　エースナンバーも\nボクがもらってやるよ！\nあっはっは。,"¿Uh? Si vienes con tres... Eso\nsignifica que yo soy el último\nque necesitas, ¿cierto?\f¿Tanta falta te hago? En fin,\nsi no hay más remedio... Pero\ntengo una condición."
93911004,�ホント？\nそこまでされちゃ%2F仕方ないね。\n%2F入部してあげよう。\f…%2F練習？\nそんなのエースには%2F必要ないだろ。\nそれじゃ　これからよろしくたのむよ。,"¿Sí? Con tantas facilidades\nno puedo rechazar tu oferta...\nVale, jugaré en tu equipo.\f¿Entrenar? Los ases no necesitan\nentrenarse... Venga, muchos\nánimos, chicos."
97000001,$それじゃ　やめておきますね。,¡Escoge una habilidad!
97000001,%1F他をさがしますか？,¡Muy bien! ¡Haré la búsqueda\nlo más rápido posible!
97000001,%2F属性を%1F選んでね！,¡Escoge una posición!
97000001,%2F能力を%1F選んでね！,¡Escoge un club!
97000001,",どこから%1F引き%1F抜きたいのかしら？",¿Te interesa este jugador?
97000001,0%1F同じ%2F条件でもう１%1F度さがしますね！,¿Crees que podrás encontrar\nal jugador que necesitas?
97000001,0%2F選手の%2F名前を　%1F教えてください！,¿Cómo quieres hacer la búsqueda?
97000001,4%1F気になる%2F選手は\n%1F見つかりそうですか？,¡Dime cómo le llaman al jugador!
97000001,4この%1F人を　チームに\nさそっちゃいますか？,"Vale, lo dejo estar."
97000001,<あっ！　この%1F人は\nもうチームにいるみたいですね。,¡Dime el nombre del jugador!
97000001,<わかりました！\nスッゴイ%2F選手を%1F見つけてきますね！,¡Escoge una afinidad!
97000001,@この%1F人をさそうには\nゆうじょうポイントが　たりません！,¿Invitamos a este jugador a\nque venga al equipo?
97000001,P%1F気に%1F入ってもらえて\nよかったです！\nうまくさそえると　いいですね！,¿Quieres buscar a otros\njugadores?
97000001,Pスカウトの%2F結果が%1F見たいときは\nいつでも　%1F声をかけてくださいね！,¡Voy a volver a buscar siguiendo\nlas mismas condiciones!
97000001,この%1F人でいいですか？,¡Vale! Este jugador ya \nte está esperando.
97000001,このチームからでいいの？,¡No tienes suficientes puntos\nde Amistad para invitar a\neste jugador!
97000001,クラブを%1F選んでね！,¡Dime cómo llaman al jugador!
97000001,ポジションを%1F選んでね！,¿Qué tipo de jugador buscas?
97000002,$それじゃ　やめておきますね。,¡Escoge una habilidad!
97000002,%1F他をさがしますか？,¡Muy bien! ¡Haré la búsqueda\nlo más rápido posible!
97000002,%2F属性を%1F選んでね！,¡Escoge una posición!
97000002,%2F能力を%1F選んでね！,¡Escoge un club!
97000002,",どこから%1F引き%1F抜きたいのかしら？",¿Te interesa este jugador?
97000002,0%1F同じ%2F条件でもう１%1F度さがしますね！,¿Crees que podrás encontrar\nal jugador que necesitas?
97000002,0%2F選手の%2F名前を　%1F教えてください！,¿Cómo quieres hacer la búsqueda?
97000002,4%1F気になる%2F選手は\n%1F見つかりそうですか？,¡Dime cómo le llaman al jugador!
97000002,4この%1F人を　チームに\nさそっちゃいますか？,"Vale, lo dejo estar."
97000002,<あっ！　この%1F人は\nもうチームにいるみたいですね。,¡Dime el nombre del jugador!
97000002,<わかりました！\nスッゴイ%2F選手を%1F見つけてきますね！,¡Escoge una afinidad!
97000002,@この%1F人をさそうには\nゆうじょうポイントが　たりません！,¿Invitamos a este jugador a\nque venga al equipo?
97000002,P%1F気に%1F入ってもらえて\nよかったです！\nうまくさそえると　いいですね！,¿Quieres buscar a otros\njugadores?
97000002,Pスカウトの%2F結果が%1F見たいときは\nいつでも　%1F声をかけてくださいね！,¡Voy a volver a buscar siguiendo\nlas mismas condiciones!
97000002,この%1F人でいいですか？,¡Vale! Este jugador ya \nte está esperando.
97000002,このチームからでいいの？,¡No tienes suficientes puntos\nde Amistad para invitar a\neste jugador!
97000002,クラブを%1F選んでね！,¡Dime cómo llaman al jugador!
97000002,ポジションを%1F選んでね！,¿Qué tipo de jugador buscas?
97000003,$それじゃ　やめておきますね。,¡Escoge una habilidad!
97000003,%1F他をさがしますか？,¡Muy bien! ¡Haré la búsqueda\nlo más rápido posible!
97000003,%2F属性を%1F選んでね！,¡Escoge una posición!
97000003,%2F能力を%1F選んでね！,¡Escoge un club!
97000003,",どこから%1F引き%1F抜きたいのかしら？",¿Te interesa este jugador?
97000003,0%1F同じ%2F条件でもう１%1F度さがしますね！,¿Crees que podrás encontrar\nal jugador que necesitas?
97000003,0%2F選手の%2F名前を　%1F教えてください！,¿Cómo quieres hacer la búsqueda?
97000003,4%1F気になる%2F選手は\n%1F見つかりそうですか？,¡Dime cómo le llaman al jugador!
97000003,4この%1F人を　チームに\nさそっちゃいますか？,"Vale, lo dejo estar."
97000003,<あっ！　この%1F人は\nもうチームにいるみたいですね。,¡Dime el nombre del jugador!
97000003,<わかりました！\nスッゴイ%2F選手を%1F見つけてきますね！,¡Escoge una afinidad!
97000003,@この%1F人をさそうには\nゆうじょうポイントが　たりません！,¿Invitamos a este jugador a\nque venga al equipo?
97000003,P%1F気に%1F入ってもらえて\nよかったです！\nうまくさそえると　いいですね！,¿Quieres buscar a otros\njugadores?
97000003,Pスカウトの%2F結果が%1F見たいときは\nいつでも　%1F声をかけてくださいね！,¡Voy a volver a buscar siguiendo\nlas mismas condiciones!
97000003,この%1F人でいいですか？,¡Vale! Este jugador ya \nte está esperando.
97000003,このチームからでいいの？,¡No tienes suficientes puntos\nde Amistad para invitar a\neste jugador!
97000003,クラブを%1F選んでね！,¡Dime cómo llaman al jugador!
97000003,ポジションを%1F選んでね！,¿Qué tipo de jugador buscas?
97000005,$それじゃ　やめておきますね。,¡Escoge una habilidad!
97000005,%1F他をさがしますか？,¡Muy bien! ¡Haré la búsqueda\nlo más rápido posible!
97000005,%2F属性を%1F選んでね！,¡Escoge una posición!
97000005,%2F能力を%1F選んでね！,¡Escoge un club!
97000005,",どこから%1F引き%1F抜きたいのかしら？",¿Te interesa este jugador?
97000005,0%1F同じ%2F条件でもう１%1F度さがしますね！,¿Crees que podrás encontrar\nal jugador que necesitas?
97000005,0%2F選手の%2F名前を　%1F教えてください！,¿Cómo quieres hacer la búsqueda?
97000005,4%1F気になる%2F選手は\n%1F見つかりそうですか？,¡Dime cómo le llaman al jugador!
97000005,4この%1F人を　チームに\nさそっちゃいますか？,"Vale, lo dejo estar."
97000005,<あっ！　この%1F人は\nもうチームにいるみたいですね。,¡Dime el nombre del jugador!
97000005,<わかりました！\nスッゴイ%2F選手を%1F見つけてきますね！,¡Escoge una afinidad!
97000005,@この%1F人をさそうには\nゆうじょうポイントが　たりません！,¿Invitamos a este jugador a\nque venga al equipo?
97000005,P%1F気に%1F入ってもらえて\nよかったです！\nうまくさそえると　いいですね！,¿Quieres buscar a otros\njugadores?
97000005,Pスカウトの%2F結果が%1F見たいときは\nいつでも　%1F声をかけてくださいね！,¡Voy a volver a buscar siguiendo\nlas mismas condiciones!
97000005,この%1F人でいいですか？,¡Vale! Este jugador ya \nte está esperando.
97000005,このチームからでいいの？,¡No tienes suficientes puntos\nde Amistad para invitar a\neste jugador!
97000005,クラブを%1F選んでね！,¡Dime cómo llaman al jugador!
97000005,ポジションを%1F選んでね！,¿Qué tipo de jugador buscas?
97000006,%s\nが仲間になった！,¡%s se te ha unido!
97000007,%s\nが仲間になった！,¡%s se te ha unido!
97000008,%s\nが仲間になった！,¡%s se te ha unido!
97000009,%s\nが仲間になった！,¡%s se te ha unido!
97000010,Xわたしはずっとさがしものを\nしているのだが…。\nまさかキミ…　%1F持ってないよな？,"Llevo mucho tiempo buscando\nunas cosas... No las tendrás\ntú por casualidad, ¿no?"
97000011,%s\nが仲間になった！,¡%s se te ha unido!
97000012,%s\nが仲間になった！,¡%s se te ha unido!
97000013,%s\nが仲間になった！,¡%s se te ha unido!
97000014,%s\nが仲間になった！,¡%s se te ha unido!
97130000,$それじゃ　やめておきますね。,¡Escoge una habilidad!
97130000,%1F他をさがしますか？,"Vale, lo dejo estar."
97130000,%2F属性を%1F選んでね！,¡Escoge un club!
97130000,%2F能力を%1F選んでね！,¿Qué tipo de jugador buscas?
97130000,",どこから%1F引き%1F抜きたいのかしら？",¡Voy a volver a buscar siguiendo\nlas mismas condiciones!
97130000,0%1F同じ%2F条件でもう１%1F度さがしますね！,¡Muy bien! ¡Haré la búsqueda\nlo más rápido posible!
97130000,0%2F選手の%2F名前を　%1F教えてください！,¡Escoge una posición!
97130000,4%1F気になる%2F選手は\n%1F見つかりそうですか？,¡Dime cómo le llaman al jugador!
97130000,4この%1F人を　チームに\nさそっちゃいますか？,¡Dime el nombre del jugador!
97130000,<わかりました！\nスッゴイ%2F選手を%1F見つけてきますね！,¡Escoge una afinidad!
97130000,@この%1F人をさそうには\nゆうじょうポイントが　たりません！,¡Vale! Este jugador ya \nte está esperando.
97130000,P%1F気に%1F入ってもらえて\nよかったです！\nうまくさそえると　いいですね！,¿Invitamos a este jugador a\nque venga al equipo?
97130000,Pスカウトの%2F結果が%1F見たいときは\nいつでも　%1F声をかけてくださいね！,¿Quieres buscar a otros\njugadores?
97130000,Tこのチームからは\nこれ%2F以上%1F引き%1F抜けないわ。\n%1F他のチームにしなさい。,¡Me alegra que sea de tu agrado!\n¡A ver si consigues que se una\na nuestro equipo!
97130000,いじょう,¡Habla conmigo siempre que\nquieras ver cómo me ha ido\nojeando!
97130000,この%1F人でいいですか？,¿Crees que podrás encontrar\nal jugador que necesitas?
97130000,このチームからでいいの？,¿Te interesa este jugador?
97130000,それじゃ　やめておくわ。,¡No tienes suficientes puntos\nde Amistad para invitar a\neste jugador!
97130000,ほか,¿De qué equipo quieres fichar?
97130000,クラブを%1F選んでね！,¿Cómo quieres hacer la búsqueda?
97130000,ポジションを%1F選んでね！,¡Dime cómo llaman al jugador!
97130100,$それじゃ　やめておきますね。,¡Escoge una habilidad!
97130100,%1F他をさがしますか？,"Vale, lo dejo estar."
97130100,%2F属性を%1F選んでね！,¡Escoge un club!
97130100,%2F能力を%1F選んでね！,¿Qué tipo de jugador buscas?
97130100,",どこから%1F引き%1F抜きたいのかしら？",¡Voy a volver a buscar siguiendo\nlas mismas condiciones!
97130100,0%1F同じ%2F条件でもう１%1F度さがしますね！,¡Muy bien! ¡Haré la búsqueda\nlo más rápido posible!
97130100,0%2F選手の%2F名前を　%1F教えてください！,¡Escoge una posición!
97130100,4%1F気になる%2F選手は\n%1F見つかりそうですか？,¡Dime cómo le llaman al jugador!
97130100,4この%1F人を　チームに\nさそっちゃいますか？,¡Dime el nombre del jugador!
97130100,<わかりました！\nスッゴイ%2F選手を%1F見つけてきますね！,¡Escoge una afinidad!
97130100,@この%1F人をさそうには\nゆうじょうポイントが　たりません！,¡Vale! Este jugador ya \nte está esperando.
97130100,P%1F気に%1F入ってもらえて\nよかったです！\nうまくさそえると　いいですね！,¿Invitamos a este jugador a\nque venga al equipo?
97130100,Pスカウトの%2F結果が%1F見たいときは\nいつでも　%1F声をかけてくださいね！,¿Quieres buscar a otros\njugadores?
97130100,Tこのチームからは\nこれ%2F以上%1F引き%1F抜けないわ。\n%1F他のチームにしなさい。,¡Me alegra que sea de tu agrado!\n¡A ver si consigues que se una\na nuestro equipo!
97130100,いじょう,¡Habla conmigo siempre que\nquieras ver cómo me ha ido\nojeando!
97130100,この%1F人でいいですか？,¿Crees que podrás encontrar\nal jugador que necesitas?
97130100,このチームからでいいの？,¿Te interesa este jugador?
97130100,それじゃ　やめておくわ。,¡No tienes suficientes puntos\nde Amistad para invitar a\neste jugador!
97130100,ほか,¿De qué equipo quieres fichar?
97130100,クラブを%1F選んでね！,¿Cómo quieres hacer la búsqueda?
97130100,ポジションを%1F選んでね！,¡Dime cómo llaman al jugador!
97130200,$それじゃ　やめておきますね。,¡Escoge una habilidad!
97130200,%1F他をさがしますか？,"Vale, lo dejo estar."
97130200,%2F属性を%1F選んでね！,¡Escoge un club!
97130200,%2F能力を%1F選んでね！,¿Qué tipo de jugador buscas?
97130200,",どこから%1F引き%1F抜きたいのかしら？",¡Voy a volver a buscar siguiendo\nlas mismas condiciones!
97130200,0%1F同じ%2F条件でもう１%1F度さがしますね！,¡Muy bien! ¡Haré la búsqueda\nlo más rápido posible!
97130200,0%2F選手の%2F名前を　%1F教えてください！,¡Escoge una posición!
97130200,4%1F気になる%2F選手は\n%1F見つかりそうですか？,¡Dime cómo le llaman al jugador!
97130200,4この%1F人を　チームに\nさそっちゃいますか？,¡Dime el nombre del jugador!
97130200,<わかりました！\nスッゴイ%2F選手を%1F見つけてきますね！,¡Escoge una afinidad!
97130200,@この%1F人をさそうには\nゆうじょうポイントが　たりません！,¡Vale! Este jugador ya \nte está esperando.
97130200,P%1F気に%1F入ってもらえて\nよかったです！\nうまくさそえると　いいですね！,¿Invitamos a este jugador a\nque venga al equipo?
97130200,Pスカウトの%2F結果が%1F見たいときは\nいつでも　%1F声をかけてくださいね！,¿Quieres buscar a otros\njugadores?
97130200,Tこのチームからは\nこれ%2F以上%1F引き%1F抜けないわ。\n%1F他のチームにしなさい。,¡Me alegra que sea de tu agrado!\n¡A ver si consigues que se una\na nuestro equipo!
97130200,いじょう,¡Habla conmigo siempre que\nquieras ver cómo me ha ido\nojeando!
97130200,この%1F人でいいですか？,¿Crees que podrás encontrar\nal jugador que necesitas?
97130200,このチームからでいいの？,¿Te interesa este jugador?
97130200,それじゃ　やめておくわ。,¡No tienes suficientes puntos\nde Amistad para invitar a\neste jugador!
97130200,ほか,¿De qué equipo quieres fichar?
97130200,クラブを%1F選んでね！,¿Cómo quieres hacer la búsqueda?
97130200,ポジションを%1F選んでね！,¡Dime cómo llaman al jugador!
97130300,$それじゃ　やめておきますね。,¡Escoge una habilidad!
97130300,%1F他をさがしますか？,"Vale, lo dejo estar."
97130300,%2F属性を%1F選んでね！,¡Escoge un club!
97130300,%2F能力を%1F選んでね！,¿Qué tipo de jugador buscas?
97130300,",どこから%1F引き%1F抜きたいのかしら？",¡Voy a volver a buscar siguiendo\nlas mismas condiciones!
97130300,0%1F同じ%2F条件でもう１%1F度さがしますね！,¡Muy bien! ¡Haré la búsqueda\nlo más rápido posible!
97130300,0%2F選手の%2F名前を　%1F教えてください！,¡Escoge una posición!
97130300,4%1F気になる%2F選手は\n%1F見つかりそうですか？,¡Dime cómo le llaman al jugador!
97130300,4この%1F人を　チームに\nさそっちゃいますか？,¡Dime el nombre del jugador!
97130300,<わかりました！\nスッゴイ%2F選手を%1F見つけてきますね！,¡Escoge una afinidad!
97130300,@この%1F人をさそうには\nゆうじょうポイントが　たりません！,¡Vale! Este jugador ya \nte está esperando.
97130300,P%1F気に%1F入ってもらえて\nよかったです！\nうまくさそえると　いいですね！,¿Invitamos a este jugador a\nque venga al equipo?
97130300,Pスカウトの%2F結果が%1F見たいときは\nいつでも　%1F声をかけてくださいね！,¿Quieres buscar a otros\njugadores?
97130300,Tこのチームからは\nこれ%2F以上%1F引き%1F抜けないわ。\n%1F他のチームにしなさい。,¡Me alegra que sea de tu agrado!\n¡A ver si consigues que se una\na nuestro equipo!
97130300,いじょう,¡Habla conmigo siempre que\nquieras ver cómo me ha ido\nojeando!
97130300,この%1F人でいいですか？,¿Crees que podrás encontrar\nal jugador que necesitas?
97130300,このチームからでいいの？,¿Te interesa este jugador?
97130300,それじゃ　やめておくわ。,¡No tienes suficientes puntos\nde Amistad para invitar a\neste jugador!
97130300,ほか,¿De qué equipo quieres fichar?
97130300,クラブを%1F選んでね！,¿Cómo quieres hacer la búsqueda?
97130300,ポジションを%1F選んでね！,¡Dime cómo llaman al jugador!
97130310,$それじゃ　やめておきますね。,¡Escoge una habilidad!
97130310,%1F他をさがしますか？,"Vale, lo dejo estar."
97130310,%2F属性を%1F選んでね！,¡Escoge un club!
97130310,%2F能力を%1F選んでね！,¿Qué tipo de jugador buscas?
97130310,",どこから%1F引き%1F抜きたいのかしら？",¡Voy a volver a buscar siguiendo\nlas mismas condiciones!
97130310,0%1F同じ%2F条件でもう１%1F度さがしますね！,¡Muy bien! ¡Haré la búsqueda\nlo más rápido posible!
97130310,0%2F選手の%2F名前を　%1F教えてください！,¡Escoge una posición!
97130310,4%1F気になる%2F選手は\n%1F見つかりそうですか？,¡Dime cómo le llaman al jugador!
97130310,4この%1F人を　チームに\nさそっちゃいますか？,¡Dime el nombre del jugador!
97130310,<わかりました！\nスッゴイ%2F選手を%1F見つけてきますね！,¡Escoge una afinidad!
97130310,@この%1F人をさそうには\nゆうじょうポイントが　たりません！,¡Vale! Este jugador ya \nte está esperando.
97130310,P%1F気に%1F入ってもらえて\nよかったです！\nうまくさそえると　いいですね！,¿Invitamos a este jugador a\nque venga al equipo?
97130310,Pスカウトの%2F結果が%1F見たいときは\nいつでも　%1F声をかけてくださいね！,¿Quieres buscar a otros\njugadores?
97130310,Tこのチームからは\nこれ%2F以上%1F引き%1F抜けないわ。\n%1F他のチームにしなさい。,¡Me alegra que sea de tu agrado!\n¡A ver si consigues que se una\na nuestro equipo!
97130310,いじょう,¡Habla conmigo siempre que\nquieras ver cómo me ha ido\nojeando!
97130310,この%1F人でいいですか？,¿Crees que podrás encontrar\nal jugador que necesitas?
97130310,このチームからでいいの？,¿Te interesa este jugador?
97130310,それじゃ　やめておくわ。,¡No tienes suficientes puntos\nde Amistad para invitar a\neste jugador!
97130310,ほか,¿De qué equipo quieres fichar?
97130310,クラブを%1F選んでね！,¿Cómo quieres hacer la búsqueda?
97130310,ポジションを%1F選んでね！,¡Dime cómo llaman al jugador!
97130400,$それじゃ　やめておきますね。,¡Escoge una habilidad!
97130400,%1F他をさがしますか？,"Vale, lo dejo estar."
97130400,%2F属性を%1F選んでね！,¡Escoge un club!
97130400,%2F能力を%1F選んでね！,¿Qué tipo de jugador buscas?
97130400,",どこから%1F引き%1F抜きたいのかしら？",¡Voy a volver a buscar siguiendo\nlas mismas condiciones!
97130400,0%1F同じ%2F条件でもう１%1F度さがしますね！,¡Muy bien! ¡Haré la búsqueda\nlo más rápido posible!
97130400,0%2F選手の%2F名前を　%1F教えてください！,¡Escoge una posición!
97130400,4%1F気になる%2F選手は\n%1F見つかりそうですか？,¡Dime cómo le llaman al jugador!
97130400,4この%1F人を　チームに\nさそっちゃいますか？,¡Dime el nombre del jugador!
97130400,<わかりました！\nスッゴイ%2F選手を%1F見つけてきますね！,¡Escoge una afinidad!
97130400,@この%1F人をさそうには\nゆうじょうポイントが　たりません！,¡Vale! Este jugador ya \nte está esperando.
97130400,P%1F気に%1F入ってもらえて\nよかったです！\nうまくさそえると　いいですね！,¿Invitamos a este jugador a\nque venga al equipo?
97130400,Pスカウトの%2F結果が%1F見たいときは\nいつでも　%1F声をかけてくださいね！,¿Quieres buscar a otros\njugadores?
97130400,Tこのチームからは\nこれ%2F以上%1F引き%1F抜けないわ。\n%1F他のチームにしなさい。,¡Me alegra que sea de tu agrado!\n¡A ver si consigues que se una\na nuestro equipo!
97130400,いじょう,¡Habla conmigo siempre que\nquieras ver cómo me ha ido\nojeando!
97130400,この%1F人でいいですか？,¿Crees que podrás encontrar\nal jugador que necesitas?
97130400,このチームからでいいの？,¿Te interesa este jugador?
97130400,それじゃ　やめておくわ。,¡No tienes suficientes puntos\nde Amistad para invitar a\neste jugador!
97130400,ほか,¿De qué equipo quieres fichar?
97130400,クラブを%1F選んでね！,¿Cómo quieres hacer la búsqueda?
97130400,ポジションを%1F選んでね！,¡Dime cómo llaman al jugador!
97130500,$それじゃ　やめておきますね。,¡Escoge una habilidad!
97130500,%1F他をさがしますか？,"Vale, lo dejo estar."
97130500,%2F属性を%1F選んでね！,¡Escoge un club!
97130500,%2F能力を%1F選んでね！,¿Qué tipo de jugador buscas?
97130500,",どこから%1F引き%1F抜きたいのかしら？",¡Voy a volver a buscar siguiendo\nlas mismas condiciones!
97130500,0%1F同じ%2F条件でもう%2F一度さがしますね！,¡Muy bien! ¡Haré la búsqueda\nlo más rápido posible!
97130500,0%2F選手の%2F名前を　%1F教えてください！,¡Escoge una posición!
97130500,4%1F気になる%2F選手は\n%1F見つかりそうですか？,¡Dime cómo le llaman al jugador!
97130500,4この%1F人を　チームに\nさそっちゃいますか？,¡Dime el nombre del jugador!
97130500,<わかりました！\nスッゴイ%2F選手を%1F見つけてきますね！,¡Escoge una afinidad!
97130500,@この%1F人をさそうには\nゆうじょうポイントが　たりません！,¡Vale! Este jugador ya \nte está esperando.
97130500,P%1F気に%1F入ってもらえて\nよかったです！\nうまくさそえると　いいですね！,¿Invitamos a este jugador a\nque venga al equipo?
97130500,Pスカウトの%2F結果が%1F見たいときは\nいつでも　%1F声をかけてくださいね！,¿Quieres buscar a otros\njugadores?
97130500,Tこのチームからは\nこれ%2F以上%1F引き%1F抜けないわ。\n%1F他のチームにしなさい。,¡Me alegra que sea de tu agrado!\n¡A ver si consigues que se una\na nuestro equipo!
97130500,この%1F人でいいですか？,¿Crees que podrás encontrar\nal jugador que necesitas?
97130500,このチームからでいいの？,¿Te interesa este jugador?
97130500,それじゃ　やめておくわ。,¡No tienes suficientes puntos\nde Amistad para invitar a\neste jugador!
97130500,クラブを%1F選んでね！,¿Cómo quieres hacer la búsqueda?
97130500,ポジションを%1F選んでね！,¡Dime cómo llaman al jugador!
97130510,$それじゃ　やめておきますね。,¡Escoge una habilidad!
97130510,%1F他をさがしますか？,"Vale, lo dejo estar."
97130510,%2F属性を%1F選んでね！,¡Escoge un club!
97130510,%2F能力を%1F選んでね！,¿Qué tipo de jugador buscas?
97130510,",どこから%1F引き%1F抜きたいのかしら？",¡Voy a volver a buscar siguiendo\nlas mismas condiciones!
97130510,0%1F同じ%2F条件でもう１%1F度さがしますね！,¡Muy bien! ¡Haré la búsqueda\nlo más rápido posible!
97130510,0%2F選手の%2F名前を　%1F教えてください！,¡Escoge una posición!
97130510,4%1F気になる%2F選手は\n%1F見つかりそうですか？,¡Dime cómo le llaman al jugador!
97130510,4この%1F人を　チームに\nさそっちゃいますか？,¡Dime el nombre del jugador!
97130510,<わかりました！\nスッゴイ%2F選手を%1F見つけてきますね！,¡Escoge una afinidad!
97130510,@この%1F人をさそうには\nゆうじょうポイントが　たりません！,¡Vale! Este jugador ya \nte está esperando.
97130510,P%1F気に%1F入ってもらえて\nよかったです！\nうまくさそえると　いいですね！,¿Invitamos a este jugador a\nque venga al equipo?
97130510,Pスカウトの%2F結果が%1F見たいときは\nいつでも　%1F声をかけてくださいね！,¿Quieres buscar a otros\njugadores?
97130510,Tこのチームからは\nこれ%2F以上%1F引き%1F抜けないわ。\n%1F他のチームにしなさい。,¡Me alegra que sea de tu agrado!\n¡A ver si consigues que se una\na nuestro equipo!
97130510,いじょう,¡Habla conmigo siempre que\nquieras ver cómo me ha ido\nojeando!
97130510,この%1F人でいいですか？,¿Crees que podrás encontrar\nal jugador que necesitas?
97130510,このチームからでいいの？,¿Te interesa este jugador?
97130510,それじゃ　やめておくわ。,¡No tienes suficientes puntos\nde Amistad para invitar a\neste jugador!
97130510,ほか,¿De qué equipo quieres fichar?
97130510,クラブを%1F選んでね！,¿Cómo quieres hacer la búsqueda?
97130510,ポジションを%1F選んでね！,¡Dime cómo llaman al jugador!
97130600,$それじゃ　やめておきますね。,¡Escoge una habilidad!
97130600,%1F他をさがしますか？,"Vale, lo dejo estar."
97130600,%2F属性を%1F選んでね！,¡Escoge un club!
97130600,%2F能力を%1F選んでね！,¿Qué tipo de jugador buscas?
97130600,",どこから%1F引き%1F抜きたいのかしら？",¡Voy a volver a buscar siguiendo\nlas mismas condiciones!
97130600,0%1F同じ%2F条件でもう１%1F度さがしますね！,¡Muy bien! ¡Haré la búsqueda\nlo más rápido posible!
97130600,0%2F選手の%2F名前を　%1F教えてください！,¡Escoge una posición!
97130600,4%1F気になる%2F選手は\n%1F見つかりそうですか？,¡Dime cómo le llaman al jugador!
97130600,4この%1F人を　チームに\nさそっちゃいますか？,¡Dime el nombre del jugador!
97130600,<わかりました！\nスッゴイ%2F選手を%1F見つけてきますね！,¡Escoge una afinidad!
97130600,@この%1F人をさそうには\nゆうじょうポイントが　たりません！,¡Vale! Este jugador ya \nte está esperando.
97130600,P%1F気に%1F入ってもらえて\nよかったです！\nうまくさそえると　いいですね！,¿Invitamos a este jugador a\nque venga al equipo?
97130600,Pスカウトの%2F結果が%1F見たいときは\nいつでも　%1F声をかけてくださいね！,¿Quieres buscar a otros\njugadores?
97130600,Tこのチームからは\nこれ%2F以上%1F引き%1F抜けないわ。\n%1F他のチームにしなさい。,¡Me alegra que sea de tu agrado!\n¡A ver si consigues que se una\na nuestro equipo!
97130600,いじょう,¡Habla conmigo siempre que\nquieras ver cómo me ha ido\nojeando!
97130600,この%1F人でいいですか？,¿Crees que podrás encontrar\nal jugador que necesitas?
97130600,このチームからでいいの？,¿Te interesa este jugador?
97130600,それじゃ　やめておくわ。,¡No tienes suficientes puntos\nde Amistad para invitar a\neste jugador!
97130600,ほか,¿De qué equipo quieres fichar?
97130600,クラブを%1F選んでね！,¿Cómo quieres hacer la búsqueda?
97130600,ポジションを%1F選んでね！,¡Dime cómo llaman al jugador!
97999999,%s\nが仲間になった！,¡%s se te ha unido!
97999999,0メガネくん\nがいっしょにいくことになった！,¡William Glass te acompañará!
97999999,8%2F土門　%2F飛鳥\nがいっしょにいくことになった！,¡Bobby Shearer te acompañará!
97999999,8%2F壁山　%3F塀吾郎\nがいっしょにいくことになった！,¡Jack Wallside te acompañará!
97999999,8%2F宍戸　%2F佐吉\nがいっしょにいくことになった！,¡Sam Kincaid se te ha unido!
97999999,8%2F染岡　%2F竜吾\nがいっしょにいくことになった！,¡Kevin Dragonfly se te ha unido!
97999999,8%2F栗松　%2F鉄平\nがいっしょにいくことになった！,¡Tod Ironside se te ha unido!
97999999,8%2F風丸　%3F一郎太\nがいっしょにいくことになった！,¡Nathan Swift te acompañará!
97999999,8%2F鬼道　%2F有人\nがいっしょにいくことになった！,¡Jude Sharp se te ha unido!
97999999,8%3F豪炎寺　%2F修也\nがいっしょにいくことになった！,¡Axel Blaze te acompañará!
